ISO-10303-21;
HEADER;
FILE_DESCRIPTION(('KiCad electronic assembly'),'2;1');
FILE_NAME('mod_Steuerkreis_ESP32.step','2026-05-14T16:22:16',('Pcbnew'),
  ('Kicad'),'Open CASCADE STEP processor 7.9','KiCad to STEP converter',
  'Unknown');
FILE_SCHEMA(('AUTOMOTIVE_DESIGN { 1 0 10303 214 1 1 1 1 }'));
ENDSEC;
DATA;
#1 = APPLICATION_PROTOCOL_DEFINITION('international standard',
  'automotive_design',2000,#2);
#2 = APPLICATION_CONTEXT(
  'core data for automotive mechanical design processes');
#3 = SHAPE_DEFINITION_REPRESENTATION(#4,#10);
#4 = PRODUCT_DEFINITION_SHAPE('','',#5);
#5 = PRODUCT_DEFINITION('design','',#6,#9);
#6 = PRODUCT_DEFINITION_FORMATION('','',#7);
#7 = PRODUCT('mod_Steuerkreis_ESP32 1','mod_Steuerkreis_ESP32 1','',(#8)
  );
#8 = PRODUCT_CONTEXT('',#2,'mechanical');
#9 = PRODUCT_DEFINITION_CONTEXT('part definition',#2,'design');
#10 = SHAPE_REPRESENTATION('',(#11,#15,#19,#23,#27,#31,#35),#39);
#11 = AXIS2_PLACEMENT_3D('',#12,#13,#14);
#12 = CARTESIAN_POINT('',(0.,0.,0.));
#13 = DIRECTION('',(0.,0.,1.));
#14 = DIRECTION('',(1.,0.,-0.));
#15 = AXIS2_PLACEMENT_3D('',#16,#17,#18);
#16 = CARTESIAN_POINT('',(103.1,-54.02,1.595));
#17 = DIRECTION('',(0.,0.,1.));
#18 = DIRECTION('',(-1.,1.224646799147E-16,0.));
#19 = AXIS2_PLACEMENT_3D('',#20,#21,#22);
#20 = CARTESIAN_POINT('',(126.2,-67.9,1.595));
#21 = DIRECTION('',(0.,-0.,1.));
#22 = DIRECTION('',(1.110223024625E-16,1.,0.));
#23 = AXIS2_PLACEMENT_3D('',#24,#25,#26);
#24 = CARTESIAN_POINT('',(123.25,-67.9,1.595));
#25 = DIRECTION('',(0.,-0.,1.));
#26 = DIRECTION('',(1.110223024625E-16,1.,0.));
#27 = AXIS2_PLACEMENT_3D('',#28,#29,#30);
#28 = CARTESIAN_POINT('',(127.,-59.85,1.595));
#29 = DIRECTION('',(0.,0.,1.));
#30 = DIRECTION('',(-1.,1.224646799147E-16,0.));
#31 = AXIS2_PLACEMENT_3D('',#32,#33,#34);
#32 = CARTESIAN_POINT('',(103.2,-64.18,1.595));
#33 = DIRECTION('',(0.,0.,1.));
#34 = DIRECTION('',(-1.,1.224646799147E-16,0.));
#35 = AXIS2_PLACEMENT_3D('',#36,#37,#38);
#36 = CARTESIAN_POINT('',(0.,0.,0.));
#37 = DIRECTION('',(0.,0.,1.));
#38 = DIRECTION('',(1.,0.,-0.));
#39 = ( GEOMETRIC_REPRESENTATION_CONTEXT(3) 
GLOBAL_UNCERTAINTY_ASSIGNED_CONTEXT((#43)) GLOBAL_UNIT_ASSIGNED_CONTEXT(
(#40,#41,#42)) REPRESENTATION_CONTEXT('Context #1',
  '3D Context with UNIT and UNCERTAINTY') );
#40 = ( LENGTH_UNIT() NAMED_UNIT(*) SI_UNIT(.MILLI.,.METRE.) );
#41 = ( NAMED_UNIT(*) PLANE_ANGLE_UNIT() SI_UNIT($,.RADIAN.) );
#42 = ( NAMED_UNIT(*) SI_UNIT($,.STERADIAN.) SOLID_ANGLE_UNIT() );
#43 = UNCERTAINTY_MEASURE_WITH_UNIT(LENGTH_MEASURE(1.E-07),#40,
  'distance_accuracy_value','confusion accuracy');
#44 = PRODUCT_RELATED_PRODUCT_CATEGORY('part',$,(#7));
#45 = SHAPE_DEFINITION_REPRESENTATION(#46,#52);
#46 = PRODUCT_DEFINITION_SHAPE('','',#47);
#47 = PRODUCT_DEFINITION('design','',#48,#51);
#48 = PRODUCT_DEFINITION_FORMATION('','',#49);
#49 = PRODUCT('PinHeader_1x05_P2.54mm_Vertical',
  'PinHeader_1x05_P2.54mm_Vertical','',(#50));
#50 = PRODUCT_CONTEXT('',#2,'mechanical');
#51 = PRODUCT_DEFINITION_CONTEXT('part definition',#2,'design');
#52 = ADVANCED_BREP_SHAPE_REPRESENTATION('',(#11,#53),#3507);
#53 = MANIFOLD_SOLID_BREP('',#54);
#54 = CLOSED_SHELL('',(#55,#95,#126,#157,#568,#979,#996,#1013,#1030,
    #1047,#1064,#1081,#1098,#1115,#1132,#1149,#1166,#1183,#1200,#1217,
    #1234,#1251,#1268,#1285,#1302,#1319,#1336,#1353,#1370,#1387,#1404,
    #1421,#1438,#1455,#1467,#1498,#1522,#1546,#1563,#1594,#1618,#1642,
    #1659,#1690,#1714,#1738,#1755,#1786,#1810,#1834,#1851,#1882,#1906,
    #1930,#1947,#1978,#2002,#2026,#2043,#2074,#2098,#2122,#2139,#2170,
    #2194,#2218,#2235,#2266,#2290,#2314,#2331,#2362,#2386,#2410,#2427,
    #2458,#2482,#2506,#2523,#2554,#2578,#2602,#2619,#2650,#2674,#2698,
    #2715,#2746,#2770,#2794,#2811,#2842,#2866,#2890,#2907,#2938,#2962,
    #2986,#3003,#3034,#3058,#3082,#3099,#3130,#3154,#3178,#3195,#3226,
    #3250,#3274,#3291,#3322,#3346,#3370,#3387,#3399,#3411,#3423,#3435,
    #3447,#3459,#3471,#3483,#3495));
#55 = ADVANCED_FACE('',(#56),#90,.F.);
#56 = FACE_BOUND('',#57,.F.);
#57 = EDGE_LOOP('',(#58,#68,#76,#84));
#58 = ORIENTED_EDGE('',*,*,#59,.T.);
#59 = EDGE_CURVE('',#60,#62,#64,.T.);
#60 = VERTEX_POINT('',#61);
#61 = CARTESIAN_POINT('',(-1.016,1.27,0.));
#62 = VERTEX_POINT('',#63);
#63 = CARTESIAN_POINT('',(-1.016,1.27,2.54));
#64 = LINE('',#65,#66);
#65 = CARTESIAN_POINT('',(-1.016,1.27,0.));
#66 = VECTOR('',#67,1.);
#67 = DIRECTION('',(0.,0.,1.));
#68 = ORIENTED_EDGE('',*,*,#69,.T.);
#69 = EDGE_CURVE('',#62,#70,#72,.T.);
#70 = VERTEX_POINT('',#71);
#71 = CARTESIAN_POINT('',(-1.27,1.016,2.54));
#72 = LINE('',#73,#74);
#73 = CARTESIAN_POINT('',(-1.016,1.27,2.54));
#74 = VECTOR('',#75,1.);
#75 = DIRECTION('',(-0.707106781187,-0.707106781187,0.));
#76 = ORIENTED_EDGE('',*,*,#77,.F.);
#77 = EDGE_CURVE('',#78,#70,#80,.T.);
#78 = VERTEX_POINT('',#79);
#79 = CARTESIAN_POINT('',(-1.27,1.016,0.));
#80 = LINE('',#81,#82);
#81 = CARTESIAN_POINT('',(-1.27,1.016,0.));
#82 = VECTOR('',#83,1.);
#83 = DIRECTION('',(0.,0.,1.));
#84 = ORIENTED_EDGE('',*,*,#85,.F.);
#85 = EDGE_CURVE('',#60,#78,#86,.T.);
#86 = LINE('',#87,#88);
#87 = CARTESIAN_POINT('',(-1.016,1.27,0.));
#88 = VECTOR('',#89,1.);
#89 = DIRECTION('',(-0.707106781187,-0.707106781187,0.));
#90 = PLANE('',#91);
#91 = AXIS2_PLACEMENT_3D('',#92,#93,#94);
#92 = CARTESIAN_POINT('',(-1.016,1.27,0.));
#93 = DIRECTION('',(0.707106781187,-0.707106781187,0.));
#94 = DIRECTION('',(-0.707106781187,-0.707106781187,0.));
#95 = ADVANCED_FACE('',(#96),#121,.F.);
#96 = FACE_BOUND('',#97,.F.);
#97 = EDGE_LOOP('',(#98,#108,#114,#115));
#98 = ORIENTED_EDGE('',*,*,#99,.T.);
#99 = EDGE_CURVE('',#100,#102,#104,.T.);
#100 = VERTEX_POINT('',#101);
#101 = CARTESIAN_POINT('',(1.016,1.27,0.));
#102 = VERTEX_POINT('',#103);
#103 = CARTESIAN_POINT('',(1.016,1.27,2.54));
#104 = LINE('',#105,#106);
#105 = CARTESIAN_POINT('',(1.016,1.27,0.));
#106 = VECTOR('',#107,1.);
#107 = DIRECTION('',(0.,0.,1.));
#108 = ORIENTED_EDGE('',*,*,#109,.T.);
#109 = EDGE_CURVE('',#102,#62,#110,.T.);
#110 = LINE('',#111,#112);
#111 = CARTESIAN_POINT('',(1.016,1.27,2.54));
#112 = VECTOR('',#113,1.);
#113 = DIRECTION('',(-1.,0.,0.));
#114 = ORIENTED_EDGE('',*,*,#59,.F.);
#115 = ORIENTED_EDGE('',*,*,#116,.F.);
#116 = EDGE_CURVE('',#100,#60,#117,.T.);
#117 = LINE('',#118,#119);
#118 = CARTESIAN_POINT('',(1.016,1.27,0.));
#119 = VECTOR('',#120,1.);
#120 = DIRECTION('',(-1.,0.,0.));
#121 = PLANE('',#122);
#122 = AXIS2_PLACEMENT_3D('',#123,#124,#125);
#123 = CARTESIAN_POINT('',(1.016,1.27,0.));
#124 = DIRECTION('',(0.,-1.,0.));
#125 = DIRECTION('',(-1.,0.,0.));
#126 = ADVANCED_FACE('',(#127),#152,.F.);
#127 = FACE_BOUND('',#128,.F.);
#128 = EDGE_LOOP('',(#129,#130,#138,#146));
#129 = ORIENTED_EDGE('',*,*,#77,.T.);
#130 = ORIENTED_EDGE('',*,*,#131,.T.);
#131 = EDGE_CURVE('',#70,#132,#134,.T.);
#132 = VERTEX_POINT('',#133);
#133 = CARTESIAN_POINT('',(-1.27,-1.016,2.54));
#134 = LINE('',#135,#136);
#135 = CARTESIAN_POINT('',(-1.27,1.016,2.54));
#136 = VECTOR('',#137,1.);
#137 = DIRECTION('',(0.,-1.,0.));
#138 = ORIENTED_EDGE('',*,*,#139,.F.);
#139 = EDGE_CURVE('',#140,#132,#142,.T.);
#140 = VERTEX_POINT('',#141);
#141 = CARTESIAN_POINT('',(-1.27,-1.016,0.));
#142 = LINE('',#143,#144);
#143 = CARTESIAN_POINT('',(-1.27,-1.016,0.));
#144 = VECTOR('',#145,1.);
#145 = DIRECTION('',(0.,0.,1.));
#146 = ORIENTED_EDGE('',*,*,#147,.F.);
#147 = EDGE_CURVE('',#78,#140,#148,.T.);
#148 = LINE('',#149,#150);
#149 = CARTESIAN_POINT('',(-1.27,1.016,0.));
#150 = VECTOR('',#151,1.);
#151 = DIRECTION('',(0.,-1.,0.));
#152 = PLANE('',#153);
#153 = AXIS2_PLACEMENT_3D('',#154,#155,#156);
#154 = CARTESIAN_POINT('',(-1.27,1.016,0.));
#155 = DIRECTION('',(1.,0.,0.));
#156 = DIRECTION('',(0.,-1.,0.));
#157 = ADVANCED_FACE('',(#158,#393,#427,#461,#495,#529),#563,.F.);
#158 = FACE_BOUND('',#159,.F.);
#159 = EDGE_LOOP('',(#160,#161,#162,#170,#178,#186,#194,#202,#210,#218,
    #226,#234,#242,#250,#258,#266,#274,#282,#290,#298,#306,#314,#322,
    #330,#338,#346,#354,#362,#370,#378,#386,#392));
#160 = ORIENTED_EDGE('',*,*,#85,.T.);
#161 = ORIENTED_EDGE('',*,*,#147,.T.);
#162 = ORIENTED_EDGE('',*,*,#163,.T.);
#163 = EDGE_CURVE('',#140,#164,#166,.T.);
#164 = VERTEX_POINT('',#165);
#165 = CARTESIAN_POINT('',(-1.016,-1.27,0.));
#166 = LINE('',#167,#168);
#167 = CARTESIAN_POINT('',(-1.27,-1.016,0.));
#168 = VECTOR('',#169,1.);
#169 = DIRECTION('',(0.707106781187,-0.707106781187,0.));
#170 = ORIENTED_EDGE('',*,*,#171,.T.);
#171 = EDGE_CURVE('',#164,#172,#174,.T.);
#172 = VERTEX_POINT('',#173);
#173 = CARTESIAN_POINT('',(-1.27,-1.524,0.));
#174 = LINE('',#175,#176);
#175 = CARTESIAN_POINT('',(-1.016,-1.27,0.));
#176 = VECTOR('',#177,1.);
#177 = DIRECTION('',(-0.707106781187,-0.707106781187,0.));
#178 = ORIENTED_EDGE('',*,*,#179,.T.);
#179 = EDGE_CURVE('',#172,#180,#182,.T.);
#180 = VERTEX_POINT('',#181);
#181 = CARTESIAN_POINT('',(-1.27,-3.556,0.));
#182 = LINE('',#183,#184);
#183 = CARTESIAN_POINT('',(-1.27,-1.524,0.));
#184 = VECTOR('',#185,1.);
#185 = DIRECTION('',(0.,-1.,0.));
#186 = ORIENTED_EDGE('',*,*,#187,.T.);
#187 = EDGE_CURVE('',#180,#188,#190,.T.);
#188 = VERTEX_POINT('',#189);
#189 = CARTESIAN_POINT('',(-1.016,-3.81,0.));
#190 = LINE('',#191,#192);
#191 = CARTESIAN_POINT('',(-1.27,-3.556,0.));
#192 = VECTOR('',#193,1.);
#193 = DIRECTION('',(0.707106781187,-0.707106781187,0.));
#194 = ORIENTED_EDGE('',*,*,#195,.T.);
#195 = EDGE_CURVE('',#188,#196,#198,.T.);
#196 = VERTEX_POINT('',#197);
#197 = CARTESIAN_POINT('',(-1.27,-4.064,0.));
#198 = LINE('',#199,#200);
#199 = CARTESIAN_POINT('',(-1.016,-3.81,0.));
#200 = VECTOR('',#201,1.);
#201 = DIRECTION('',(-0.707106781187,-0.707106781187,0.));
#202 = ORIENTED_EDGE('',*,*,#203,.T.);
#203 = EDGE_CURVE('',#196,#204,#206,.T.);
#204 = VERTEX_POINT('',#205);
#205 = CARTESIAN_POINT('',(-1.27,-6.096,0.));
#206 = LINE('',#207,#208);
#207 = CARTESIAN_POINT('',(-1.27,-4.064,0.));
#208 = VECTOR('',#209,1.);
#209 = DIRECTION('',(0.,-1.,0.));
#210 = ORIENTED_EDGE('',*,*,#211,.T.);
#211 = EDGE_CURVE('',#204,#212,#214,.T.);
#212 = VERTEX_POINT('',#213);
#213 = CARTESIAN_POINT('',(-1.016,-6.35,0.));
#214 = LINE('',#215,#216);
#215 = CARTESIAN_POINT('',(-1.27,-6.096,0.));
#216 = VECTOR('',#217,1.);
#217 = DIRECTION('',(0.707106781187,-0.707106781187,0.));
#218 = ORIENTED_EDGE('',*,*,#219,.T.);
#219 = EDGE_CURVE('',#212,#220,#222,.T.);
#220 = VERTEX_POINT('',#221);
#221 = CARTESIAN_POINT('',(-1.27,-6.604,0.));
#222 = LINE('',#223,#224);
#223 = CARTESIAN_POINT('',(-1.016,-6.35,0.));
#224 = VECTOR('',#225,1.);
#225 = DIRECTION('',(-0.707106781187,-0.707106781187,0.));
#226 = ORIENTED_EDGE('',*,*,#227,.T.);
#227 = EDGE_CURVE('',#220,#228,#230,.T.);
#228 = VERTEX_POINT('',#229);
#229 = CARTESIAN_POINT('',(-1.27,-8.636,0.));
#230 = LINE('',#231,#232);
#231 = CARTESIAN_POINT('',(-1.27,-6.604,0.));
#232 = VECTOR('',#233,1.);
#233 = DIRECTION('',(0.,-1.,0.));
#234 = ORIENTED_EDGE('',*,*,#235,.T.);
#235 = EDGE_CURVE('',#228,#236,#238,.T.);
#236 = VERTEX_POINT('',#237);
#237 = CARTESIAN_POINT('',(-1.016,-8.89,0.));
#238 = LINE('',#239,#240);
#239 = CARTESIAN_POINT('',(-1.27,-8.636,0.));
#240 = VECTOR('',#241,1.);
#241 = DIRECTION('',(0.707106781187,-0.707106781187,0.));
#242 = ORIENTED_EDGE('',*,*,#243,.T.);
#243 = EDGE_CURVE('',#236,#244,#246,.T.);
#244 = VERTEX_POINT('',#245);
#245 = CARTESIAN_POINT('',(-1.27,-9.144,0.));
#246 = LINE('',#247,#248);
#247 = CARTESIAN_POINT('',(-1.016,-8.89,0.));
#248 = VECTOR('',#249,1.);
#249 = DIRECTION('',(-0.707106781187,-0.707106781187,0.));
#250 = ORIENTED_EDGE('',*,*,#251,.T.);
#251 = EDGE_CURVE('',#244,#252,#254,.T.);
#252 = VERTEX_POINT('',#253);
#253 = CARTESIAN_POINT('',(-1.27,-11.176,0.));
#254 = LINE('',#255,#256);
#255 = CARTESIAN_POINT('',(-1.27,-9.144,0.));
#256 = VECTOR('',#257,1.);
#257 = DIRECTION('',(0.,-1.,0.));
#258 = ORIENTED_EDGE('',*,*,#259,.T.);
#259 = EDGE_CURVE('',#252,#260,#262,.T.);
#260 = VERTEX_POINT('',#261);
#261 = CARTESIAN_POINT('',(-1.016,-11.43,0.));
#262 = LINE('',#263,#264);
#263 = CARTESIAN_POINT('',(-1.27,-11.176,0.));
#264 = VECTOR('',#265,1.);
#265 = DIRECTION('',(0.707106781187,-0.707106781187,0.));
#266 = ORIENTED_EDGE('',*,*,#267,.T.);
#267 = EDGE_CURVE('',#260,#268,#270,.T.);
#268 = VERTEX_POINT('',#269);
#269 = CARTESIAN_POINT('',(1.016,-11.43,0.));
#270 = LINE('',#271,#272);
#271 = CARTESIAN_POINT('',(-1.016,-11.43,0.));
#272 = VECTOR('',#273,1.);
#273 = DIRECTION('',(1.,0.,0.));
#274 = ORIENTED_EDGE('',*,*,#275,.T.);
#275 = EDGE_CURVE('',#268,#276,#278,.T.);
#276 = VERTEX_POINT('',#277);
#277 = CARTESIAN_POINT('',(1.27,-11.176,0.));
#278 = LINE('',#279,#280);
#279 = CARTESIAN_POINT('',(1.016,-11.43,0.));
#280 = VECTOR('',#281,1.);
#281 = DIRECTION('',(0.707106781187,0.707106781187,0.));
#282 = ORIENTED_EDGE('',*,*,#283,.T.);
#283 = EDGE_CURVE('',#276,#284,#286,.T.);
#284 = VERTEX_POINT('',#285);
#285 = CARTESIAN_POINT('',(1.27,-9.144,0.));
#286 = LINE('',#287,#288);
#287 = CARTESIAN_POINT('',(1.27,-11.176,0.));
#288 = VECTOR('',#289,1.);
#289 = DIRECTION('',(0.,1.,0.));
#290 = ORIENTED_EDGE('',*,*,#291,.T.);
#291 = EDGE_CURVE('',#284,#292,#294,.T.);
#292 = VERTEX_POINT('',#293);
#293 = CARTESIAN_POINT('',(1.016,-8.89,0.));
#294 = LINE('',#295,#296);
#295 = CARTESIAN_POINT('',(1.27,-9.144,0.));
#296 = VECTOR('',#297,1.);
#297 = DIRECTION('',(-0.707106781187,0.707106781187,0.));
#298 = ORIENTED_EDGE('',*,*,#299,.T.);
#299 = EDGE_CURVE('',#292,#300,#302,.T.);
#300 = VERTEX_POINT('',#301);
#301 = CARTESIAN_POINT('',(1.27,-8.636,0.));
#302 = LINE('',#303,#304);
#303 = CARTESIAN_POINT('',(1.016,-8.89,0.));
#304 = VECTOR('',#305,1.);
#305 = DIRECTION('',(0.707106781187,0.707106781187,0.));
#306 = ORIENTED_EDGE('',*,*,#307,.T.);
#307 = EDGE_CURVE('',#300,#308,#310,.T.);
#308 = VERTEX_POINT('',#309);
#309 = CARTESIAN_POINT('',(1.27,-6.604,0.));
#310 = LINE('',#311,#312);
#311 = CARTESIAN_POINT('',(1.27,-8.636,0.));
#312 = VECTOR('',#313,1.);
#313 = DIRECTION('',(0.,1.,0.));
#314 = ORIENTED_EDGE('',*,*,#315,.T.);
#315 = EDGE_CURVE('',#308,#316,#318,.T.);
#316 = VERTEX_POINT('',#317);
#317 = CARTESIAN_POINT('',(1.016,-6.35,0.));
#318 = LINE('',#319,#320);
#319 = CARTESIAN_POINT('',(1.27,-6.604,0.));
#320 = VECTOR('',#321,1.);
#321 = DIRECTION('',(-0.707106781187,0.707106781187,0.));
#322 = ORIENTED_EDGE('',*,*,#323,.T.);
#323 = EDGE_CURVE('',#316,#324,#326,.T.);
#324 = VERTEX_POINT('',#325);
#325 = CARTESIAN_POINT('',(1.27,-6.096,0.));
#326 = LINE('',#327,#328);
#327 = CARTESIAN_POINT('',(1.016,-6.35,0.));
#328 = VECTOR('',#329,1.);
#329 = DIRECTION('',(0.707106781187,0.707106781187,0.));
#330 = ORIENTED_EDGE('',*,*,#331,.T.);
#331 = EDGE_CURVE('',#324,#332,#334,.T.);
#332 = VERTEX_POINT('',#333);
#333 = CARTESIAN_POINT('',(1.27,-4.064,0.));
#334 = LINE('',#335,#336);
#335 = CARTESIAN_POINT('',(1.27,-6.096,0.));
#336 = VECTOR('',#337,1.);
#337 = DIRECTION('',(0.,1.,0.));
#338 = ORIENTED_EDGE('',*,*,#339,.T.);
#339 = EDGE_CURVE('',#332,#340,#342,.T.);
#340 = VERTEX_POINT('',#341);
#341 = CARTESIAN_POINT('',(1.016,-3.81,0.));
#342 = LINE('',#343,#344);
#343 = CARTESIAN_POINT('',(1.27,-4.064,0.));
#344 = VECTOR('',#345,1.);
#345 = DIRECTION('',(-0.707106781187,0.707106781187,0.));
#346 = ORIENTED_EDGE('',*,*,#347,.T.);
#347 = EDGE_CURVE('',#340,#348,#350,.T.);
#348 = VERTEX_POINT('',#349);
#349 = CARTESIAN_POINT('',(1.27,-3.556,0.));
#350 = LINE('',#351,#352);
#351 = CARTESIAN_POINT('',(1.016,-3.81,0.));
#352 = VECTOR('',#353,1.);
#353 = DIRECTION('',(0.707106781187,0.707106781187,0.));
#354 = ORIENTED_EDGE('',*,*,#355,.T.);
#355 = EDGE_CURVE('',#348,#356,#358,.T.);
#356 = VERTEX_POINT('',#357);
#357 = CARTESIAN_POINT('',(1.27,-1.524,0.));
#358 = LINE('',#359,#360);
#359 = CARTESIAN_POINT('',(1.27,-3.556,0.));
#360 = VECTOR('',#361,1.);
#361 = DIRECTION('',(0.,1.,0.));
#362 = ORIENTED_EDGE('',*,*,#363,.T.);
#363 = EDGE_CURVE('',#356,#364,#366,.T.);
#364 = VERTEX_POINT('',#365);
#365 = CARTESIAN_POINT('',(1.016,-1.27,0.));
#366 = LINE('',#367,#368);
#367 = CARTESIAN_POINT('',(1.27,-1.524,0.));
#368 = VECTOR('',#369,1.);
#369 = DIRECTION('',(-0.707106781187,0.707106781187,0.));
#370 = ORIENTED_EDGE('',*,*,#371,.T.);
#371 = EDGE_CURVE('',#364,#372,#374,.T.);
#372 = VERTEX_POINT('',#373);
#373 = CARTESIAN_POINT('',(1.27,-1.016,0.));
#374 = LINE('',#375,#376);
#375 = CARTESIAN_POINT('',(1.016,-1.27,0.));
#376 = VECTOR('',#377,1.);
#377 = DIRECTION('',(0.707106781187,0.707106781187,0.));
#378 = ORIENTED_EDGE('',*,*,#379,.T.);
#379 = EDGE_CURVE('',#372,#380,#382,.T.);
#380 = VERTEX_POINT('',#381);
#381 = CARTESIAN_POINT('',(1.27,1.016,0.));
#382 = LINE('',#383,#384);
#383 = CARTESIAN_POINT('',(1.27,-1.016,0.));
#384 = VECTOR('',#385,1.);
#385 = DIRECTION('',(0.,1.,0.));
#386 = ORIENTED_EDGE('',*,*,#387,.T.);
#387 = EDGE_CURVE('',#380,#100,#388,.T.);
#388 = LINE('',#389,#390);
#389 = CARTESIAN_POINT('',(1.27,1.016,0.));
#390 = VECTOR('',#391,1.);
#391 = DIRECTION('',(-0.707106781187,0.707106781187,0.));
#392 = ORIENTED_EDGE('',*,*,#116,.T.);
#393 = FACE_BOUND('',#394,.F.);
#394 = EDGE_LOOP('',(#395,#405,#413,#421));
#395 = ORIENTED_EDGE('',*,*,#396,.F.);
#396 = EDGE_CURVE('',#397,#399,#401,.T.);
#397 = VERTEX_POINT('',#398);
#398 = CARTESIAN_POINT('',(0.32,-0.32,0.));
#399 = VERTEX_POINT('',#400);
#400 = CARTESIAN_POINT('',(0.32,0.32,0.));
#401 = LINE('',#402,#403);
#402 = CARTESIAN_POINT('',(0.32,-2.7,0.));
#403 = VECTOR('',#404,1.);
#404 = DIRECTION('',(0.,1.,0.));
#405 = ORIENTED_EDGE('',*,*,#406,.T.);
#406 = EDGE_CURVE('',#397,#407,#409,.T.);
#407 = VERTEX_POINT('',#408);
#408 = CARTESIAN_POINT('',(-0.32,-0.32,0.));
#409 = LINE('',#410,#411);
#410 = CARTESIAN_POINT('',(-0.16,-0.32,0.));
#411 = VECTOR('',#412,1.);
#412 = DIRECTION('',(-1.,0.,0.));
#413 = ORIENTED_EDGE('',*,*,#414,.T.);
#414 = EDGE_CURVE('',#407,#415,#417,.T.);
#415 = VERTEX_POINT('',#416);
#416 = CARTESIAN_POINT('',(-0.32,0.32,0.));
#417 = LINE('',#418,#419);
#418 = CARTESIAN_POINT('',(-0.32,-2.7,0.));
#419 = VECTOR('',#420,1.);
#420 = DIRECTION('',(0.,1.,0.));
#421 = ORIENTED_EDGE('',*,*,#422,.F.);
#422 = EDGE_CURVE('',#399,#415,#423,.T.);
#423 = LINE('',#424,#425);
#424 = CARTESIAN_POINT('',(-0.16,0.32,0.));
#425 = VECTOR('',#426,1.);
#426 = DIRECTION('',(-1.,0.,0.));
#427 = FACE_BOUND('',#428,.F.);
#428 = EDGE_LOOP('',(#429,#439,#447,#455));
#429 = ORIENTED_EDGE('',*,*,#430,.F.);
#430 = EDGE_CURVE('',#431,#433,#435,.T.);
#431 = VERTEX_POINT('',#432);
#432 = CARTESIAN_POINT('',(0.32,-2.22,0.));
#433 = VERTEX_POINT('',#434);
#434 = CARTESIAN_POINT('',(-0.32,-2.22,0.));
#435 = LINE('',#436,#437);
#436 = CARTESIAN_POINT('',(-0.16,-2.22,0.));
#437 = VECTOR('',#438,1.);
#438 = DIRECTION('',(-1.,0.,0.));
#439 = ORIENTED_EDGE('',*,*,#440,.F.);
#440 = EDGE_CURVE('',#441,#431,#443,.T.);
#441 = VERTEX_POINT('',#442);
#442 = CARTESIAN_POINT('',(0.32,-2.86,0.));
#443 = LINE('',#444,#445);
#444 = CARTESIAN_POINT('',(0.32,-3.97,0.));
#445 = VECTOR('',#446,1.);
#446 = DIRECTION('',(0.,1.,0.));
#447 = ORIENTED_EDGE('',*,*,#448,.T.);
#448 = EDGE_CURVE('',#441,#449,#451,.T.);
#449 = VERTEX_POINT('',#450);
#450 = CARTESIAN_POINT('',(-0.32,-2.86,0.));
#451 = LINE('',#452,#453);
#452 = CARTESIAN_POINT('',(-0.16,-2.86,0.));
#453 = VECTOR('',#454,1.);
#454 = DIRECTION('',(-1.,0.,0.));
#455 = ORIENTED_EDGE('',*,*,#456,.T.);
#456 = EDGE_CURVE('',#449,#433,#457,.T.);
#457 = LINE('',#458,#459);
#458 = CARTESIAN_POINT('',(-0.32,-3.97,0.));
#459 = VECTOR('',#460,1.);
#460 = DIRECTION('',(0.,1.,0.));
#461 = FACE_BOUND('',#462,.F.);
#462 = EDGE_LOOP('',(#463,#473,#481,#489));
#463 = ORIENTED_EDGE('',*,*,#464,.F.);
#464 = EDGE_CURVE('',#465,#467,#469,.T.);
#465 = VERTEX_POINT('',#466);
#466 = CARTESIAN_POINT('',(0.32,-4.76,0.));
#467 = VERTEX_POINT('',#468);
#468 = CARTESIAN_POINT('',(-0.32,-4.76,0.));
#469 = LINE('',#470,#471);
#470 = CARTESIAN_POINT('',(-0.16,-4.76,0.));
#471 = VECTOR('',#472,1.);
#472 = DIRECTION('',(-1.,0.,0.));
#473 = ORIENTED_EDGE('',*,*,#474,.F.);
#474 = EDGE_CURVE('',#475,#465,#477,.T.);
#475 = VERTEX_POINT('',#476);
#476 = CARTESIAN_POINT('',(0.32,-5.4,0.));
#477 = LINE('',#478,#479);
#478 = CARTESIAN_POINT('',(0.32,-5.24,0.));
#479 = VECTOR('',#480,1.);
#480 = DIRECTION('',(0.,1.,0.));
#481 = ORIENTED_EDGE('',*,*,#482,.T.);
#482 = EDGE_CURVE('',#475,#483,#485,.T.);
#483 = VERTEX_POINT('',#484);
#484 = CARTESIAN_POINT('',(-0.32,-5.4,0.));
#485 = LINE('',#486,#487);
#486 = CARTESIAN_POINT('',(-0.16,-5.4,0.));
#487 = VECTOR('',#488,1.);
#488 = DIRECTION('',(-1.,0.,0.));
#489 = ORIENTED_EDGE('',*,*,#490,.T.);
#490 = EDGE_CURVE('',#483,#467,#491,.T.);
#491 = LINE('',#492,#493);
#492 = CARTESIAN_POINT('',(-0.32,-5.24,0.));
#493 = VECTOR('',#494,1.);
#494 = DIRECTION('',(0.,1.,0.));
#495 = FACE_BOUND('',#496,.F.);
#496 = EDGE_LOOP('',(#497,#507,#515,#523));
#497 = ORIENTED_EDGE('',*,*,#498,.F.);
#498 = EDGE_CURVE('',#499,#501,#503,.T.);
#499 = VERTEX_POINT('',#500);
#500 = CARTESIAN_POINT('',(0.32,-9.84,0.));
#501 = VERTEX_POINT('',#502);
#502 = CARTESIAN_POINT('',(-0.32,-9.84,0.));
#503 = LINE('',#504,#505);
#504 = CARTESIAN_POINT('',(-0.16,-9.84,0.));
#505 = VECTOR('',#506,1.);
#506 = DIRECTION('',(-1.,0.,0.));
#507 = ORIENTED_EDGE('',*,*,#508,.F.);
#508 = EDGE_CURVE('',#509,#499,#511,.T.);
#509 = VERTEX_POINT('',#510);
#510 = CARTESIAN_POINT('',(0.32,-10.48,0.));
#511 = LINE('',#512,#513);
#512 = CARTESIAN_POINT('',(0.32,-7.78,0.));
#513 = VECTOR('',#514,1.);
#514 = DIRECTION('',(0.,1.,0.));
#515 = ORIENTED_EDGE('',*,*,#516,.T.);
#516 = EDGE_CURVE('',#509,#517,#519,.T.);
#517 = VERTEX_POINT('',#518);
#518 = CARTESIAN_POINT('',(-0.32,-10.48,0.));
#519 = LINE('',#520,#521);
#520 = CARTESIAN_POINT('',(-0.16,-10.48,0.));
#521 = VECTOR('',#522,1.);
#522 = DIRECTION('',(-1.,0.,0.));
#523 = ORIENTED_EDGE('',*,*,#524,.T.);
#524 = EDGE_CURVE('',#517,#501,#525,.T.);
#525 = LINE('',#526,#527);
#526 = CARTESIAN_POINT('',(-0.32,-7.78,0.));
#527 = VECTOR('',#528,1.);
#528 = DIRECTION('',(0.,1.,0.));
#529 = FACE_BOUND('',#530,.F.);
#530 = EDGE_LOOP('',(#531,#541,#549,#557));
#531 = ORIENTED_EDGE('',*,*,#532,.T.);
#532 = EDGE_CURVE('',#533,#535,#537,.T.);
#533 = VERTEX_POINT('',#534);
#534 = CARTESIAN_POINT('',(0.32,-7.94,0.));
#535 = VERTEX_POINT('',#536);
#536 = CARTESIAN_POINT('',(-0.32,-7.94,0.));
#537 = LINE('',#538,#539);
#538 = CARTESIAN_POINT('',(-0.16,-7.94,0.));
#539 = VECTOR('',#540,1.);
#540 = DIRECTION('',(-1.,0.,0.));
#541 = ORIENTED_EDGE('',*,*,#542,.T.);
#542 = EDGE_CURVE('',#535,#543,#545,.T.);
#543 = VERTEX_POINT('',#544);
#544 = CARTESIAN_POINT('',(-0.32,-7.3,0.));
#545 = LINE('',#546,#547);
#546 = CARTESIAN_POINT('',(-0.32,-6.51,0.));
#547 = VECTOR('',#548,1.);
#548 = DIRECTION('',(0.,1.,0.));
#549 = ORIENTED_EDGE('',*,*,#550,.F.);
#550 = EDGE_CURVE('',#551,#543,#553,.T.);
#551 = VERTEX_POINT('',#552);
#552 = CARTESIAN_POINT('',(0.32,-7.3,0.));
#553 = LINE('',#554,#555);
#554 = CARTESIAN_POINT('',(-0.16,-7.3,0.));
#555 = VECTOR('',#556,1.);
#556 = DIRECTION('',(-1.,0.,0.));
#557 = ORIENTED_EDGE('',*,*,#558,.F.);
#558 = EDGE_CURVE('',#533,#551,#559,.T.);
#559 = LINE('',#560,#561);
#560 = CARTESIAN_POINT('',(0.32,-6.51,0.));
#561 = VECTOR('',#562,1.);
#562 = DIRECTION('',(0.,1.,0.));
#563 = PLANE('',#564);
#564 = AXIS2_PLACEMENT_3D('',#565,#566,#567);
#565 = CARTESIAN_POINT('',(-2.110141571089E-17,-5.08,0.));
#566 = DIRECTION('',(0.,0.,1.));
#567 = DIRECTION('',(1.,0.,-0.));
#568 = ADVANCED_FACE('',(#569,#804,#838,#872,#906,#940),#974,.T.);
#569 = FACE_BOUND('',#570,.T.);
#570 = EDGE_LOOP('',(#571,#572,#573,#581,#589,#597,#605,#613,#621,#629,
    #637,#645,#653,#661,#669,#677,#685,#693,#701,#709,#717,#725,#733,
    #741,#749,#757,#765,#773,#781,#789,#797,#803));
#571 = ORIENTED_EDGE('',*,*,#69,.T.);
#572 = ORIENTED_EDGE('',*,*,#131,.T.);
#573 = ORIENTED_EDGE('',*,*,#574,.T.);
#574 = EDGE_CURVE('',#132,#575,#577,.T.);
#575 = VERTEX_POINT('',#576);
#576 = CARTESIAN_POINT('',(-1.016,-1.27,2.54));
#577 = LINE('',#578,#579);
#578 = CARTESIAN_POINT('',(-1.27,-1.016,2.54));
#579 = VECTOR('',#580,1.);
#580 = DIRECTION('',(0.707106781187,-0.707106781187,0.));
#581 = ORIENTED_EDGE('',*,*,#582,.T.);
#582 = EDGE_CURVE('',#575,#583,#585,.T.);
#583 = VERTEX_POINT('',#584);
#584 = CARTESIAN_POINT('',(-1.27,-1.524,2.54));
#585 = LINE('',#586,#587);
#586 = CARTESIAN_POINT('',(-1.016,-1.27,2.54));
#587 = VECTOR('',#588,1.);
#588 = DIRECTION('',(-0.707106781187,-0.707106781187,0.));
#589 = ORIENTED_EDGE('',*,*,#590,.T.);
#590 = EDGE_CURVE('',#583,#591,#593,.T.);
#591 = VERTEX_POINT('',#592);
#592 = CARTESIAN_POINT('',(-1.27,-3.556,2.54));
#593 = LINE('',#594,#595);
#594 = CARTESIAN_POINT('',(-1.27,-1.524,2.54));
#595 = VECTOR('',#596,1.);
#596 = DIRECTION('',(0.,-1.,0.));
#597 = ORIENTED_EDGE('',*,*,#598,.T.);
#598 = EDGE_CURVE('',#591,#599,#601,.T.);
#599 = VERTEX_POINT('',#600);
#600 = CARTESIAN_POINT('',(-1.016,-3.81,2.54));
#601 = LINE('',#602,#603);
#602 = CARTESIAN_POINT('',(-1.27,-3.556,2.54));
#603 = VECTOR('',#604,1.);
#604 = DIRECTION('',(0.707106781187,-0.707106781187,0.));
#605 = ORIENTED_EDGE('',*,*,#606,.T.);
#606 = EDGE_CURVE('',#599,#607,#609,.T.);
#607 = VERTEX_POINT('',#608);
#608 = CARTESIAN_POINT('',(-1.27,-4.064,2.54));
#609 = LINE('',#610,#611);
#610 = CARTESIAN_POINT('',(-1.016,-3.81,2.54));
#611 = VECTOR('',#612,1.);
#612 = DIRECTION('',(-0.707106781187,-0.707106781187,0.));
#613 = ORIENTED_EDGE('',*,*,#614,.T.);
#614 = EDGE_CURVE('',#607,#615,#617,.T.);
#615 = VERTEX_POINT('',#616);
#616 = CARTESIAN_POINT('',(-1.27,-6.096,2.54));
#617 = LINE('',#618,#619);
#618 = CARTESIAN_POINT('',(-1.27,-4.064,2.54));
#619 = VECTOR('',#620,1.);
#620 = DIRECTION('',(0.,-1.,0.));
#621 = ORIENTED_EDGE('',*,*,#622,.T.);
#622 = EDGE_CURVE('',#615,#623,#625,.T.);
#623 = VERTEX_POINT('',#624);
#624 = CARTESIAN_POINT('',(-1.016,-6.35,2.54));
#625 = LINE('',#626,#627);
#626 = CARTESIAN_POINT('',(-1.27,-6.096,2.54));
#627 = VECTOR('',#628,1.);
#628 = DIRECTION('',(0.707106781187,-0.707106781187,0.));
#629 = ORIENTED_EDGE('',*,*,#630,.T.);
#630 = EDGE_CURVE('',#623,#631,#633,.T.);
#631 = VERTEX_POINT('',#632);
#632 = CARTESIAN_POINT('',(-1.27,-6.604,2.54));
#633 = LINE('',#634,#635);
#634 = CARTESIAN_POINT('',(-1.016,-6.35,2.54));
#635 = VECTOR('',#636,1.);
#636 = DIRECTION('',(-0.707106781187,-0.707106781187,0.));
#637 = ORIENTED_EDGE('',*,*,#638,.T.);
#638 = EDGE_CURVE('',#631,#639,#641,.T.);
#639 = VERTEX_POINT('',#640);
#640 = CARTESIAN_POINT('',(-1.27,-8.636,2.54));
#641 = LINE('',#642,#643);
#642 = CARTESIAN_POINT('',(-1.27,-6.604,2.54));
#643 = VECTOR('',#644,1.);
#644 = DIRECTION('',(0.,-1.,0.));
#645 = ORIENTED_EDGE('',*,*,#646,.T.);
#646 = EDGE_CURVE('',#639,#647,#649,.T.);
#647 = VERTEX_POINT('',#648);
#648 = CARTESIAN_POINT('',(-1.016,-8.89,2.54));
#649 = LINE('',#650,#651);
#650 = CARTESIAN_POINT('',(-1.27,-8.636,2.54));
#651 = VECTOR('',#652,1.);
#652 = DIRECTION('',(0.707106781187,-0.707106781187,0.));
#653 = ORIENTED_EDGE('',*,*,#654,.T.);
#654 = EDGE_CURVE('',#647,#655,#657,.T.);
#655 = VERTEX_POINT('',#656);
#656 = CARTESIAN_POINT('',(-1.27,-9.144,2.54));
#657 = LINE('',#658,#659);
#658 = CARTESIAN_POINT('',(-1.016,-8.89,2.54));
#659 = VECTOR('',#660,1.);
#660 = DIRECTION('',(-0.707106781187,-0.707106781187,0.));
#661 = ORIENTED_EDGE('',*,*,#662,.T.);
#662 = EDGE_CURVE('',#655,#663,#665,.T.);
#663 = VERTEX_POINT('',#664);
#664 = CARTESIAN_POINT('',(-1.27,-11.176,2.54));
#665 = LINE('',#666,#667);
#666 = CARTESIAN_POINT('',(-1.27,-9.144,2.54));
#667 = VECTOR('',#668,1.);
#668 = DIRECTION('',(0.,-1.,0.));
#669 = ORIENTED_EDGE('',*,*,#670,.T.);
#670 = EDGE_CURVE('',#663,#671,#673,.T.);
#671 = VERTEX_POINT('',#672);
#672 = CARTESIAN_POINT('',(-1.016,-11.43,2.54));
#673 = LINE('',#674,#675);
#674 = CARTESIAN_POINT('',(-1.27,-11.176,2.54));
#675 = VECTOR('',#676,1.);
#676 = DIRECTION('',(0.707106781187,-0.707106781187,0.));
#677 = ORIENTED_EDGE('',*,*,#678,.T.);
#678 = EDGE_CURVE('',#671,#679,#681,.T.);
#679 = VERTEX_POINT('',#680);
#680 = CARTESIAN_POINT('',(1.016,-11.43,2.54));
#681 = LINE('',#682,#683);
#682 = CARTESIAN_POINT('',(-1.016,-11.43,2.54));
#683 = VECTOR('',#684,1.);
#684 = DIRECTION('',(1.,0.,0.));
#685 = ORIENTED_EDGE('',*,*,#686,.T.);
#686 = EDGE_CURVE('',#679,#687,#689,.T.);
#687 = VERTEX_POINT('',#688);
#688 = CARTESIAN_POINT('',(1.27,-11.176,2.54));
#689 = LINE('',#690,#691);
#690 = CARTESIAN_POINT('',(1.016,-11.43,2.54));
#691 = VECTOR('',#692,1.);
#692 = DIRECTION('',(0.707106781187,0.707106781187,0.));
#693 = ORIENTED_EDGE('',*,*,#694,.T.);
#694 = EDGE_CURVE('',#687,#695,#697,.T.);
#695 = VERTEX_POINT('',#696);
#696 = CARTESIAN_POINT('',(1.27,-9.144,2.54));
#697 = LINE('',#698,#699);
#698 = CARTESIAN_POINT('',(1.27,-11.176,2.54));
#699 = VECTOR('',#700,1.);
#700 = DIRECTION('',(0.,1.,0.));
#701 = ORIENTED_EDGE('',*,*,#702,.T.);
#702 = EDGE_CURVE('',#695,#703,#705,.T.);
#703 = VERTEX_POINT('',#704);
#704 = CARTESIAN_POINT('',(1.016,-8.89,2.54));
#705 = LINE('',#706,#707);
#706 = CARTESIAN_POINT('',(1.27,-9.144,2.54));
#707 = VECTOR('',#708,1.);
#708 = DIRECTION('',(-0.707106781187,0.707106781187,0.));
#709 = ORIENTED_EDGE('',*,*,#710,.T.);
#710 = EDGE_CURVE('',#703,#711,#713,.T.);
#711 = VERTEX_POINT('',#712);
#712 = CARTESIAN_POINT('',(1.27,-8.636,2.54));
#713 = LINE('',#714,#715);
#714 = CARTESIAN_POINT('',(1.016,-8.89,2.54));
#715 = VECTOR('',#716,1.);
#716 = DIRECTION('',(0.707106781187,0.707106781187,0.));
#717 = ORIENTED_EDGE('',*,*,#718,.T.);
#718 = EDGE_CURVE('',#711,#719,#721,.T.);
#719 = VERTEX_POINT('',#720);
#720 = CARTESIAN_POINT('',(1.27,-6.604,2.54));
#721 = LINE('',#722,#723);
#722 = CARTESIAN_POINT('',(1.27,-8.636,2.54));
#723 = VECTOR('',#724,1.);
#724 = DIRECTION('',(0.,1.,0.));
#725 = ORIENTED_EDGE('',*,*,#726,.T.);
#726 = EDGE_CURVE('',#719,#727,#729,.T.);
#727 = VERTEX_POINT('',#728);
#728 = CARTESIAN_POINT('',(1.016,-6.35,2.54));
#729 = LINE('',#730,#731);
#730 = CARTESIAN_POINT('',(1.27,-6.604,2.54));
#731 = VECTOR('',#732,1.);
#732 = DIRECTION('',(-0.707106781187,0.707106781187,0.));
#733 = ORIENTED_EDGE('',*,*,#734,.T.);
#734 = EDGE_CURVE('',#727,#735,#737,.T.);
#735 = VERTEX_POINT('',#736);
#736 = CARTESIAN_POINT('',(1.27,-6.096,2.54));
#737 = LINE('',#738,#739);
#738 = CARTESIAN_POINT('',(1.016,-6.35,2.54));
#739 = VECTOR('',#740,1.);
#740 = DIRECTION('',(0.707106781187,0.707106781187,0.));
#741 = ORIENTED_EDGE('',*,*,#742,.T.);
#742 = EDGE_CURVE('',#735,#743,#745,.T.);
#743 = VERTEX_POINT('',#744);
#744 = CARTESIAN_POINT('',(1.27,-4.064,2.54));
#745 = LINE('',#746,#747);
#746 = CARTESIAN_POINT('',(1.27,-6.096,2.54));
#747 = VECTOR('',#748,1.);
#748 = DIRECTION('',(0.,1.,0.));
#749 = ORIENTED_EDGE('',*,*,#750,.T.);
#750 = EDGE_CURVE('',#743,#751,#753,.T.);
#751 = VERTEX_POINT('',#752);
#752 = CARTESIAN_POINT('',(1.016,-3.81,2.54));
#753 = LINE('',#754,#755);
#754 = CARTESIAN_POINT('',(1.27,-4.064,2.54));
#755 = VECTOR('',#756,1.);
#756 = DIRECTION('',(-0.707106781187,0.707106781187,0.));
#757 = ORIENTED_EDGE('',*,*,#758,.T.);
#758 = EDGE_CURVE('',#751,#759,#761,.T.);
#759 = VERTEX_POINT('',#760);
#760 = CARTESIAN_POINT('',(1.27,-3.556,2.54));
#761 = LINE('',#762,#763);
#762 = CARTESIAN_POINT('',(1.016,-3.81,2.54));
#763 = VECTOR('',#764,1.);
#764 = DIRECTION('',(0.707106781187,0.707106781187,0.));
#765 = ORIENTED_EDGE('',*,*,#766,.T.);
#766 = EDGE_CURVE('',#759,#767,#769,.T.);
#767 = VERTEX_POINT('',#768);
#768 = CARTESIAN_POINT('',(1.27,-1.524,2.54));
#769 = LINE('',#770,#771);
#770 = CARTESIAN_POINT('',(1.27,-3.556,2.54));
#771 = VECTOR('',#772,1.);
#772 = DIRECTION('',(0.,1.,0.));
#773 = ORIENTED_EDGE('',*,*,#774,.T.);
#774 = EDGE_CURVE('',#767,#775,#777,.T.);
#775 = VERTEX_POINT('',#776);
#776 = CARTESIAN_POINT('',(1.016,-1.27,2.54));
#777 = LINE('',#778,#779);
#778 = CARTESIAN_POINT('',(1.27,-1.524,2.54));
#779 = VECTOR('',#780,1.);
#780 = DIRECTION('',(-0.707106781187,0.707106781187,0.));
#781 = ORIENTED_EDGE('',*,*,#782,.T.);
#782 = EDGE_CURVE('',#775,#783,#785,.T.);
#783 = VERTEX_POINT('',#784);
#784 = CARTESIAN_POINT('',(1.27,-1.016,2.54));
#785 = LINE('',#786,#787);
#786 = CARTESIAN_POINT('',(1.016,-1.27,2.54));
#787 = VECTOR('',#788,1.);
#788 = DIRECTION('',(0.707106781187,0.707106781187,0.));
#789 = ORIENTED_EDGE('',*,*,#790,.T.);
#790 = EDGE_CURVE('',#783,#791,#793,.T.);
#791 = VERTEX_POINT('',#792);
#792 = CARTESIAN_POINT('',(1.27,1.016,2.54));
#793 = LINE('',#794,#795);
#794 = CARTESIAN_POINT('',(1.27,-1.016,2.54));
#795 = VECTOR('',#796,1.);
#796 = DIRECTION('',(0.,1.,0.));
#797 = ORIENTED_EDGE('',*,*,#798,.T.);
#798 = EDGE_CURVE('',#791,#102,#799,.T.);
#799 = LINE('',#800,#801);
#800 = CARTESIAN_POINT('',(1.27,1.016,2.54));
#801 = VECTOR('',#802,1.);
#802 = DIRECTION('',(-0.707106781187,0.707106781187,0.));
#803 = ORIENTED_EDGE('',*,*,#109,.T.);
#804 = FACE_BOUND('',#805,.T.);
#805 = EDGE_LOOP('',(#806,#816,#824,#832));
#806 = ORIENTED_EDGE('',*,*,#807,.F.);
#807 = EDGE_CURVE('',#808,#810,#812,.T.);
#808 = VERTEX_POINT('',#809);
#809 = CARTESIAN_POINT('',(0.32,-0.32,2.54));
#810 = VERTEX_POINT('',#811);
#811 = CARTESIAN_POINT('',(0.32,0.32,2.54));
#812 = LINE('',#813,#814);
#813 = CARTESIAN_POINT('',(0.32,-2.7,2.54));
#814 = VECTOR('',#815,1.);
#815 = DIRECTION('',(0.,1.,0.));
#816 = ORIENTED_EDGE('',*,*,#817,.T.);
#817 = EDGE_CURVE('',#808,#818,#820,.T.);
#818 = VERTEX_POINT('',#819);
#819 = CARTESIAN_POINT('',(-0.32,-0.32,2.54));
#820 = LINE('',#821,#822);
#821 = CARTESIAN_POINT('',(-0.16,-0.32,2.54));
#822 = VECTOR('',#823,1.);
#823 = DIRECTION('',(-1.,0.,0.));
#824 = ORIENTED_EDGE('',*,*,#825,.T.);
#825 = EDGE_CURVE('',#818,#826,#828,.T.);
#826 = VERTEX_POINT('',#827);
#827 = CARTESIAN_POINT('',(-0.32,0.32,2.54));
#828 = LINE('',#829,#830);
#829 = CARTESIAN_POINT('',(-0.32,-2.7,2.54));
#830 = VECTOR('',#831,1.);
#831 = DIRECTION('',(0.,1.,0.));
#832 = ORIENTED_EDGE('',*,*,#833,.F.);
#833 = EDGE_CURVE('',#810,#826,#834,.T.);
#834 = LINE('',#835,#836);
#835 = CARTESIAN_POINT('',(-0.16,0.32,2.54));
#836 = VECTOR('',#837,1.);
#837 = DIRECTION('',(-1.,0.,0.));
#838 = FACE_BOUND('',#839,.T.);
#839 = EDGE_LOOP('',(#840,#850,#858,#866));
#840 = ORIENTED_EDGE('',*,*,#841,.F.);
#841 = EDGE_CURVE('',#842,#844,#846,.T.);
#842 = VERTEX_POINT('',#843);
#843 = CARTESIAN_POINT('',(0.32,-2.22,2.54));
#844 = VERTEX_POINT('',#845);
#845 = CARTESIAN_POINT('',(-0.32,-2.22,2.54));
#846 = LINE('',#847,#848);
#847 = CARTESIAN_POINT('',(-0.16,-2.22,2.54));
#848 = VECTOR('',#849,1.);
#849 = DIRECTION('',(-1.,0.,0.));
#850 = ORIENTED_EDGE('',*,*,#851,.F.);
#851 = EDGE_CURVE('',#852,#842,#854,.T.);
#852 = VERTEX_POINT('',#853);
#853 = CARTESIAN_POINT('',(0.32,-2.86,2.54));
#854 = LINE('',#855,#856);
#855 = CARTESIAN_POINT('',(0.32,-3.97,2.54));
#856 = VECTOR('',#857,1.);
#857 = DIRECTION('',(0.,1.,0.));
#858 = ORIENTED_EDGE('',*,*,#859,.T.);
#859 = EDGE_CURVE('',#852,#860,#862,.T.);
#860 = VERTEX_POINT('',#861);
#861 = CARTESIAN_POINT('',(-0.32,-2.86,2.54));
#862 = LINE('',#863,#864);
#863 = CARTESIAN_POINT('',(-0.16,-2.86,2.54));
#864 = VECTOR('',#865,1.);
#865 = DIRECTION('',(-1.,0.,0.));
#866 = ORIENTED_EDGE('',*,*,#867,.T.);
#867 = EDGE_CURVE('',#860,#844,#868,.T.);
#868 = LINE('',#869,#870);
#869 = CARTESIAN_POINT('',(-0.32,-3.97,2.54));
#870 = VECTOR('',#871,1.);
#871 = DIRECTION('',(0.,1.,0.));
#872 = FACE_BOUND('',#873,.T.);
#873 = EDGE_LOOP('',(#874,#884,#892,#900));
#874 = ORIENTED_EDGE('',*,*,#875,.F.);
#875 = EDGE_CURVE('',#876,#878,#880,.T.);
#876 = VERTEX_POINT('',#877);
#877 = CARTESIAN_POINT('',(0.32,-4.76,2.54));
#878 = VERTEX_POINT('',#879);
#879 = CARTESIAN_POINT('',(-0.32,-4.76,2.54));
#880 = LINE('',#881,#882);
#881 = CARTESIAN_POINT('',(-0.16,-4.76,2.54));
#882 = VECTOR('',#883,1.);
#883 = DIRECTION('',(-1.,0.,0.));
#884 = ORIENTED_EDGE('',*,*,#885,.F.);
#885 = EDGE_CURVE('',#886,#876,#888,.T.);
#886 = VERTEX_POINT('',#887);
#887 = CARTESIAN_POINT('',(0.32,-5.4,2.54));
#888 = LINE('',#889,#890);
#889 = CARTESIAN_POINT('',(0.32,-5.24,2.54));
#890 = VECTOR('',#891,1.);
#891 = DIRECTION('',(0.,1.,0.));
#892 = ORIENTED_EDGE('',*,*,#893,.T.);
#893 = EDGE_CURVE('',#886,#894,#896,.T.);
#894 = VERTEX_POINT('',#895);
#895 = CARTESIAN_POINT('',(-0.32,-5.4,2.54));
#896 = LINE('',#897,#898);
#897 = CARTESIAN_POINT('',(-0.16,-5.4,2.54));
#898 = VECTOR('',#899,1.);
#899 = DIRECTION('',(-1.,0.,0.));
#900 = ORIENTED_EDGE('',*,*,#901,.T.);
#901 = EDGE_CURVE('',#894,#878,#902,.T.);
#902 = LINE('',#903,#904);
#903 = CARTESIAN_POINT('',(-0.32,-5.24,2.54));
#904 = VECTOR('',#905,1.);
#905 = DIRECTION('',(0.,1.,0.));
#906 = FACE_BOUND('',#907,.T.);
#907 = EDGE_LOOP('',(#908,#918,#926,#934));
#908 = ORIENTED_EDGE('',*,*,#909,.F.);
#909 = EDGE_CURVE('',#910,#912,#914,.T.);
#910 = VERTEX_POINT('',#911);
#911 = CARTESIAN_POINT('',(0.32,-9.84,2.54));
#912 = VERTEX_POINT('',#913);
#913 = CARTESIAN_POINT('',(-0.32,-9.84,2.54));
#914 = LINE('',#915,#916);
#915 = CARTESIAN_POINT('',(-0.16,-9.84,2.54));
#916 = VECTOR('',#917,1.);
#917 = DIRECTION('',(-1.,0.,0.));
#918 = ORIENTED_EDGE('',*,*,#919,.F.);
#919 = EDGE_CURVE('',#920,#910,#922,.T.);
#920 = VERTEX_POINT('',#921);
#921 = CARTESIAN_POINT('',(0.32,-10.48,2.54));
#922 = LINE('',#923,#924);
#923 = CARTESIAN_POINT('',(0.32,-7.78,2.54));
#924 = VECTOR('',#925,1.);
#925 = DIRECTION('',(0.,1.,0.));
#926 = ORIENTED_EDGE('',*,*,#927,.T.);
#927 = EDGE_CURVE('',#920,#928,#930,.T.);
#928 = VERTEX_POINT('',#929);
#929 = CARTESIAN_POINT('',(-0.32,-10.48,2.54));
#930 = LINE('',#931,#932);
#931 = CARTESIAN_POINT('',(-0.16,-10.48,2.54));
#932 = VECTOR('',#933,1.);
#933 = DIRECTION('',(-1.,0.,0.));
#934 = ORIENTED_EDGE('',*,*,#935,.T.);
#935 = EDGE_CURVE('',#928,#912,#936,.T.);
#936 = LINE('',#937,#938);
#937 = CARTESIAN_POINT('',(-0.32,-7.78,2.54));
#938 = VECTOR('',#939,1.);
#939 = DIRECTION('',(0.,1.,0.));
#940 = FACE_BOUND('',#941,.T.);
#941 = EDGE_LOOP('',(#942,#952,#960,#968));
#942 = ORIENTED_EDGE('',*,*,#943,.T.);
#943 = EDGE_CURVE('',#944,#946,#948,.T.);
#944 = VERTEX_POINT('',#945);
#945 = CARTESIAN_POINT('',(0.32,-7.94,2.54));
#946 = VERTEX_POINT('',#947);
#947 = CARTESIAN_POINT('',(-0.32,-7.94,2.54));
#948 = LINE('',#949,#950);
#949 = CARTESIAN_POINT('',(-0.16,-7.94,2.54));
#950 = VECTOR('',#951,1.);
#951 = DIRECTION('',(-1.,0.,0.));
#952 = ORIENTED_EDGE('',*,*,#953,.T.);
#953 = EDGE_CURVE('',#946,#954,#956,.T.);
#954 = VERTEX_POINT('',#955);
#955 = CARTESIAN_POINT('',(-0.32,-7.3,2.54));
#956 = LINE('',#957,#958);
#957 = CARTESIAN_POINT('',(-0.32,-6.51,2.54));
#958 = VECTOR('',#959,1.);
#959 = DIRECTION('',(0.,1.,0.));
#960 = ORIENTED_EDGE('',*,*,#961,.F.);
#961 = EDGE_CURVE('',#962,#954,#964,.T.);
#962 = VERTEX_POINT('',#963);
#963 = CARTESIAN_POINT('',(0.32,-7.3,2.54));
#964 = LINE('',#965,#966);
#965 = CARTESIAN_POINT('',(-0.16,-7.3,2.54));
#966 = VECTOR('',#967,1.);
#967 = DIRECTION('',(-1.,0.,0.));
#968 = ORIENTED_EDGE('',*,*,#969,.F.);
#969 = EDGE_CURVE('',#944,#962,#970,.T.);
#970 = LINE('',#971,#972);
#971 = CARTESIAN_POINT('',(0.32,-6.51,2.54));
#972 = VECTOR('',#973,1.);
#973 = DIRECTION('',(0.,1.,0.));
#974 = PLANE('',#975);
#975 = AXIS2_PLACEMENT_3D('',#976,#977,#978);
#976 = CARTESIAN_POINT('',(-2.110141571089E-17,-5.08,2.54));
#977 = DIRECTION('',(0.,0.,1.));
#978 = DIRECTION('',(1.,0.,-0.));
#979 = ADVANCED_FACE('',(#980),#991,.F.);
#980 = FACE_BOUND('',#981,.F.);
#981 = EDGE_LOOP('',(#982,#988,#989,#990));
#982 = ORIENTED_EDGE('',*,*,#983,.T.);
#983 = EDGE_CURVE('',#380,#791,#984,.T.);
#984 = LINE('',#985,#986);
#985 = CARTESIAN_POINT('',(1.27,1.016,0.));
#986 = VECTOR('',#987,1.);
#987 = DIRECTION('',(0.,0.,1.));
#988 = ORIENTED_EDGE('',*,*,#798,.T.);
#989 = ORIENTED_EDGE('',*,*,#99,.F.);
#990 = ORIENTED_EDGE('',*,*,#387,.F.);
#991 = PLANE('',#992);
#992 = AXIS2_PLACEMENT_3D('',#993,#994,#995);
#993 = CARTESIAN_POINT('',(1.27,1.016,0.));
#994 = DIRECTION('',(-0.707106781187,-0.707106781187,0.));
#995 = DIRECTION('',(-0.707106781187,0.707106781187,0.));
#996 = ADVANCED_FACE('',(#997),#1008,.F.);
#997 = FACE_BOUND('',#998,.F.);
#998 = EDGE_LOOP('',(#999,#1000,#1001,#1007));
#999 = ORIENTED_EDGE('',*,*,#139,.T.);
#1000 = ORIENTED_EDGE('',*,*,#574,.T.);
#1001 = ORIENTED_EDGE('',*,*,#1002,.F.);
#1002 = EDGE_CURVE('',#164,#575,#1003,.T.);
#1003 = LINE('',#1004,#1005);
#1004 = CARTESIAN_POINT('',(-1.016,-1.27,0.));
#1005 = VECTOR('',#1006,1.);
#1006 = DIRECTION('',(0.,0.,1.));
#1007 = ORIENTED_EDGE('',*,*,#163,.F.);
#1008 = PLANE('',#1009);
#1009 = AXIS2_PLACEMENT_3D('',#1010,#1011,#1012);
#1010 = CARTESIAN_POINT('',(-1.27,-1.016,0.));
#1011 = DIRECTION('',(0.707106781187,0.707106781187,0.));
#1012 = DIRECTION('',(0.707106781187,-0.707106781187,0.));
#1013 = ADVANCED_FACE('',(#1014),#1025,.F.);
#1014 = FACE_BOUND('',#1015,.F.);
#1015 = EDGE_LOOP('',(#1016,#1022,#1023,#1024));
#1016 = ORIENTED_EDGE('',*,*,#1017,.T.);
#1017 = EDGE_CURVE('',#372,#783,#1018,.T.);
#1018 = LINE('',#1019,#1020);
#1019 = CARTESIAN_POINT('',(1.27,-1.016,0.));
#1020 = VECTOR('',#1021,1.);
#1021 = DIRECTION('',(0.,0.,1.));
#1022 = ORIENTED_EDGE('',*,*,#790,.T.);
#1023 = ORIENTED_EDGE('',*,*,#983,.F.);
#1024 = ORIENTED_EDGE('',*,*,#379,.F.);
#1025 = PLANE('',#1026);
#1026 = AXIS2_PLACEMENT_3D('',#1027,#1028,#1029);
#1027 = CARTESIAN_POINT('',(1.27,-1.016,0.));
#1028 = DIRECTION('',(-1.,0.,0.));
#1029 = DIRECTION('',(0.,1.,0.));
#1030 = ADVANCED_FACE('',(#1031),#1042,.F.);
#1031 = FACE_BOUND('',#1032,.F.);
#1032 = EDGE_LOOP('',(#1033,#1034,#1035,#1041));
#1033 = ORIENTED_EDGE('',*,*,#1002,.T.);
#1034 = ORIENTED_EDGE('',*,*,#582,.T.);
#1035 = ORIENTED_EDGE('',*,*,#1036,.F.);
#1036 = EDGE_CURVE('',#172,#583,#1037,.T.);
#1037 = LINE('',#1038,#1039);
#1038 = CARTESIAN_POINT('',(-1.27,-1.524,0.));
#1039 = VECTOR('',#1040,1.);
#1040 = DIRECTION('',(0.,0.,1.));
#1041 = ORIENTED_EDGE('',*,*,#171,.F.);
#1042 = PLANE('',#1043);
#1043 = AXIS2_PLACEMENT_3D('',#1044,#1045,#1046);
#1044 = CARTESIAN_POINT('',(-1.016,-1.27,0.));
#1045 = DIRECTION('',(0.707106781187,-0.707106781187,0.));
#1046 = DIRECTION('',(-0.707106781187,-0.707106781187,0.));
#1047 = ADVANCED_FACE('',(#1048),#1059,.F.);
#1048 = FACE_BOUND('',#1049,.F.);
#1049 = EDGE_LOOP('',(#1050,#1056,#1057,#1058));
#1050 = ORIENTED_EDGE('',*,*,#1051,.T.);
#1051 = EDGE_CURVE('',#364,#775,#1052,.T.);
#1052 = LINE('',#1053,#1054);
#1053 = CARTESIAN_POINT('',(1.016,-1.27,0.));
#1054 = VECTOR('',#1055,1.);
#1055 = DIRECTION('',(0.,0.,1.));
#1056 = ORIENTED_EDGE('',*,*,#782,.T.);
#1057 = ORIENTED_EDGE('',*,*,#1017,.F.);
#1058 = ORIENTED_EDGE('',*,*,#371,.F.);
#1059 = PLANE('',#1060);
#1060 = AXIS2_PLACEMENT_3D('',#1061,#1062,#1063);
#1061 = CARTESIAN_POINT('',(1.016,-1.27,0.));
#1062 = DIRECTION('',(-0.707106781187,0.707106781187,0.));
#1063 = DIRECTION('',(0.707106781187,0.707106781187,0.));
#1064 = ADVANCED_FACE('',(#1065),#1076,.F.);
#1065 = FACE_BOUND('',#1066,.F.);
#1066 = EDGE_LOOP('',(#1067,#1068,#1069,#1075));
#1067 = ORIENTED_EDGE('',*,*,#1036,.T.);
#1068 = ORIENTED_EDGE('',*,*,#590,.T.);
#1069 = ORIENTED_EDGE('',*,*,#1070,.F.);
#1070 = EDGE_CURVE('',#180,#591,#1071,.T.);
#1071 = LINE('',#1072,#1073);
#1072 = CARTESIAN_POINT('',(-1.27,-3.556,0.));
#1073 = VECTOR('',#1074,1.);
#1074 = DIRECTION('',(0.,0.,1.));
#1075 = ORIENTED_EDGE('',*,*,#179,.F.);
#1076 = PLANE('',#1077);
#1077 = AXIS2_PLACEMENT_3D('',#1078,#1079,#1080);
#1078 = CARTESIAN_POINT('',(-1.27,-1.524,0.));
#1079 = DIRECTION('',(1.,0.,0.));
#1080 = DIRECTION('',(0.,-1.,0.));
#1081 = ADVANCED_FACE('',(#1082),#1093,.F.);
#1082 = FACE_BOUND('',#1083,.F.);
#1083 = EDGE_LOOP('',(#1084,#1090,#1091,#1092));
#1084 = ORIENTED_EDGE('',*,*,#1085,.T.);
#1085 = EDGE_CURVE('',#356,#767,#1086,.T.);
#1086 = LINE('',#1087,#1088);
#1087 = CARTESIAN_POINT('',(1.27,-1.524,0.));
#1088 = VECTOR('',#1089,1.);
#1089 = DIRECTION('',(0.,0.,1.));
#1090 = ORIENTED_EDGE('',*,*,#774,.T.);
#1091 = ORIENTED_EDGE('',*,*,#1051,.F.);
#1092 = ORIENTED_EDGE('',*,*,#363,.F.);
#1093 = PLANE('',#1094);
#1094 = AXIS2_PLACEMENT_3D('',#1095,#1096,#1097);
#1095 = CARTESIAN_POINT('',(1.27,-1.524,0.));
#1096 = DIRECTION('',(-0.707106781187,-0.707106781187,0.));
#1097 = DIRECTION('',(-0.707106781187,0.707106781187,0.));
#1098 = ADVANCED_FACE('',(#1099),#1110,.F.);
#1099 = FACE_BOUND('',#1100,.F.);
#1100 = EDGE_LOOP('',(#1101,#1102,#1103,#1109));
#1101 = ORIENTED_EDGE('',*,*,#1070,.T.);
#1102 = ORIENTED_EDGE('',*,*,#598,.T.);
#1103 = ORIENTED_EDGE('',*,*,#1104,.F.);
#1104 = EDGE_CURVE('',#188,#599,#1105,.T.);
#1105 = LINE('',#1106,#1107);
#1106 = CARTESIAN_POINT('',(-1.016,-3.81,0.));
#1107 = VECTOR('',#1108,1.);
#1108 = DIRECTION('',(0.,0.,1.));
#1109 = ORIENTED_EDGE('',*,*,#187,.F.);
#1110 = PLANE('',#1111);
#1111 = AXIS2_PLACEMENT_3D('',#1112,#1113,#1114);
#1112 = CARTESIAN_POINT('',(-1.27,-3.556,0.));
#1113 = DIRECTION('',(0.707106781187,0.707106781187,0.));
#1114 = DIRECTION('',(0.707106781187,-0.707106781187,0.));
#1115 = ADVANCED_FACE('',(#1116),#1127,.F.);
#1116 = FACE_BOUND('',#1117,.F.);
#1117 = EDGE_LOOP('',(#1118,#1124,#1125,#1126));
#1118 = ORIENTED_EDGE('',*,*,#1119,.T.);
#1119 = EDGE_CURVE('',#348,#759,#1120,.T.);
#1120 = LINE('',#1121,#1122);
#1121 = CARTESIAN_POINT('',(1.27,-3.556,0.));
#1122 = VECTOR('',#1123,1.);
#1123 = DIRECTION('',(0.,0.,1.));
#1124 = ORIENTED_EDGE('',*,*,#766,.T.);
#1125 = ORIENTED_EDGE('',*,*,#1085,.F.);
#1126 = ORIENTED_EDGE('',*,*,#355,.F.);
#1127 = PLANE('',#1128);
#1128 = AXIS2_PLACEMENT_3D('',#1129,#1130,#1131);
#1129 = CARTESIAN_POINT('',(1.27,-3.556,0.));
#1130 = DIRECTION('',(-1.,0.,0.));
#1131 = DIRECTION('',(0.,1.,0.));
#1132 = ADVANCED_FACE('',(#1133),#1144,.F.);
#1133 = FACE_BOUND('',#1134,.F.);
#1134 = EDGE_LOOP('',(#1135,#1136,#1137,#1143));
#1135 = ORIENTED_EDGE('',*,*,#1104,.T.);
#1136 = ORIENTED_EDGE('',*,*,#606,.T.);
#1137 = ORIENTED_EDGE('',*,*,#1138,.F.);
#1138 = EDGE_CURVE('',#196,#607,#1139,.T.);
#1139 = LINE('',#1140,#1141);
#1140 = CARTESIAN_POINT('',(-1.27,-4.064,0.));
#1141 = VECTOR('',#1142,1.);
#1142 = DIRECTION('',(0.,0.,1.));
#1143 = ORIENTED_EDGE('',*,*,#195,.F.);
#1144 = PLANE('',#1145);
#1145 = AXIS2_PLACEMENT_3D('',#1146,#1147,#1148);
#1146 = CARTESIAN_POINT('',(-1.016,-3.81,0.));
#1147 = DIRECTION('',(0.707106781187,-0.707106781187,0.));
#1148 = DIRECTION('',(-0.707106781187,-0.707106781187,0.));
#1149 = ADVANCED_FACE('',(#1150),#1161,.F.);
#1150 = FACE_BOUND('',#1151,.F.);
#1151 = EDGE_LOOP('',(#1152,#1158,#1159,#1160));
#1152 = ORIENTED_EDGE('',*,*,#1153,.T.);
#1153 = EDGE_CURVE('',#340,#751,#1154,.T.);
#1154 = LINE('',#1155,#1156);
#1155 = CARTESIAN_POINT('',(1.016,-3.81,0.));
#1156 = VECTOR('',#1157,1.);
#1157 = DIRECTION('',(0.,0.,1.));
#1158 = ORIENTED_EDGE('',*,*,#758,.T.);
#1159 = ORIENTED_EDGE('',*,*,#1119,.F.);
#1160 = ORIENTED_EDGE('',*,*,#347,.F.);
#1161 = PLANE('',#1162);
#1162 = AXIS2_PLACEMENT_3D('',#1163,#1164,#1165);
#1163 = CARTESIAN_POINT('',(1.016,-3.81,0.));
#1164 = DIRECTION('',(-0.707106781187,0.707106781187,0.));
#1165 = DIRECTION('',(0.707106781187,0.707106781187,0.));
#1166 = ADVANCED_FACE('',(#1167),#1178,.F.);
#1167 = FACE_BOUND('',#1168,.F.);
#1168 = EDGE_LOOP('',(#1169,#1170,#1171,#1177));
#1169 = ORIENTED_EDGE('',*,*,#1138,.T.);
#1170 = ORIENTED_EDGE('',*,*,#614,.T.);
#1171 = ORIENTED_EDGE('',*,*,#1172,.F.);
#1172 = EDGE_CURVE('',#204,#615,#1173,.T.);
#1173 = LINE('',#1174,#1175);
#1174 = CARTESIAN_POINT('',(-1.27,-6.096,0.));
#1175 = VECTOR('',#1176,1.);
#1176 = DIRECTION('',(0.,0.,1.));
#1177 = ORIENTED_EDGE('',*,*,#203,.F.);
#1178 = PLANE('',#1179);
#1179 = AXIS2_PLACEMENT_3D('',#1180,#1181,#1182);
#1180 = CARTESIAN_POINT('',(-1.27,-4.064,0.));
#1181 = DIRECTION('',(1.,0.,0.));
#1182 = DIRECTION('',(0.,-1.,0.));
#1183 = ADVANCED_FACE('',(#1184),#1195,.F.);
#1184 = FACE_BOUND('',#1185,.F.);
#1185 = EDGE_LOOP('',(#1186,#1192,#1193,#1194));
#1186 = ORIENTED_EDGE('',*,*,#1187,.T.);
#1187 = EDGE_CURVE('',#332,#743,#1188,.T.);
#1188 = LINE('',#1189,#1190);
#1189 = CARTESIAN_POINT('',(1.27,-4.064,0.));
#1190 = VECTOR('',#1191,1.);
#1191 = DIRECTION('',(0.,0.,1.));
#1192 = ORIENTED_EDGE('',*,*,#750,.T.);
#1193 = ORIENTED_EDGE('',*,*,#1153,.F.);
#1194 = ORIENTED_EDGE('',*,*,#339,.F.);
#1195 = PLANE('',#1196);
#1196 = AXIS2_PLACEMENT_3D('',#1197,#1198,#1199);
#1197 = CARTESIAN_POINT('',(1.27,-4.064,0.));
#1198 = DIRECTION('',(-0.707106781187,-0.707106781187,0.));
#1199 = DIRECTION('',(-0.707106781187,0.707106781187,0.));
#1200 = ADVANCED_FACE('',(#1201),#1212,.F.);
#1201 = FACE_BOUND('',#1202,.F.);
#1202 = EDGE_LOOP('',(#1203,#1204,#1205,#1211));
#1203 = ORIENTED_EDGE('',*,*,#1172,.T.);
#1204 = ORIENTED_EDGE('',*,*,#622,.T.);
#1205 = ORIENTED_EDGE('',*,*,#1206,.F.);
#1206 = EDGE_CURVE('',#212,#623,#1207,.T.);
#1207 = LINE('',#1208,#1209);
#1208 = CARTESIAN_POINT('',(-1.016,-6.35,0.));
#1209 = VECTOR('',#1210,1.);
#1210 = DIRECTION('',(0.,0.,1.));
#1211 = ORIENTED_EDGE('',*,*,#211,.F.);
#1212 = PLANE('',#1213);
#1213 = AXIS2_PLACEMENT_3D('',#1214,#1215,#1216);
#1214 = CARTESIAN_POINT('',(-1.27,-6.096,0.));
#1215 = DIRECTION('',(0.707106781187,0.707106781187,0.));
#1216 = DIRECTION('',(0.707106781187,-0.707106781187,0.));
#1217 = ADVANCED_FACE('',(#1218),#1229,.F.);
#1218 = FACE_BOUND('',#1219,.F.);
#1219 = EDGE_LOOP('',(#1220,#1226,#1227,#1228));
#1220 = ORIENTED_EDGE('',*,*,#1221,.T.);
#1221 = EDGE_CURVE('',#324,#735,#1222,.T.);
#1222 = LINE('',#1223,#1224);
#1223 = CARTESIAN_POINT('',(1.27,-6.096,0.));
#1224 = VECTOR('',#1225,1.);
#1225 = DIRECTION('',(0.,0.,1.));
#1226 = ORIENTED_EDGE('',*,*,#742,.T.);
#1227 = ORIENTED_EDGE('',*,*,#1187,.F.);
#1228 = ORIENTED_EDGE('',*,*,#331,.F.);
#1229 = PLANE('',#1230);
#1230 = AXIS2_PLACEMENT_3D('',#1231,#1232,#1233);
#1231 = CARTESIAN_POINT('',(1.27,-6.096,0.));
#1232 = DIRECTION('',(-1.,0.,0.));
#1233 = DIRECTION('',(0.,1.,0.));
#1234 = ADVANCED_FACE('',(#1235),#1246,.F.);
#1235 = FACE_BOUND('',#1236,.F.);
#1236 = EDGE_LOOP('',(#1237,#1238,#1239,#1245));
#1237 = ORIENTED_EDGE('',*,*,#1206,.T.);
#1238 = ORIENTED_EDGE('',*,*,#630,.T.);
#1239 = ORIENTED_EDGE('',*,*,#1240,.F.);
#1240 = EDGE_CURVE('',#220,#631,#1241,.T.);
#1241 = LINE('',#1242,#1243);
#1242 = CARTESIAN_POINT('',(-1.27,-6.604,0.));
#1243 = VECTOR('',#1244,1.);
#1244 = DIRECTION('',(0.,0.,1.));
#1245 = ORIENTED_EDGE('',*,*,#219,.F.);
#1246 = PLANE('',#1247);
#1247 = AXIS2_PLACEMENT_3D('',#1248,#1249,#1250);
#1248 = CARTESIAN_POINT('',(-1.016,-6.35,0.));
#1249 = DIRECTION('',(0.707106781187,-0.707106781187,0.));
#1250 = DIRECTION('',(-0.707106781187,-0.707106781187,0.));
#1251 = ADVANCED_FACE('',(#1252),#1263,.F.);
#1252 = FACE_BOUND('',#1253,.F.);
#1253 = EDGE_LOOP('',(#1254,#1260,#1261,#1262));
#1254 = ORIENTED_EDGE('',*,*,#1255,.T.);
#1255 = EDGE_CURVE('',#316,#727,#1256,.T.);
#1256 = LINE('',#1257,#1258);
#1257 = CARTESIAN_POINT('',(1.016,-6.35,0.));
#1258 = VECTOR('',#1259,1.);
#1259 = DIRECTION('',(0.,0.,1.));
#1260 = ORIENTED_EDGE('',*,*,#734,.T.);
#1261 = ORIENTED_EDGE('',*,*,#1221,.F.);
#1262 = ORIENTED_EDGE('',*,*,#323,.F.);
#1263 = PLANE('',#1264);
#1264 = AXIS2_PLACEMENT_3D('',#1265,#1266,#1267);
#1265 = CARTESIAN_POINT('',(1.016,-6.35,0.));
#1266 = DIRECTION('',(-0.707106781187,0.707106781187,0.));
#1267 = DIRECTION('',(0.707106781187,0.707106781187,0.));
#1268 = ADVANCED_FACE('',(#1269),#1280,.F.);
#1269 = FACE_BOUND('',#1270,.F.);
#1270 = EDGE_LOOP('',(#1271,#1272,#1273,#1279));
#1271 = ORIENTED_EDGE('',*,*,#1240,.T.);
#1272 = ORIENTED_EDGE('',*,*,#638,.T.);
#1273 = ORIENTED_EDGE('',*,*,#1274,.F.);
#1274 = EDGE_CURVE('',#228,#639,#1275,.T.);
#1275 = LINE('',#1276,#1277);
#1276 = CARTESIAN_POINT('',(-1.27,-8.636,0.));
#1277 = VECTOR('',#1278,1.);
#1278 = DIRECTION('',(0.,0.,1.));
#1279 = ORIENTED_EDGE('',*,*,#227,.F.);
#1280 = PLANE('',#1281);
#1281 = AXIS2_PLACEMENT_3D('',#1282,#1283,#1284);
#1282 = CARTESIAN_POINT('',(-1.27,-6.604,0.));
#1283 = DIRECTION('',(1.,0.,0.));
#1284 = DIRECTION('',(0.,-1.,0.));
#1285 = ADVANCED_FACE('',(#1286),#1297,.F.);
#1286 = FACE_BOUND('',#1287,.F.);
#1287 = EDGE_LOOP('',(#1288,#1294,#1295,#1296));
#1288 = ORIENTED_EDGE('',*,*,#1289,.T.);
#1289 = EDGE_CURVE('',#308,#719,#1290,.T.);
#1290 = LINE('',#1291,#1292);
#1291 = CARTESIAN_POINT('',(1.27,-6.604,0.));
#1292 = VECTOR('',#1293,1.);
#1293 = DIRECTION('',(0.,0.,1.));
#1294 = ORIENTED_EDGE('',*,*,#726,.T.);
#1295 = ORIENTED_EDGE('',*,*,#1255,.F.);
#1296 = ORIENTED_EDGE('',*,*,#315,.F.);
#1297 = PLANE('',#1298);
#1298 = AXIS2_PLACEMENT_3D('',#1299,#1300,#1301);
#1299 = CARTESIAN_POINT('',(1.27,-6.604,0.));
#1300 = DIRECTION('',(-0.707106781187,-0.707106781187,0.));
#1301 = DIRECTION('',(-0.707106781187,0.707106781187,0.));
#1302 = ADVANCED_FACE('',(#1303),#1314,.F.);
#1303 = FACE_BOUND('',#1304,.F.);
#1304 = EDGE_LOOP('',(#1305,#1306,#1307,#1313));
#1305 = ORIENTED_EDGE('',*,*,#1274,.T.);
#1306 = ORIENTED_EDGE('',*,*,#646,.T.);
#1307 = ORIENTED_EDGE('',*,*,#1308,.F.);
#1308 = EDGE_CURVE('',#236,#647,#1309,.T.);
#1309 = LINE('',#1310,#1311);
#1310 = CARTESIAN_POINT('',(-1.016,-8.89,0.));
#1311 = VECTOR('',#1312,1.);
#1312 = DIRECTION('',(0.,0.,1.));
#1313 = ORIENTED_EDGE('',*,*,#235,.F.);
#1314 = PLANE('',#1315);
#1315 = AXIS2_PLACEMENT_3D('',#1316,#1317,#1318);
#1316 = CARTESIAN_POINT('',(-1.27,-8.636,0.));
#1317 = DIRECTION('',(0.707106781187,0.707106781187,0.));
#1318 = DIRECTION('',(0.707106781187,-0.707106781187,0.));
#1319 = ADVANCED_FACE('',(#1320),#1331,.F.);
#1320 = FACE_BOUND('',#1321,.F.);
#1321 = EDGE_LOOP('',(#1322,#1328,#1329,#1330));
#1322 = ORIENTED_EDGE('',*,*,#1323,.T.);
#1323 = EDGE_CURVE('',#300,#711,#1324,.T.);
#1324 = LINE('',#1325,#1326);
#1325 = CARTESIAN_POINT('',(1.27,-8.636,0.));
#1326 = VECTOR('',#1327,1.);
#1327 = DIRECTION('',(0.,0.,1.));
#1328 = ORIENTED_EDGE('',*,*,#718,.T.);
#1329 = ORIENTED_EDGE('',*,*,#1289,.F.);
#1330 = ORIENTED_EDGE('',*,*,#307,.F.);
#1331 = PLANE('',#1332);
#1332 = AXIS2_PLACEMENT_3D('',#1333,#1334,#1335);
#1333 = CARTESIAN_POINT('',(1.27,-8.636,0.));
#1334 = DIRECTION('',(-1.,0.,0.));
#1335 = DIRECTION('',(0.,1.,0.));
#1336 = ADVANCED_FACE('',(#1337),#1348,.F.);
#1337 = FACE_BOUND('',#1338,.F.);
#1338 = EDGE_LOOP('',(#1339,#1340,#1341,#1347));
#1339 = ORIENTED_EDGE('',*,*,#1308,.T.);
#1340 = ORIENTED_EDGE('',*,*,#654,.T.);
#1341 = ORIENTED_EDGE('',*,*,#1342,.F.);
#1342 = EDGE_CURVE('',#244,#655,#1343,.T.);
#1343 = LINE('',#1344,#1345);
#1344 = CARTESIAN_POINT('',(-1.27,-9.144,0.));
#1345 = VECTOR('',#1346,1.);
#1346 = DIRECTION('',(0.,0.,1.));
#1347 = ORIENTED_EDGE('',*,*,#243,.F.);
#1348 = PLANE('',#1349);
#1349 = AXIS2_PLACEMENT_3D('',#1350,#1351,#1352);
#1350 = CARTESIAN_POINT('',(-1.016,-8.89,0.));
#1351 = DIRECTION('',(0.707106781187,-0.707106781187,0.));
#1352 = DIRECTION('',(-0.707106781187,-0.707106781187,0.));
#1353 = ADVANCED_FACE('',(#1354),#1365,.F.);
#1354 = FACE_BOUND('',#1355,.F.);
#1355 = EDGE_LOOP('',(#1356,#1362,#1363,#1364));
#1356 = ORIENTED_EDGE('',*,*,#1357,.T.);
#1357 = EDGE_CURVE('',#292,#703,#1358,.T.);
#1358 = LINE('',#1359,#1360);
#1359 = CARTESIAN_POINT('',(1.016,-8.89,0.));
#1360 = VECTOR('',#1361,1.);
#1361 = DIRECTION('',(0.,0.,1.));
#1362 = ORIENTED_EDGE('',*,*,#710,.T.);
#1363 = ORIENTED_EDGE('',*,*,#1323,.F.);
#1364 = ORIENTED_EDGE('',*,*,#299,.F.);
#1365 = PLANE('',#1366);
#1366 = AXIS2_PLACEMENT_3D('',#1367,#1368,#1369);
#1367 = CARTESIAN_POINT('',(1.016,-8.89,0.));
#1368 = DIRECTION('',(-0.707106781187,0.707106781187,0.));
#1369 = DIRECTION('',(0.707106781187,0.707106781187,0.));
#1370 = ADVANCED_FACE('',(#1371),#1382,.F.);
#1371 = FACE_BOUND('',#1372,.F.);
#1372 = EDGE_LOOP('',(#1373,#1374,#1375,#1381));
#1373 = ORIENTED_EDGE('',*,*,#1342,.T.);
#1374 = ORIENTED_EDGE('',*,*,#662,.T.);
#1375 = ORIENTED_EDGE('',*,*,#1376,.F.);
#1376 = EDGE_CURVE('',#252,#663,#1377,.T.);
#1377 = LINE('',#1378,#1379);
#1378 = CARTESIAN_POINT('',(-1.27,-11.176,0.));
#1379 = VECTOR('',#1380,1.);
#1380 = DIRECTION('',(0.,0.,1.));
#1381 = ORIENTED_EDGE('',*,*,#251,.F.);
#1382 = PLANE('',#1383);
#1383 = AXIS2_PLACEMENT_3D('',#1384,#1385,#1386);
#1384 = CARTESIAN_POINT('',(-1.27,-9.144,0.));
#1385 = DIRECTION('',(1.,0.,0.));
#1386 = DIRECTION('',(0.,-1.,0.));
#1387 = ADVANCED_FACE('',(#1388),#1399,.F.);
#1388 = FACE_BOUND('',#1389,.F.);
#1389 = EDGE_LOOP('',(#1390,#1396,#1397,#1398));
#1390 = ORIENTED_EDGE('',*,*,#1391,.T.);
#1391 = EDGE_CURVE('',#284,#695,#1392,.T.);
#1392 = LINE('',#1393,#1394);
#1393 = CARTESIAN_POINT('',(1.27,-9.144,0.));
#1394 = VECTOR('',#1395,1.);
#1395 = DIRECTION('',(0.,0.,1.));
#1396 = ORIENTED_EDGE('',*,*,#702,.T.);
#1397 = ORIENTED_EDGE('',*,*,#1357,.F.);
#1398 = ORIENTED_EDGE('',*,*,#291,.F.);
#1399 = PLANE('',#1400);
#1400 = AXIS2_PLACEMENT_3D('',#1401,#1402,#1403);
#1401 = CARTESIAN_POINT('',(1.27,-9.144,0.));
#1402 = DIRECTION('',(-0.707106781187,-0.707106781187,0.));
#1403 = DIRECTION('',(-0.707106781187,0.707106781187,0.));
#1404 = ADVANCED_FACE('',(#1405),#1416,.F.);
#1405 = FACE_BOUND('',#1406,.F.);
#1406 = EDGE_LOOP('',(#1407,#1408,#1409,#1415));
#1407 = ORIENTED_EDGE('',*,*,#1376,.T.);
#1408 = ORIENTED_EDGE('',*,*,#670,.T.);
#1409 = ORIENTED_EDGE('',*,*,#1410,.F.);
#1410 = EDGE_CURVE('',#260,#671,#1411,.T.);
#1411 = LINE('',#1412,#1413);
#1412 = CARTESIAN_POINT('',(-1.016,-11.43,0.));
#1413 = VECTOR('',#1414,1.);
#1414 = DIRECTION('',(0.,0.,1.));
#1415 = ORIENTED_EDGE('',*,*,#259,.F.);
#1416 = PLANE('',#1417);
#1417 = AXIS2_PLACEMENT_3D('',#1418,#1419,#1420);
#1418 = CARTESIAN_POINT('',(-1.27,-11.176,0.));
#1419 = DIRECTION('',(0.707106781187,0.707106781187,0.));
#1420 = DIRECTION('',(0.707106781187,-0.707106781187,0.));
#1421 = ADVANCED_FACE('',(#1422),#1433,.F.);
#1422 = FACE_BOUND('',#1423,.F.);
#1423 = EDGE_LOOP('',(#1424,#1430,#1431,#1432));
#1424 = ORIENTED_EDGE('',*,*,#1425,.T.);
#1425 = EDGE_CURVE('',#276,#687,#1426,.T.);
#1426 = LINE('',#1427,#1428);
#1427 = CARTESIAN_POINT('',(1.27,-11.176,0.));
#1428 = VECTOR('',#1429,1.);
#1429 = DIRECTION('',(0.,0.,1.));
#1430 = ORIENTED_EDGE('',*,*,#694,.T.);
#1431 = ORIENTED_EDGE('',*,*,#1391,.F.);
#1432 = ORIENTED_EDGE('',*,*,#283,.F.);
#1433 = PLANE('',#1434);
#1434 = AXIS2_PLACEMENT_3D('',#1435,#1436,#1437);
#1435 = CARTESIAN_POINT('',(1.27,-11.176,0.));
#1436 = DIRECTION('',(-1.,0.,0.));
#1437 = DIRECTION('',(0.,1.,0.));
#1438 = ADVANCED_FACE('',(#1439),#1450,.F.);
#1439 = FACE_BOUND('',#1440,.F.);
#1440 = EDGE_LOOP('',(#1441,#1442,#1443,#1449));
#1441 = ORIENTED_EDGE('',*,*,#1410,.T.);
#1442 = ORIENTED_EDGE('',*,*,#678,.T.);
#1443 = ORIENTED_EDGE('',*,*,#1444,.F.);
#1444 = EDGE_CURVE('',#268,#679,#1445,.T.);
#1445 = LINE('',#1446,#1447);
#1446 = CARTESIAN_POINT('',(1.016,-11.43,0.));
#1447 = VECTOR('',#1448,1.);
#1448 = DIRECTION('',(0.,0.,1.));
#1449 = ORIENTED_EDGE('',*,*,#267,.F.);
#1450 = PLANE('',#1451);
#1451 = AXIS2_PLACEMENT_3D('',#1452,#1453,#1454);
#1452 = CARTESIAN_POINT('',(-1.016,-11.43,0.));
#1453 = DIRECTION('',(0.,1.,0.));
#1454 = DIRECTION('',(1.,0.,0.));
#1455 = ADVANCED_FACE('',(#1456),#1462,.F.);
#1456 = FACE_BOUND('',#1457,.F.);
#1457 = EDGE_LOOP('',(#1458,#1459,#1460,#1461));
#1458 = ORIENTED_EDGE('',*,*,#1444,.T.);
#1459 = ORIENTED_EDGE('',*,*,#686,.T.);
#1460 = ORIENTED_EDGE('',*,*,#1425,.F.);
#1461 = ORIENTED_EDGE('',*,*,#275,.F.);
#1462 = PLANE('',#1463);
#1463 = AXIS2_PLACEMENT_3D('',#1464,#1465,#1466);
#1464 = CARTESIAN_POINT('',(1.016,-11.43,0.));
#1465 = DIRECTION('',(-0.707106781187,0.707106781187,0.));
#1466 = DIRECTION('',(0.707106781187,0.707106781187,0.));
#1467 = ADVANCED_FACE('',(#1468),#1493,.T.);
#1468 = FACE_BOUND('',#1469,.T.);
#1469 = EDGE_LOOP('',(#1470,#1478,#1486,#1492));
#1470 = ORIENTED_EDGE('',*,*,#1471,.F.);
#1471 = EDGE_CURVE('',#1472,#397,#1474,.T.);
#1472 = VERTEX_POINT('',#1473);
#1473 = CARTESIAN_POINT('',(0.32,-0.32,-2.84));
#1474 = LINE('',#1475,#1476);
#1475 = CARTESIAN_POINT('',(0.32,-0.32,-3.));
#1476 = VECTOR('',#1477,1.);
#1477 = DIRECTION('',(0.,0.,1.));
#1478 = ORIENTED_EDGE('',*,*,#1479,.T.);
#1479 = EDGE_CURVE('',#1472,#1480,#1482,.T.);
#1480 = VERTEX_POINT('',#1481);
#1481 = CARTESIAN_POINT('',(0.32,0.32,-2.84));
#1482 = LINE('',#1483,#1484);
#1483 = CARTESIAN_POINT('',(0.32,-0.32,-2.84));
#1484 = VECTOR('',#1485,1.);
#1485 = DIRECTION('',(0.,1.,0.));
#1486 = ORIENTED_EDGE('',*,*,#1487,.T.);
#1487 = EDGE_CURVE('',#1480,#399,#1488,.T.);
#1488 = LINE('',#1489,#1490);
#1489 = CARTESIAN_POINT('',(0.32,0.32,-3.));
#1490 = VECTOR('',#1491,1.);
#1491 = DIRECTION('',(0.,0.,1.));
#1492 = ORIENTED_EDGE('',*,*,#396,.F.);
#1493 = PLANE('',#1494);
#1494 = AXIS2_PLACEMENT_3D('',#1495,#1496,#1497);
#1495 = CARTESIAN_POINT('',(0.32,-0.32,-3.));
#1496 = DIRECTION('',(1.,0.,0.));
#1497 = DIRECTION('',(0.,0.,1.));
#1498 = ADVANCED_FACE('',(#1499),#1517,.T.);
#1499 = FACE_BOUND('',#1500,.T.);
#1500 = EDGE_LOOP('',(#1501,#1502,#1510,#1516));
#1501 = ORIENTED_EDGE('',*,*,#1487,.F.);
#1502 = ORIENTED_EDGE('',*,*,#1503,.F.);
#1503 = EDGE_CURVE('',#1504,#1480,#1506,.T.);
#1504 = VERTEX_POINT('',#1505);
#1505 = CARTESIAN_POINT('',(-0.32,0.32,-2.84));
#1506 = LINE('',#1507,#1508);
#1507 = CARTESIAN_POINT('',(-0.32,0.32,-2.84));
#1508 = VECTOR('',#1509,1.);
#1509 = DIRECTION('',(1.,0.,0.));
#1510 = ORIENTED_EDGE('',*,*,#1511,.T.);
#1511 = EDGE_CURVE('',#1504,#415,#1512,.T.);
#1512 = LINE('',#1513,#1514);
#1513 = CARTESIAN_POINT('',(-0.32,0.32,-3.));
#1514 = VECTOR('',#1515,1.);
#1515 = DIRECTION('',(0.,0.,1.));
#1516 = ORIENTED_EDGE('',*,*,#422,.F.);
#1517 = PLANE('',#1518);
#1518 = AXIS2_PLACEMENT_3D('',#1519,#1520,#1521);
#1519 = CARTESIAN_POINT('',(-0.32,0.32,-3.));
#1520 = DIRECTION('',(0.,1.,0.));
#1521 = DIRECTION('',(0.,-0.,1.));
#1522 = ADVANCED_FACE('',(#1523),#1541,.F.);
#1523 = FACE_BOUND('',#1524,.F.);
#1524 = EDGE_LOOP('',(#1525,#1533,#1539,#1540));
#1525 = ORIENTED_EDGE('',*,*,#1526,.F.);
#1526 = EDGE_CURVE('',#1527,#407,#1529,.T.);
#1527 = VERTEX_POINT('',#1528);
#1528 = CARTESIAN_POINT('',(-0.32,-0.32,-2.84));
#1529 = LINE('',#1530,#1531);
#1530 = CARTESIAN_POINT('',(-0.32,-0.32,-3.));
#1531 = VECTOR('',#1532,1.);
#1532 = DIRECTION('',(0.,0.,1.));
#1533 = ORIENTED_EDGE('',*,*,#1534,.T.);
#1534 = EDGE_CURVE('',#1527,#1504,#1535,.T.);
#1535 = LINE('',#1536,#1537);
#1536 = CARTESIAN_POINT('',(-0.32,-0.32,-2.84));
#1537 = VECTOR('',#1538,1.);
#1538 = DIRECTION('',(0.,1.,0.));
#1539 = ORIENTED_EDGE('',*,*,#1511,.T.);
#1540 = ORIENTED_EDGE('',*,*,#414,.F.);
#1541 = PLANE('',#1542);
#1542 = AXIS2_PLACEMENT_3D('',#1543,#1544,#1545);
#1543 = CARTESIAN_POINT('',(-0.32,-0.32,-3.));
#1544 = DIRECTION('',(1.,0.,0.));
#1545 = DIRECTION('',(0.,0.,1.));
#1546 = ADVANCED_FACE('',(#1547),#1558,.F.);
#1547 = FACE_BOUND('',#1548,.F.);
#1548 = EDGE_LOOP('',(#1549,#1550,#1556,#1557));
#1549 = ORIENTED_EDGE('',*,*,#1471,.F.);
#1550 = ORIENTED_EDGE('',*,*,#1551,.F.);
#1551 = EDGE_CURVE('',#1527,#1472,#1552,.T.);
#1552 = LINE('',#1553,#1554);
#1553 = CARTESIAN_POINT('',(-0.32,-0.32,-2.84));
#1554 = VECTOR('',#1555,1.);
#1555 = DIRECTION('',(1.,0.,0.));
#1556 = ORIENTED_EDGE('',*,*,#1526,.T.);
#1557 = ORIENTED_EDGE('',*,*,#406,.F.);
#1558 = PLANE('',#1559);
#1559 = AXIS2_PLACEMENT_3D('',#1560,#1561,#1562);
#1560 = CARTESIAN_POINT('',(-0.32,-0.32,-3.));
#1561 = DIRECTION('',(0.,1.,0.));
#1562 = DIRECTION('',(0.,-0.,1.));
#1563 = ADVANCED_FACE('',(#1564),#1589,.T.);
#1564 = FACE_BOUND('',#1565,.T.);
#1565 = EDGE_LOOP('',(#1566,#1574,#1582,#1588));
#1566 = ORIENTED_EDGE('',*,*,#1567,.F.);
#1567 = EDGE_CURVE('',#1568,#431,#1570,.T.);
#1568 = VERTEX_POINT('',#1569);
#1569 = CARTESIAN_POINT('',(0.32,-2.22,-2.84));
#1570 = LINE('',#1571,#1572);
#1571 = CARTESIAN_POINT('',(0.32,-2.22,-3.));
#1572 = VECTOR('',#1573,1.);
#1573 = DIRECTION('',(0.,0.,1.));
#1574 = ORIENTED_EDGE('',*,*,#1575,.F.);
#1575 = EDGE_CURVE('',#1576,#1568,#1578,.T.);
#1576 = VERTEX_POINT('',#1577);
#1577 = CARTESIAN_POINT('',(-0.32,-2.22,-2.84));
#1578 = LINE('',#1579,#1580);
#1579 = CARTESIAN_POINT('',(-0.32,-2.22,-2.84));
#1580 = VECTOR('',#1581,1.);
#1581 = DIRECTION('',(1.,0.,0.));
#1582 = ORIENTED_EDGE('',*,*,#1583,.T.);
#1583 = EDGE_CURVE('',#1576,#433,#1584,.T.);
#1584 = LINE('',#1585,#1586);
#1585 = CARTESIAN_POINT('',(-0.32,-2.22,-3.));
#1586 = VECTOR('',#1587,1.);
#1587 = DIRECTION('',(0.,0.,1.));
#1588 = ORIENTED_EDGE('',*,*,#430,.F.);
#1589 = PLANE('',#1590);
#1590 = AXIS2_PLACEMENT_3D('',#1591,#1592,#1593);
#1591 = CARTESIAN_POINT('',(-0.32,-2.22,-3.));
#1592 = DIRECTION('',(0.,1.,0.));
#1593 = DIRECTION('',(0.,-0.,1.));
#1594 = ADVANCED_FACE('',(#1595),#1613,.F.);
#1595 = FACE_BOUND('',#1596,.F.);
#1596 = EDGE_LOOP('',(#1597,#1605,#1611,#1612));
#1597 = ORIENTED_EDGE('',*,*,#1598,.F.);
#1598 = EDGE_CURVE('',#1599,#449,#1601,.T.);
#1599 = VERTEX_POINT('',#1600);
#1600 = CARTESIAN_POINT('',(-0.32,-2.86,-2.84));
#1601 = LINE('',#1602,#1603);
#1602 = CARTESIAN_POINT('',(-0.32,-2.86,-3.));
#1603 = VECTOR('',#1604,1.);
#1604 = DIRECTION('',(0.,0.,1.));
#1605 = ORIENTED_EDGE('',*,*,#1606,.T.);
#1606 = EDGE_CURVE('',#1599,#1576,#1607,.T.);
#1607 = LINE('',#1608,#1609);
#1608 = CARTESIAN_POINT('',(-0.32,-2.86,-2.84));
#1609 = VECTOR('',#1610,1.);
#1610 = DIRECTION('',(0.,1.,0.));
#1611 = ORIENTED_EDGE('',*,*,#1583,.T.);
#1612 = ORIENTED_EDGE('',*,*,#456,.F.);
#1613 = PLANE('',#1614);
#1614 = AXIS2_PLACEMENT_3D('',#1615,#1616,#1617);
#1615 = CARTESIAN_POINT('',(-0.32,-2.86,-3.));
#1616 = DIRECTION('',(1.,0.,0.));
#1617 = DIRECTION('',(0.,0.,1.));
#1618 = ADVANCED_FACE('',(#1619),#1637,.F.);
#1619 = FACE_BOUND('',#1620,.F.);
#1620 = EDGE_LOOP('',(#1621,#1629,#1635,#1636));
#1621 = ORIENTED_EDGE('',*,*,#1622,.F.);
#1622 = EDGE_CURVE('',#1623,#441,#1625,.T.);
#1623 = VERTEX_POINT('',#1624);
#1624 = CARTESIAN_POINT('',(0.32,-2.86,-2.84));
#1625 = LINE('',#1626,#1627);
#1626 = CARTESIAN_POINT('',(0.32,-2.86,-3.));
#1627 = VECTOR('',#1628,1.);
#1628 = DIRECTION('',(0.,0.,1.));
#1629 = ORIENTED_EDGE('',*,*,#1630,.F.);
#1630 = EDGE_CURVE('',#1599,#1623,#1631,.T.);
#1631 = LINE('',#1632,#1633);
#1632 = CARTESIAN_POINT('',(-0.32,-2.86,-2.84));
#1633 = VECTOR('',#1634,1.);
#1634 = DIRECTION('',(1.,0.,0.));
#1635 = ORIENTED_EDGE('',*,*,#1598,.T.);
#1636 = ORIENTED_EDGE('',*,*,#448,.F.);
#1637 = PLANE('',#1638);
#1638 = AXIS2_PLACEMENT_3D('',#1639,#1640,#1641);
#1639 = CARTESIAN_POINT('',(-0.32,-2.86,-3.));
#1640 = DIRECTION('',(0.,1.,0.));
#1641 = DIRECTION('',(0.,-0.,1.));
#1642 = ADVANCED_FACE('',(#1643),#1654,.T.);
#1643 = FACE_BOUND('',#1644,.T.);
#1644 = EDGE_LOOP('',(#1645,#1646,#1652,#1653));
#1645 = ORIENTED_EDGE('',*,*,#1622,.F.);
#1646 = ORIENTED_EDGE('',*,*,#1647,.T.);
#1647 = EDGE_CURVE('',#1623,#1568,#1648,.T.);
#1648 = LINE('',#1649,#1650);
#1649 = CARTESIAN_POINT('',(0.32,-2.86,-2.84));
#1650 = VECTOR('',#1651,1.);
#1651 = DIRECTION('',(0.,1.,0.));
#1652 = ORIENTED_EDGE('',*,*,#1567,.T.);
#1653 = ORIENTED_EDGE('',*,*,#440,.F.);
#1654 = PLANE('',#1655);
#1655 = AXIS2_PLACEMENT_3D('',#1656,#1657,#1658);
#1656 = CARTESIAN_POINT('',(0.32,-2.86,-3.));
#1657 = DIRECTION('',(1.,0.,0.));
#1658 = DIRECTION('',(0.,0.,1.));
#1659 = ADVANCED_FACE('',(#1660),#1685,.T.);
#1660 = FACE_BOUND('',#1661,.T.);
#1661 = EDGE_LOOP('',(#1662,#1670,#1678,#1684));
#1662 = ORIENTED_EDGE('',*,*,#1663,.F.);
#1663 = EDGE_CURVE('',#1664,#465,#1666,.T.);
#1664 = VERTEX_POINT('',#1665);
#1665 = CARTESIAN_POINT('',(0.32,-4.76,-2.84));
#1666 = LINE('',#1667,#1668);
#1667 = CARTESIAN_POINT('',(0.32,-4.76,-3.));
#1668 = VECTOR('',#1669,1.);
#1669 = DIRECTION('',(0.,0.,1.));
#1670 = ORIENTED_EDGE('',*,*,#1671,.F.);
#1671 = EDGE_CURVE('',#1672,#1664,#1674,.T.);
#1672 = VERTEX_POINT('',#1673);
#1673 = CARTESIAN_POINT('',(-0.32,-4.76,-2.84));
#1674 = LINE('',#1675,#1676);
#1675 = CARTESIAN_POINT('',(-0.32,-4.76,-2.84));
#1676 = VECTOR('',#1677,1.);
#1677 = DIRECTION('',(1.,0.,0.));
#1678 = ORIENTED_EDGE('',*,*,#1679,.T.);
#1679 = EDGE_CURVE('',#1672,#467,#1680,.T.);
#1680 = LINE('',#1681,#1682);
#1681 = CARTESIAN_POINT('',(-0.32,-4.76,-3.));
#1682 = VECTOR('',#1683,1.);
#1683 = DIRECTION('',(0.,0.,1.));
#1684 = ORIENTED_EDGE('',*,*,#464,.F.);
#1685 = PLANE('',#1686);
#1686 = AXIS2_PLACEMENT_3D('',#1687,#1688,#1689);
#1687 = CARTESIAN_POINT('',(-0.32,-4.76,-3.));
#1688 = DIRECTION('',(0.,1.,0.));
#1689 = DIRECTION('',(0.,-0.,1.));
#1690 = ADVANCED_FACE('',(#1691),#1709,.F.);
#1691 = FACE_BOUND('',#1692,.F.);
#1692 = EDGE_LOOP('',(#1693,#1701,#1707,#1708));
#1693 = ORIENTED_EDGE('',*,*,#1694,.F.);
#1694 = EDGE_CURVE('',#1695,#483,#1697,.T.);
#1695 = VERTEX_POINT('',#1696);
#1696 = CARTESIAN_POINT('',(-0.32,-5.4,-2.84));
#1697 = LINE('',#1698,#1699);
#1698 = CARTESIAN_POINT('',(-0.32,-5.4,-3.));
#1699 = VECTOR('',#1700,1.);
#1700 = DIRECTION('',(0.,0.,1.));
#1701 = ORIENTED_EDGE('',*,*,#1702,.T.);
#1702 = EDGE_CURVE('',#1695,#1672,#1703,.T.);
#1703 = LINE('',#1704,#1705);
#1704 = CARTESIAN_POINT('',(-0.32,-5.4,-2.84));
#1705 = VECTOR('',#1706,1.);
#1706 = DIRECTION('',(0.,1.,0.));
#1707 = ORIENTED_EDGE('',*,*,#1679,.T.);
#1708 = ORIENTED_EDGE('',*,*,#490,.F.);
#1709 = PLANE('',#1710);
#1710 = AXIS2_PLACEMENT_3D('',#1711,#1712,#1713);
#1711 = CARTESIAN_POINT('',(-0.32,-5.4,-3.));
#1712 = DIRECTION('',(1.,0.,0.));
#1713 = DIRECTION('',(0.,0.,1.));
#1714 = ADVANCED_FACE('',(#1715),#1733,.F.);
#1715 = FACE_BOUND('',#1716,.F.);
#1716 = EDGE_LOOP('',(#1717,#1725,#1731,#1732));
#1717 = ORIENTED_EDGE('',*,*,#1718,.F.);
#1718 = EDGE_CURVE('',#1719,#475,#1721,.T.);
#1719 = VERTEX_POINT('',#1720);
#1720 = CARTESIAN_POINT('',(0.32,-5.4,-2.84));
#1721 = LINE('',#1722,#1723);
#1722 = CARTESIAN_POINT('',(0.32,-5.4,-3.));
#1723 = VECTOR('',#1724,1.);
#1724 = DIRECTION('',(0.,0.,1.));
#1725 = ORIENTED_EDGE('',*,*,#1726,.F.);
#1726 = EDGE_CURVE('',#1695,#1719,#1727,.T.);
#1727 = LINE('',#1728,#1729);
#1728 = CARTESIAN_POINT('',(-0.32,-5.4,-2.84));
#1729 = VECTOR('',#1730,1.);
#1730 = DIRECTION('',(1.,0.,0.));
#1731 = ORIENTED_EDGE('',*,*,#1694,.T.);
#1732 = ORIENTED_EDGE('',*,*,#482,.F.);
#1733 = PLANE('',#1734);
#1734 = AXIS2_PLACEMENT_3D('',#1735,#1736,#1737);
#1735 = CARTESIAN_POINT('',(-0.32,-5.4,-3.));
#1736 = DIRECTION('',(0.,1.,0.));
#1737 = DIRECTION('',(0.,-0.,1.));
#1738 = ADVANCED_FACE('',(#1739),#1750,.T.);
#1739 = FACE_BOUND('',#1740,.T.);
#1740 = EDGE_LOOP('',(#1741,#1742,#1748,#1749));
#1741 = ORIENTED_EDGE('',*,*,#1718,.F.);
#1742 = ORIENTED_EDGE('',*,*,#1743,.T.);
#1743 = EDGE_CURVE('',#1719,#1664,#1744,.T.);
#1744 = LINE('',#1745,#1746);
#1745 = CARTESIAN_POINT('',(0.32,-5.4,-2.84));
#1746 = VECTOR('',#1747,1.);
#1747 = DIRECTION('',(0.,1.,0.));
#1748 = ORIENTED_EDGE('',*,*,#1663,.T.);
#1749 = ORIENTED_EDGE('',*,*,#474,.F.);
#1750 = PLANE('',#1751);
#1751 = AXIS2_PLACEMENT_3D('',#1752,#1753,#1754);
#1752 = CARTESIAN_POINT('',(0.32,-5.4,-3.));
#1753 = DIRECTION('',(1.,0.,0.));
#1754 = DIRECTION('',(0.,0.,1.));
#1755 = ADVANCED_FACE('',(#1756),#1781,.T.);
#1756 = FACE_BOUND('',#1757,.T.);
#1757 = EDGE_LOOP('',(#1758,#1766,#1774,#1780));
#1758 = ORIENTED_EDGE('',*,*,#1759,.F.);
#1759 = EDGE_CURVE('',#1760,#499,#1762,.T.);
#1760 = VERTEX_POINT('',#1761);
#1761 = CARTESIAN_POINT('',(0.32,-9.84,-2.84));
#1762 = LINE('',#1763,#1764);
#1763 = CARTESIAN_POINT('',(0.32,-9.84,-3.));
#1764 = VECTOR('',#1765,1.);
#1765 = DIRECTION('',(0.,0.,1.));
#1766 = ORIENTED_EDGE('',*,*,#1767,.F.);
#1767 = EDGE_CURVE('',#1768,#1760,#1770,.T.);
#1768 = VERTEX_POINT('',#1769);
#1769 = CARTESIAN_POINT('',(-0.32,-9.84,-2.84));
#1770 = LINE('',#1771,#1772);
#1771 = CARTESIAN_POINT('',(-0.32,-9.84,-2.84));
#1772 = VECTOR('',#1773,1.);
#1773 = DIRECTION('',(1.,0.,0.));
#1774 = ORIENTED_EDGE('',*,*,#1775,.T.);
#1775 = EDGE_CURVE('',#1768,#501,#1776,.T.);
#1776 = LINE('',#1777,#1778);
#1777 = CARTESIAN_POINT('',(-0.32,-9.84,-3.));
#1778 = VECTOR('',#1779,1.);
#1779 = DIRECTION('',(0.,0.,1.));
#1780 = ORIENTED_EDGE('',*,*,#498,.F.);
#1781 = PLANE('',#1782);
#1782 = AXIS2_PLACEMENT_3D('',#1783,#1784,#1785);
#1783 = CARTESIAN_POINT('',(-0.32,-9.84,-3.));
#1784 = DIRECTION('',(0.,1.,0.));
#1785 = DIRECTION('',(0.,-0.,1.));
#1786 = ADVANCED_FACE('',(#1787),#1805,.F.);
#1787 = FACE_BOUND('',#1788,.F.);
#1788 = EDGE_LOOP('',(#1789,#1797,#1803,#1804));
#1789 = ORIENTED_EDGE('',*,*,#1790,.F.);
#1790 = EDGE_CURVE('',#1791,#517,#1793,.T.);
#1791 = VERTEX_POINT('',#1792);
#1792 = CARTESIAN_POINT('',(-0.32,-10.48,-2.84));
#1793 = LINE('',#1794,#1795);
#1794 = CARTESIAN_POINT('',(-0.32,-10.48,-3.));
#1795 = VECTOR('',#1796,1.);
#1796 = DIRECTION('',(0.,0.,1.));
#1797 = ORIENTED_EDGE('',*,*,#1798,.T.);
#1798 = EDGE_CURVE('',#1791,#1768,#1799,.T.);
#1799 = LINE('',#1800,#1801);
#1800 = CARTESIAN_POINT('',(-0.32,-10.48,-2.84));
#1801 = VECTOR('',#1802,1.);
#1802 = DIRECTION('',(0.,1.,0.));
#1803 = ORIENTED_EDGE('',*,*,#1775,.T.);
#1804 = ORIENTED_EDGE('',*,*,#524,.F.);
#1805 = PLANE('',#1806);
#1806 = AXIS2_PLACEMENT_3D('',#1807,#1808,#1809);
#1807 = CARTESIAN_POINT('',(-0.32,-10.48,-3.));
#1808 = DIRECTION('',(1.,0.,0.));
#1809 = DIRECTION('',(0.,0.,1.));
#1810 = ADVANCED_FACE('',(#1811),#1829,.F.);
#1811 = FACE_BOUND('',#1812,.F.);
#1812 = EDGE_LOOP('',(#1813,#1821,#1827,#1828));
#1813 = ORIENTED_EDGE('',*,*,#1814,.F.);
#1814 = EDGE_CURVE('',#1815,#509,#1817,.T.);
#1815 = VERTEX_POINT('',#1816);
#1816 = CARTESIAN_POINT('',(0.32,-10.48,-2.84));
#1817 = LINE('',#1818,#1819);
#1818 = CARTESIAN_POINT('',(0.32,-10.48,-3.));
#1819 = VECTOR('',#1820,1.);
#1820 = DIRECTION('',(0.,0.,1.));
#1821 = ORIENTED_EDGE('',*,*,#1822,.F.);
#1822 = EDGE_CURVE('',#1791,#1815,#1823,.T.);
#1823 = LINE('',#1824,#1825);
#1824 = CARTESIAN_POINT('',(-0.32,-10.48,-2.84));
#1825 = VECTOR('',#1826,1.);
#1826 = DIRECTION('',(1.,0.,0.));
#1827 = ORIENTED_EDGE('',*,*,#1790,.T.);
#1828 = ORIENTED_EDGE('',*,*,#516,.F.);
#1829 = PLANE('',#1830);
#1830 = AXIS2_PLACEMENT_3D('',#1831,#1832,#1833);
#1831 = CARTESIAN_POINT('',(-0.32,-10.48,-3.));
#1832 = DIRECTION('',(0.,1.,0.));
#1833 = DIRECTION('',(0.,-0.,1.));
#1834 = ADVANCED_FACE('',(#1835),#1846,.T.);
#1835 = FACE_BOUND('',#1836,.T.);
#1836 = EDGE_LOOP('',(#1837,#1838,#1844,#1845));
#1837 = ORIENTED_EDGE('',*,*,#1814,.F.);
#1838 = ORIENTED_EDGE('',*,*,#1839,.T.);
#1839 = EDGE_CURVE('',#1815,#1760,#1840,.T.);
#1840 = LINE('',#1841,#1842);
#1841 = CARTESIAN_POINT('',(0.32,-10.48,-2.84));
#1842 = VECTOR('',#1843,1.);
#1843 = DIRECTION('',(0.,1.,0.));
#1844 = ORIENTED_EDGE('',*,*,#1759,.T.);
#1845 = ORIENTED_EDGE('',*,*,#508,.F.);
#1846 = PLANE('',#1847);
#1847 = AXIS2_PLACEMENT_3D('',#1848,#1849,#1850);
#1848 = CARTESIAN_POINT('',(0.32,-10.48,-3.));
#1849 = DIRECTION('',(1.,0.,0.));
#1850 = DIRECTION('',(0.,0.,1.));
#1851 = ADVANCED_FACE('',(#1852),#1877,.F.);
#1852 = FACE_BOUND('',#1853,.F.);
#1853 = EDGE_LOOP('',(#1854,#1862,#1870,#1876));
#1854 = ORIENTED_EDGE('',*,*,#1855,.F.);
#1855 = EDGE_CURVE('',#1856,#533,#1858,.T.);
#1856 = VERTEX_POINT('',#1857);
#1857 = CARTESIAN_POINT('',(0.32,-7.94,-2.84));
#1858 = LINE('',#1859,#1860);
#1859 = CARTESIAN_POINT('',(0.32,-7.94,-3.));
#1860 = VECTOR('',#1861,1.);
#1861 = DIRECTION('',(0.,0.,1.));
#1862 = ORIENTED_EDGE('',*,*,#1863,.F.);
#1863 = EDGE_CURVE('',#1864,#1856,#1866,.T.);
#1864 = VERTEX_POINT('',#1865);
#1865 = CARTESIAN_POINT('',(-0.32,-7.94,-2.84));
#1866 = LINE('',#1867,#1868);
#1867 = CARTESIAN_POINT('',(-0.32,-7.94,-2.84));
#1868 = VECTOR('',#1869,1.);
#1869 = DIRECTION('',(1.,0.,0.));
#1870 = ORIENTED_EDGE('',*,*,#1871,.T.);
#1871 = EDGE_CURVE('',#1864,#535,#1872,.T.);
#1872 = LINE('',#1873,#1874);
#1873 = CARTESIAN_POINT('',(-0.32,-7.94,-3.));
#1874 = VECTOR('',#1875,1.);
#1875 = DIRECTION('',(0.,0.,1.));
#1876 = ORIENTED_EDGE('',*,*,#532,.F.);
#1877 = PLANE('',#1878);
#1878 = AXIS2_PLACEMENT_3D('',#1879,#1880,#1881);
#1879 = CARTESIAN_POINT('',(-0.32,-7.94,-3.));
#1880 = DIRECTION('',(0.,1.,0.));
#1881 = DIRECTION('',(0.,-0.,1.));
#1882 = ADVANCED_FACE('',(#1883),#1901,.T.);
#1883 = FACE_BOUND('',#1884,.T.);
#1884 = EDGE_LOOP('',(#1885,#1886,#1894,#1900));
#1885 = ORIENTED_EDGE('',*,*,#1855,.F.);
#1886 = ORIENTED_EDGE('',*,*,#1887,.T.);
#1887 = EDGE_CURVE('',#1856,#1888,#1890,.T.);
#1888 = VERTEX_POINT('',#1889);
#1889 = CARTESIAN_POINT('',(0.32,-7.3,-2.84));
#1890 = LINE('',#1891,#1892);
#1891 = CARTESIAN_POINT('',(0.32,-7.94,-2.84));
#1892 = VECTOR('',#1893,1.);
#1893 = DIRECTION('',(0.,1.,0.));
#1894 = ORIENTED_EDGE('',*,*,#1895,.T.);
#1895 = EDGE_CURVE('',#1888,#551,#1896,.T.);
#1896 = LINE('',#1897,#1898);
#1897 = CARTESIAN_POINT('',(0.32,-7.3,-3.));
#1898 = VECTOR('',#1899,1.);
#1899 = DIRECTION('',(0.,0.,1.));
#1900 = ORIENTED_EDGE('',*,*,#558,.F.);
#1901 = PLANE('',#1902);
#1902 = AXIS2_PLACEMENT_3D('',#1903,#1904,#1905);
#1903 = CARTESIAN_POINT('',(0.32,-7.94,-3.));
#1904 = DIRECTION('',(1.,0.,0.));
#1905 = DIRECTION('',(0.,0.,1.));
#1906 = ADVANCED_FACE('',(#1907),#1925,.T.);
#1907 = FACE_BOUND('',#1908,.T.);
#1908 = EDGE_LOOP('',(#1909,#1910,#1918,#1924));
#1909 = ORIENTED_EDGE('',*,*,#1895,.F.);
#1910 = ORIENTED_EDGE('',*,*,#1911,.F.);
#1911 = EDGE_CURVE('',#1912,#1888,#1914,.T.);
#1912 = VERTEX_POINT('',#1913);
#1913 = CARTESIAN_POINT('',(-0.32,-7.3,-2.84));
#1914 = LINE('',#1915,#1916);
#1915 = CARTESIAN_POINT('',(-0.32,-7.3,-2.84));
#1916 = VECTOR('',#1917,1.);
#1917 = DIRECTION('',(1.,0.,0.));
#1918 = ORIENTED_EDGE('',*,*,#1919,.T.);
#1919 = EDGE_CURVE('',#1912,#543,#1920,.T.);
#1920 = LINE('',#1921,#1922);
#1921 = CARTESIAN_POINT('',(-0.32,-7.3,-3.));
#1922 = VECTOR('',#1923,1.);
#1923 = DIRECTION('',(0.,0.,1.));
#1924 = ORIENTED_EDGE('',*,*,#550,.F.);
#1925 = PLANE('',#1926);
#1926 = AXIS2_PLACEMENT_3D('',#1927,#1928,#1929);
#1927 = CARTESIAN_POINT('',(-0.32,-7.3,-3.));
#1928 = DIRECTION('',(0.,1.,0.));
#1929 = DIRECTION('',(0.,-0.,1.));
#1930 = ADVANCED_FACE('',(#1931),#1942,.F.);
#1931 = FACE_BOUND('',#1932,.F.);
#1932 = EDGE_LOOP('',(#1933,#1934,#1940,#1941));
#1933 = ORIENTED_EDGE('',*,*,#1871,.F.);
#1934 = ORIENTED_EDGE('',*,*,#1935,.T.);
#1935 = EDGE_CURVE('',#1864,#1912,#1936,.T.);
#1936 = LINE('',#1937,#1938);
#1937 = CARTESIAN_POINT('',(-0.32,-7.94,-2.84));
#1938 = VECTOR('',#1939,1.);
#1939 = DIRECTION('',(0.,1.,0.));
#1940 = ORIENTED_EDGE('',*,*,#1919,.T.);
#1941 = ORIENTED_EDGE('',*,*,#542,.F.);
#1942 = PLANE('',#1943);
#1943 = AXIS2_PLACEMENT_3D('',#1944,#1945,#1946);
#1944 = CARTESIAN_POINT('',(-0.32,-7.94,-3.));
#1945 = DIRECTION('',(1.,0.,0.));
#1946 = DIRECTION('',(0.,0.,1.));
#1947 = ADVANCED_FACE('',(#1948),#1973,.T.);
#1948 = FACE_BOUND('',#1949,.T.);
#1949 = EDGE_LOOP('',(#1950,#1958,#1959,#1967));
#1950 = ORIENTED_EDGE('',*,*,#1951,.F.);
#1951 = EDGE_CURVE('',#808,#1952,#1954,.T.);
#1952 = VERTEX_POINT('',#1953);
#1953 = CARTESIAN_POINT('',(0.32,-0.32,8.38));
#1954 = LINE('',#1955,#1956);
#1955 = CARTESIAN_POINT('',(0.32,-0.32,-3.));
#1956 = VECTOR('',#1957,1.);
#1957 = DIRECTION('',(0.,0.,1.));
#1958 = ORIENTED_EDGE('',*,*,#807,.T.);
#1959 = ORIENTED_EDGE('',*,*,#1960,.T.);
#1960 = EDGE_CURVE('',#810,#1961,#1963,.T.);
#1961 = VERTEX_POINT('',#1962);
#1962 = CARTESIAN_POINT('',(0.32,0.32,8.38));
#1963 = LINE('',#1964,#1965);
#1964 = CARTESIAN_POINT('',(0.32,0.32,-3.));
#1965 = VECTOR('',#1966,1.);
#1966 = DIRECTION('',(0.,0.,1.));
#1967 = ORIENTED_EDGE('',*,*,#1968,.F.);
#1968 = EDGE_CURVE('',#1952,#1961,#1969,.T.);
#1969 = LINE('',#1970,#1971);
#1970 = CARTESIAN_POINT('',(0.32,-0.32,8.38));
#1971 = VECTOR('',#1972,1.);
#1972 = DIRECTION('',(0.,1.,0.));
#1973 = PLANE('',#1974);
#1974 = AXIS2_PLACEMENT_3D('',#1975,#1976,#1977);
#1975 = CARTESIAN_POINT('',(0.32,-0.32,-3.));
#1976 = DIRECTION('',(1.,0.,0.));
#1977 = DIRECTION('',(0.,0.,1.));
#1978 = ADVANCED_FACE('',(#1979),#1997,.T.);
#1979 = FACE_BOUND('',#1980,.T.);
#1980 = EDGE_LOOP('',(#1981,#1982,#1983,#1991));
#1981 = ORIENTED_EDGE('',*,*,#1960,.F.);
#1982 = ORIENTED_EDGE('',*,*,#833,.T.);
#1983 = ORIENTED_EDGE('',*,*,#1984,.T.);
#1984 = EDGE_CURVE('',#826,#1985,#1987,.T.);
#1985 = VERTEX_POINT('',#1986);
#1986 = CARTESIAN_POINT('',(-0.32,0.32,8.38));
#1987 = LINE('',#1988,#1989);
#1988 = CARTESIAN_POINT('',(-0.32,0.32,-3.));
#1989 = VECTOR('',#1990,1.);
#1990 = DIRECTION('',(0.,0.,1.));
#1991 = ORIENTED_EDGE('',*,*,#1992,.T.);
#1992 = EDGE_CURVE('',#1985,#1961,#1993,.T.);
#1993 = LINE('',#1994,#1995);
#1994 = CARTESIAN_POINT('',(-0.32,0.32,8.38));
#1995 = VECTOR('',#1996,1.);
#1996 = DIRECTION('',(1.,0.,0.));
#1997 = PLANE('',#1998);
#1998 = AXIS2_PLACEMENT_3D('',#1999,#2000,#2001);
#1999 = CARTESIAN_POINT('',(-0.32,0.32,-3.));
#2000 = DIRECTION('',(0.,1.,0.));
#2001 = DIRECTION('',(0.,-0.,1.));
#2002 = ADVANCED_FACE('',(#2003),#2021,.F.);
#2003 = FACE_BOUND('',#2004,.F.);
#2004 = EDGE_LOOP('',(#2005,#2013,#2014,#2015));
#2005 = ORIENTED_EDGE('',*,*,#2006,.F.);
#2006 = EDGE_CURVE('',#818,#2007,#2009,.T.);
#2007 = VERTEX_POINT('',#2008);
#2008 = CARTESIAN_POINT('',(-0.32,-0.32,8.38));
#2009 = LINE('',#2010,#2011);
#2010 = CARTESIAN_POINT('',(-0.32,-0.32,-3.));
#2011 = VECTOR('',#2012,1.);
#2012 = DIRECTION('',(0.,0.,1.));
#2013 = ORIENTED_EDGE('',*,*,#825,.T.);
#2014 = ORIENTED_EDGE('',*,*,#1984,.T.);
#2015 = ORIENTED_EDGE('',*,*,#2016,.F.);
#2016 = EDGE_CURVE('',#2007,#1985,#2017,.T.);
#2017 = LINE('',#2018,#2019);
#2018 = CARTESIAN_POINT('',(-0.32,-0.32,8.38));
#2019 = VECTOR('',#2020,1.);
#2020 = DIRECTION('',(0.,1.,0.));
#2021 = PLANE('',#2022);
#2022 = AXIS2_PLACEMENT_3D('',#2023,#2024,#2025);
#2023 = CARTESIAN_POINT('',(-0.32,-0.32,-3.));
#2024 = DIRECTION('',(1.,0.,0.));
#2025 = DIRECTION('',(0.,0.,1.));
#2026 = ADVANCED_FACE('',(#2027),#2038,.F.);
#2027 = FACE_BOUND('',#2028,.F.);
#2028 = EDGE_LOOP('',(#2029,#2030,#2031,#2032));
#2029 = ORIENTED_EDGE('',*,*,#1951,.F.);
#2030 = ORIENTED_EDGE('',*,*,#817,.T.);
#2031 = ORIENTED_EDGE('',*,*,#2006,.T.);
#2032 = ORIENTED_EDGE('',*,*,#2033,.T.);
#2033 = EDGE_CURVE('',#2007,#1952,#2034,.T.);
#2034 = LINE('',#2035,#2036);
#2035 = CARTESIAN_POINT('',(-0.32,-0.32,8.38));
#2036 = VECTOR('',#2037,1.);
#2037 = DIRECTION('',(1.,0.,0.));
#2038 = PLANE('',#2039);
#2039 = AXIS2_PLACEMENT_3D('',#2040,#2041,#2042);
#2040 = CARTESIAN_POINT('',(-0.32,-0.32,-3.));
#2041 = DIRECTION('',(0.,1.,0.));
#2042 = DIRECTION('',(0.,-0.,1.));
#2043 = ADVANCED_FACE('',(#2044),#2069,.T.);
#2044 = FACE_BOUND('',#2045,.T.);
#2045 = EDGE_LOOP('',(#2046,#2054,#2055,#2063));
#2046 = ORIENTED_EDGE('',*,*,#2047,.F.);
#2047 = EDGE_CURVE('',#842,#2048,#2050,.T.);
#2048 = VERTEX_POINT('',#2049);
#2049 = CARTESIAN_POINT('',(0.32,-2.22,8.38));
#2050 = LINE('',#2051,#2052);
#2051 = CARTESIAN_POINT('',(0.32,-2.22,-3.));
#2052 = VECTOR('',#2053,1.);
#2053 = DIRECTION('',(0.,0.,1.));
#2054 = ORIENTED_EDGE('',*,*,#841,.T.);
#2055 = ORIENTED_EDGE('',*,*,#2056,.T.);
#2056 = EDGE_CURVE('',#844,#2057,#2059,.T.);
#2057 = VERTEX_POINT('',#2058);
#2058 = CARTESIAN_POINT('',(-0.32,-2.22,8.38));
#2059 = LINE('',#2060,#2061);
#2060 = CARTESIAN_POINT('',(-0.32,-2.22,-3.));
#2061 = VECTOR('',#2062,1.);
#2062 = DIRECTION('',(0.,0.,1.));
#2063 = ORIENTED_EDGE('',*,*,#2064,.T.);
#2064 = EDGE_CURVE('',#2057,#2048,#2065,.T.);
#2065 = LINE('',#2066,#2067);
#2066 = CARTESIAN_POINT('',(-0.32,-2.22,8.38));
#2067 = VECTOR('',#2068,1.);
#2068 = DIRECTION('',(1.,0.,0.));
#2069 = PLANE('',#2070);
#2070 = AXIS2_PLACEMENT_3D('',#2071,#2072,#2073);
#2071 = CARTESIAN_POINT('',(-0.32,-2.22,-3.));
#2072 = DIRECTION('',(0.,1.,0.));
#2073 = DIRECTION('',(0.,-0.,1.));
#2074 = ADVANCED_FACE('',(#2075),#2093,.F.);
#2075 = FACE_BOUND('',#2076,.F.);
#2076 = EDGE_LOOP('',(#2077,#2085,#2086,#2087));
#2077 = ORIENTED_EDGE('',*,*,#2078,.F.);
#2078 = EDGE_CURVE('',#860,#2079,#2081,.T.);
#2079 = VERTEX_POINT('',#2080);
#2080 = CARTESIAN_POINT('',(-0.32,-2.86,8.38));
#2081 = LINE('',#2082,#2083);
#2082 = CARTESIAN_POINT('',(-0.32,-2.86,-3.));
#2083 = VECTOR('',#2084,1.);
#2084 = DIRECTION('',(0.,0.,1.));
#2085 = ORIENTED_EDGE('',*,*,#867,.T.);
#2086 = ORIENTED_EDGE('',*,*,#2056,.T.);
#2087 = ORIENTED_EDGE('',*,*,#2088,.F.);
#2088 = EDGE_CURVE('',#2079,#2057,#2089,.T.);
#2089 = LINE('',#2090,#2091);
#2090 = CARTESIAN_POINT('',(-0.32,-2.86,8.38));
#2091 = VECTOR('',#2092,1.);
#2092 = DIRECTION('',(0.,1.,0.));
#2093 = PLANE('',#2094);
#2094 = AXIS2_PLACEMENT_3D('',#2095,#2096,#2097);
#2095 = CARTESIAN_POINT('',(-0.32,-2.86,-3.));
#2096 = DIRECTION('',(1.,0.,0.));
#2097 = DIRECTION('',(0.,0.,1.));
#2098 = ADVANCED_FACE('',(#2099),#2117,.F.);
#2099 = FACE_BOUND('',#2100,.F.);
#2100 = EDGE_LOOP('',(#2101,#2109,#2110,#2111));
#2101 = ORIENTED_EDGE('',*,*,#2102,.F.);
#2102 = EDGE_CURVE('',#852,#2103,#2105,.T.);
#2103 = VERTEX_POINT('',#2104);
#2104 = CARTESIAN_POINT('',(0.32,-2.86,8.38));
#2105 = LINE('',#2106,#2107);
#2106 = CARTESIAN_POINT('',(0.32,-2.86,-3.));
#2107 = VECTOR('',#2108,1.);
#2108 = DIRECTION('',(0.,0.,1.));
#2109 = ORIENTED_EDGE('',*,*,#859,.T.);
#2110 = ORIENTED_EDGE('',*,*,#2078,.T.);
#2111 = ORIENTED_EDGE('',*,*,#2112,.T.);
#2112 = EDGE_CURVE('',#2079,#2103,#2113,.T.);
#2113 = LINE('',#2114,#2115);
#2114 = CARTESIAN_POINT('',(-0.32,-2.86,8.38));
#2115 = VECTOR('',#2116,1.);
#2116 = DIRECTION('',(1.,0.,0.));
#2117 = PLANE('',#2118);
#2118 = AXIS2_PLACEMENT_3D('',#2119,#2120,#2121);
#2119 = CARTESIAN_POINT('',(-0.32,-2.86,-3.));
#2120 = DIRECTION('',(0.,1.,0.));
#2121 = DIRECTION('',(0.,-0.,1.));
#2122 = ADVANCED_FACE('',(#2123),#2134,.T.);
#2123 = FACE_BOUND('',#2124,.T.);
#2124 = EDGE_LOOP('',(#2125,#2126,#2127,#2128));
#2125 = ORIENTED_EDGE('',*,*,#2102,.F.);
#2126 = ORIENTED_EDGE('',*,*,#851,.T.);
#2127 = ORIENTED_EDGE('',*,*,#2047,.T.);
#2128 = ORIENTED_EDGE('',*,*,#2129,.F.);
#2129 = EDGE_CURVE('',#2103,#2048,#2130,.T.);
#2130 = LINE('',#2131,#2132);
#2131 = CARTESIAN_POINT('',(0.32,-2.86,8.38));
#2132 = VECTOR('',#2133,1.);
#2133 = DIRECTION('',(0.,1.,0.));
#2134 = PLANE('',#2135);
#2135 = AXIS2_PLACEMENT_3D('',#2136,#2137,#2138);
#2136 = CARTESIAN_POINT('',(0.32,-2.86,-3.));
#2137 = DIRECTION('',(1.,0.,0.));
#2138 = DIRECTION('',(0.,0.,1.));
#2139 = ADVANCED_FACE('',(#2140),#2165,.T.);
#2140 = FACE_BOUND('',#2141,.T.);
#2141 = EDGE_LOOP('',(#2142,#2150,#2151,#2159));
#2142 = ORIENTED_EDGE('',*,*,#2143,.F.);
#2143 = EDGE_CURVE('',#876,#2144,#2146,.T.);
#2144 = VERTEX_POINT('',#2145);
#2145 = CARTESIAN_POINT('',(0.32,-4.76,8.38));
#2146 = LINE('',#2147,#2148);
#2147 = CARTESIAN_POINT('',(0.32,-4.76,-3.));
#2148 = VECTOR('',#2149,1.);
#2149 = DIRECTION('',(0.,0.,1.));
#2150 = ORIENTED_EDGE('',*,*,#875,.T.);
#2151 = ORIENTED_EDGE('',*,*,#2152,.T.);
#2152 = EDGE_CURVE('',#878,#2153,#2155,.T.);
#2153 = VERTEX_POINT('',#2154);
#2154 = CARTESIAN_POINT('',(-0.32,-4.76,8.38));
#2155 = LINE('',#2156,#2157);
#2156 = CARTESIAN_POINT('',(-0.32,-4.76,-3.));
#2157 = VECTOR('',#2158,1.);
#2158 = DIRECTION('',(0.,0.,1.));
#2159 = ORIENTED_EDGE('',*,*,#2160,.T.);
#2160 = EDGE_CURVE('',#2153,#2144,#2161,.T.);
#2161 = LINE('',#2162,#2163);
#2162 = CARTESIAN_POINT('',(-0.32,-4.76,8.38));
#2163 = VECTOR('',#2164,1.);
#2164 = DIRECTION('',(1.,0.,0.));
#2165 = PLANE('',#2166);
#2166 = AXIS2_PLACEMENT_3D('',#2167,#2168,#2169);
#2167 = CARTESIAN_POINT('',(-0.32,-4.76,-3.));
#2168 = DIRECTION('',(0.,1.,0.));
#2169 = DIRECTION('',(0.,-0.,1.));
#2170 = ADVANCED_FACE('',(#2171),#2189,.F.);
#2171 = FACE_BOUND('',#2172,.F.);
#2172 = EDGE_LOOP('',(#2173,#2181,#2182,#2183));
#2173 = ORIENTED_EDGE('',*,*,#2174,.F.);
#2174 = EDGE_CURVE('',#894,#2175,#2177,.T.);
#2175 = VERTEX_POINT('',#2176);
#2176 = CARTESIAN_POINT('',(-0.32,-5.4,8.38));
#2177 = LINE('',#2178,#2179);
#2178 = CARTESIAN_POINT('',(-0.32,-5.4,-3.));
#2179 = VECTOR('',#2180,1.);
#2180 = DIRECTION('',(0.,0.,1.));
#2181 = ORIENTED_EDGE('',*,*,#901,.T.);
#2182 = ORIENTED_EDGE('',*,*,#2152,.T.);
#2183 = ORIENTED_EDGE('',*,*,#2184,.F.);
#2184 = EDGE_CURVE('',#2175,#2153,#2185,.T.);
#2185 = LINE('',#2186,#2187);
#2186 = CARTESIAN_POINT('',(-0.32,-5.4,8.38));
#2187 = VECTOR('',#2188,1.);
#2188 = DIRECTION('',(0.,1.,0.));
#2189 = PLANE('',#2190);
#2190 = AXIS2_PLACEMENT_3D('',#2191,#2192,#2193);
#2191 = CARTESIAN_POINT('',(-0.32,-5.4,-3.));
#2192 = DIRECTION('',(1.,0.,0.));
#2193 = DIRECTION('',(0.,0.,1.));
#2194 = ADVANCED_FACE('',(#2195),#2213,.F.);
#2195 = FACE_BOUND('',#2196,.F.);
#2196 = EDGE_LOOP('',(#2197,#2205,#2206,#2207));
#2197 = ORIENTED_EDGE('',*,*,#2198,.F.);
#2198 = EDGE_CURVE('',#886,#2199,#2201,.T.);
#2199 = VERTEX_POINT('',#2200);
#2200 = CARTESIAN_POINT('',(0.32,-5.4,8.38));
#2201 = LINE('',#2202,#2203);
#2202 = CARTESIAN_POINT('',(0.32,-5.4,-3.));
#2203 = VECTOR('',#2204,1.);
#2204 = DIRECTION('',(0.,0.,1.));
#2205 = ORIENTED_EDGE('',*,*,#893,.T.);
#2206 = ORIENTED_EDGE('',*,*,#2174,.T.);
#2207 = ORIENTED_EDGE('',*,*,#2208,.T.);
#2208 = EDGE_CURVE('',#2175,#2199,#2209,.T.);
#2209 = LINE('',#2210,#2211);
#2210 = CARTESIAN_POINT('',(-0.32,-5.4,8.38));
#2211 = VECTOR('',#2212,1.);
#2212 = DIRECTION('',(1.,0.,0.));
#2213 = PLANE('',#2214);
#2214 = AXIS2_PLACEMENT_3D('',#2215,#2216,#2217);
#2215 = CARTESIAN_POINT('',(-0.32,-5.4,-3.));
#2216 = DIRECTION('',(0.,1.,0.));
#2217 = DIRECTION('',(0.,-0.,1.));
#2218 = ADVANCED_FACE('',(#2219),#2230,.T.);
#2219 = FACE_BOUND('',#2220,.T.);
#2220 = EDGE_LOOP('',(#2221,#2222,#2223,#2224));
#2221 = ORIENTED_EDGE('',*,*,#2198,.F.);
#2222 = ORIENTED_EDGE('',*,*,#885,.T.);
#2223 = ORIENTED_EDGE('',*,*,#2143,.T.);
#2224 = ORIENTED_EDGE('',*,*,#2225,.F.);
#2225 = EDGE_CURVE('',#2199,#2144,#2226,.T.);
#2226 = LINE('',#2227,#2228);
#2227 = CARTESIAN_POINT('',(0.32,-5.4,8.38));
#2228 = VECTOR('',#2229,1.);
#2229 = DIRECTION('',(0.,1.,0.));
#2230 = PLANE('',#2231);
#2231 = AXIS2_PLACEMENT_3D('',#2232,#2233,#2234);
#2232 = CARTESIAN_POINT('',(0.32,-5.4,-3.));
#2233 = DIRECTION('',(1.,0.,0.));
#2234 = DIRECTION('',(0.,0.,1.));
#2235 = ADVANCED_FACE('',(#2236),#2261,.T.);
#2236 = FACE_BOUND('',#2237,.T.);
#2237 = EDGE_LOOP('',(#2238,#2246,#2247,#2255));
#2238 = ORIENTED_EDGE('',*,*,#2239,.F.);
#2239 = EDGE_CURVE('',#910,#2240,#2242,.T.);
#2240 = VERTEX_POINT('',#2241);
#2241 = CARTESIAN_POINT('',(0.32,-9.84,8.38));
#2242 = LINE('',#2243,#2244);
#2243 = CARTESIAN_POINT('',(0.32,-9.84,-3.));
#2244 = VECTOR('',#2245,1.);
#2245 = DIRECTION('',(0.,0.,1.));
#2246 = ORIENTED_EDGE('',*,*,#909,.T.);
#2247 = ORIENTED_EDGE('',*,*,#2248,.T.);
#2248 = EDGE_CURVE('',#912,#2249,#2251,.T.);
#2249 = VERTEX_POINT('',#2250);
#2250 = CARTESIAN_POINT('',(-0.32,-9.84,8.38));
#2251 = LINE('',#2252,#2253);
#2252 = CARTESIAN_POINT('',(-0.32,-9.84,-3.));
#2253 = VECTOR('',#2254,1.);
#2254 = DIRECTION('',(0.,0.,1.));
#2255 = ORIENTED_EDGE('',*,*,#2256,.T.);
#2256 = EDGE_CURVE('',#2249,#2240,#2257,.T.);
#2257 = LINE('',#2258,#2259);
#2258 = CARTESIAN_POINT('',(-0.32,-9.84,8.38));
#2259 = VECTOR('',#2260,1.);
#2260 = DIRECTION('',(1.,0.,0.));
#2261 = PLANE('',#2262);
#2262 = AXIS2_PLACEMENT_3D('',#2263,#2264,#2265);
#2263 = CARTESIAN_POINT('',(-0.32,-9.84,-3.));
#2264 = DIRECTION('',(0.,1.,0.));
#2265 = DIRECTION('',(0.,-0.,1.));
#2266 = ADVANCED_FACE('',(#2267),#2285,.F.);
#2267 = FACE_BOUND('',#2268,.F.);
#2268 = EDGE_LOOP('',(#2269,#2277,#2278,#2279));
#2269 = ORIENTED_EDGE('',*,*,#2270,.F.);
#2270 = EDGE_CURVE('',#928,#2271,#2273,.T.);
#2271 = VERTEX_POINT('',#2272);
#2272 = CARTESIAN_POINT('',(-0.32,-10.48,8.38));
#2273 = LINE('',#2274,#2275);
#2274 = CARTESIAN_POINT('',(-0.32,-10.48,-3.));
#2275 = VECTOR('',#2276,1.);
#2276 = DIRECTION('',(0.,0.,1.));
#2277 = ORIENTED_EDGE('',*,*,#935,.T.);
#2278 = ORIENTED_EDGE('',*,*,#2248,.T.);
#2279 = ORIENTED_EDGE('',*,*,#2280,.F.);
#2280 = EDGE_CURVE('',#2271,#2249,#2281,.T.);
#2281 = LINE('',#2282,#2283);
#2282 = CARTESIAN_POINT('',(-0.32,-10.48,8.38));
#2283 = VECTOR('',#2284,1.);
#2284 = DIRECTION('',(0.,1.,0.));
#2285 = PLANE('',#2286);
#2286 = AXIS2_PLACEMENT_3D('',#2287,#2288,#2289);
#2287 = CARTESIAN_POINT('',(-0.32,-10.48,-3.));
#2288 = DIRECTION('',(1.,0.,0.));
#2289 = DIRECTION('',(0.,0.,1.));
#2290 = ADVANCED_FACE('',(#2291),#2309,.F.);
#2291 = FACE_BOUND('',#2292,.F.);
#2292 = EDGE_LOOP('',(#2293,#2301,#2302,#2303));
#2293 = ORIENTED_EDGE('',*,*,#2294,.F.);
#2294 = EDGE_CURVE('',#920,#2295,#2297,.T.);
#2295 = VERTEX_POINT('',#2296);
#2296 = CARTESIAN_POINT('',(0.32,-10.48,8.38));
#2297 = LINE('',#2298,#2299);
#2298 = CARTESIAN_POINT('',(0.32,-10.48,-3.));
#2299 = VECTOR('',#2300,1.);
#2300 = DIRECTION('',(0.,0.,1.));
#2301 = ORIENTED_EDGE('',*,*,#927,.T.);
#2302 = ORIENTED_EDGE('',*,*,#2270,.T.);
#2303 = ORIENTED_EDGE('',*,*,#2304,.T.);
#2304 = EDGE_CURVE('',#2271,#2295,#2305,.T.);
#2305 = LINE('',#2306,#2307);
#2306 = CARTESIAN_POINT('',(-0.32,-10.48,8.38));
#2307 = VECTOR('',#2308,1.);
#2308 = DIRECTION('',(1.,0.,0.));
#2309 = PLANE('',#2310);
#2310 = AXIS2_PLACEMENT_3D('',#2311,#2312,#2313);
#2311 = CARTESIAN_POINT('',(-0.32,-10.48,-3.));
#2312 = DIRECTION('',(0.,1.,0.));
#2313 = DIRECTION('',(0.,-0.,1.));
#2314 = ADVANCED_FACE('',(#2315),#2326,.T.);
#2315 = FACE_BOUND('',#2316,.T.);
#2316 = EDGE_LOOP('',(#2317,#2318,#2319,#2320));
#2317 = ORIENTED_EDGE('',*,*,#2294,.F.);
#2318 = ORIENTED_EDGE('',*,*,#919,.T.);
#2319 = ORIENTED_EDGE('',*,*,#2239,.T.);
#2320 = ORIENTED_EDGE('',*,*,#2321,.F.);
#2321 = EDGE_CURVE('',#2295,#2240,#2322,.T.);
#2322 = LINE('',#2323,#2324);
#2323 = CARTESIAN_POINT('',(0.32,-10.48,8.38));
#2324 = VECTOR('',#2325,1.);
#2325 = DIRECTION('',(0.,1.,0.));
#2326 = PLANE('',#2327);
#2327 = AXIS2_PLACEMENT_3D('',#2328,#2329,#2330);
#2328 = CARTESIAN_POINT('',(0.32,-10.48,-3.));
#2329 = DIRECTION('',(1.,0.,0.));
#2330 = DIRECTION('',(0.,0.,1.));
#2331 = ADVANCED_FACE('',(#2332),#2357,.F.);
#2332 = FACE_BOUND('',#2333,.F.);
#2333 = EDGE_LOOP('',(#2334,#2342,#2343,#2351));
#2334 = ORIENTED_EDGE('',*,*,#2335,.F.);
#2335 = EDGE_CURVE('',#944,#2336,#2338,.T.);
#2336 = VERTEX_POINT('',#2337);
#2337 = CARTESIAN_POINT('',(0.32,-7.94,8.38));
#2338 = LINE('',#2339,#2340);
#2339 = CARTESIAN_POINT('',(0.32,-7.94,-3.));
#2340 = VECTOR('',#2341,1.);
#2341 = DIRECTION('',(0.,0.,1.));
#2342 = ORIENTED_EDGE('',*,*,#943,.T.);
#2343 = ORIENTED_EDGE('',*,*,#2344,.T.);
#2344 = EDGE_CURVE('',#946,#2345,#2347,.T.);
#2345 = VERTEX_POINT('',#2346);
#2346 = CARTESIAN_POINT('',(-0.32,-7.94,8.38));
#2347 = LINE('',#2348,#2349);
#2348 = CARTESIAN_POINT('',(-0.32,-7.94,-3.));
#2349 = VECTOR('',#2350,1.);
#2350 = DIRECTION('',(0.,0.,1.));
#2351 = ORIENTED_EDGE('',*,*,#2352,.T.);
#2352 = EDGE_CURVE('',#2345,#2336,#2353,.T.);
#2353 = LINE('',#2354,#2355);
#2354 = CARTESIAN_POINT('',(-0.32,-7.94,8.38));
#2355 = VECTOR('',#2356,1.);
#2356 = DIRECTION('',(1.,0.,0.));
#2357 = PLANE('',#2358);
#2358 = AXIS2_PLACEMENT_3D('',#2359,#2360,#2361);
#2359 = CARTESIAN_POINT('',(-0.32,-7.94,-3.));
#2360 = DIRECTION('',(0.,1.,0.));
#2361 = DIRECTION('',(0.,-0.,1.));
#2362 = ADVANCED_FACE('',(#2363),#2381,.T.);
#2363 = FACE_BOUND('',#2364,.T.);
#2364 = EDGE_LOOP('',(#2365,#2366,#2367,#2375));
#2365 = ORIENTED_EDGE('',*,*,#2335,.F.);
#2366 = ORIENTED_EDGE('',*,*,#969,.T.);
#2367 = ORIENTED_EDGE('',*,*,#2368,.T.);
#2368 = EDGE_CURVE('',#962,#2369,#2371,.T.);
#2369 = VERTEX_POINT('',#2370);
#2370 = CARTESIAN_POINT('',(0.32,-7.3,8.38));
#2371 = LINE('',#2372,#2373);
#2372 = CARTESIAN_POINT('',(0.32,-7.3,-3.));
#2373 = VECTOR('',#2374,1.);
#2374 = DIRECTION('',(0.,0.,1.));
#2375 = ORIENTED_EDGE('',*,*,#2376,.F.);
#2376 = EDGE_CURVE('',#2336,#2369,#2377,.T.);
#2377 = LINE('',#2378,#2379);
#2378 = CARTESIAN_POINT('',(0.32,-7.94,8.38));
#2379 = VECTOR('',#2380,1.);
#2380 = DIRECTION('',(0.,1.,0.));
#2381 = PLANE('',#2382);
#2382 = AXIS2_PLACEMENT_3D('',#2383,#2384,#2385);
#2383 = CARTESIAN_POINT('',(0.32,-7.94,-3.));
#2384 = DIRECTION('',(1.,0.,0.));
#2385 = DIRECTION('',(0.,0.,1.));
#2386 = ADVANCED_FACE('',(#2387),#2405,.T.);
#2387 = FACE_BOUND('',#2388,.T.);
#2388 = EDGE_LOOP('',(#2389,#2390,#2391,#2399));
#2389 = ORIENTED_EDGE('',*,*,#2368,.F.);
#2390 = ORIENTED_EDGE('',*,*,#961,.T.);
#2391 = ORIENTED_EDGE('',*,*,#2392,.T.);
#2392 = EDGE_CURVE('',#954,#2393,#2395,.T.);
#2393 = VERTEX_POINT('',#2394);
#2394 = CARTESIAN_POINT('',(-0.32,-7.3,8.38));
#2395 = LINE('',#2396,#2397);
#2396 = CARTESIAN_POINT('',(-0.32,-7.3,-3.));
#2397 = VECTOR('',#2398,1.);
#2398 = DIRECTION('',(0.,0.,1.));
#2399 = ORIENTED_EDGE('',*,*,#2400,.T.);
#2400 = EDGE_CURVE('',#2393,#2369,#2401,.T.);
#2401 = LINE('',#2402,#2403);
#2402 = CARTESIAN_POINT('',(-0.32,-7.3,8.38));
#2403 = VECTOR('',#2404,1.);
#2404 = DIRECTION('',(1.,0.,0.));
#2405 = PLANE('',#2406);
#2406 = AXIS2_PLACEMENT_3D('',#2407,#2408,#2409);
#2407 = CARTESIAN_POINT('',(-0.32,-7.3,-3.));
#2408 = DIRECTION('',(0.,1.,0.));
#2409 = DIRECTION('',(0.,-0.,1.));
#2410 = ADVANCED_FACE('',(#2411),#2422,.F.);
#2411 = FACE_BOUND('',#2412,.F.);
#2412 = EDGE_LOOP('',(#2413,#2414,#2415,#2416));
#2413 = ORIENTED_EDGE('',*,*,#2344,.F.);
#2414 = ORIENTED_EDGE('',*,*,#953,.T.);
#2415 = ORIENTED_EDGE('',*,*,#2392,.T.);
#2416 = ORIENTED_EDGE('',*,*,#2417,.F.);
#2417 = EDGE_CURVE('',#2345,#2393,#2418,.T.);
#2418 = LINE('',#2419,#2420);
#2419 = CARTESIAN_POINT('',(-0.32,-7.94,8.38));
#2420 = VECTOR('',#2421,1.);
#2421 = DIRECTION('',(0.,1.,0.));
#2422 = PLANE('',#2423);
#2423 = AXIS2_PLACEMENT_3D('',#2424,#2425,#2426);
#2424 = CARTESIAN_POINT('',(-0.32,-7.94,-3.));
#2425 = DIRECTION('',(1.,0.,0.));
#2426 = DIRECTION('',(0.,0.,1.));
#2427 = ADVANCED_FACE('',(#2428),#2453,.F.);
#2428 = FACE_BOUND('',#2429,.F.);
#2429 = EDGE_LOOP('',(#2430,#2438,#2439,#2447));
#2430 = ORIENTED_EDGE('',*,*,#2431,.F.);
#2431 = EDGE_CURVE('',#1472,#2432,#2434,.T.);
#2432 = VERTEX_POINT('',#2433);
#2433 = CARTESIAN_POINT('',(0.16,-0.16,-3.));
#2434 = LINE('',#2435,#2436);
#2435 = CARTESIAN_POINT('',(0.16,-0.16,-3.));
#2436 = VECTOR('',#2437,1.);
#2437 = DIRECTION('',(-0.57735026919,0.57735026919,-0.57735026919));
#2438 = ORIENTED_EDGE('',*,*,#1479,.T.);
#2439 = ORIENTED_EDGE('',*,*,#2440,.T.);
#2440 = EDGE_CURVE('',#1480,#2441,#2443,.T.);
#2441 = VERTEX_POINT('',#2442);
#2442 = CARTESIAN_POINT('',(0.16,0.16,-3.));
#2443 = LINE('',#2444,#2445);
#2444 = CARTESIAN_POINT('',(5.333333333333E-02,5.333333333333E-02,
    -3.106666666667));
#2445 = VECTOR('',#2446,1.);
#2446 = DIRECTION('',(-0.57735026919,-0.57735026919,-0.57735026919));
#2447 = ORIENTED_EDGE('',*,*,#2448,.F.);
#2448 = EDGE_CURVE('',#2432,#2441,#2449,.T.);
#2449 = LINE('',#2450,#2451);
#2450 = CARTESIAN_POINT('',(0.16,-0.32,-3.));
#2451 = VECTOR('',#2452,1.);
#2452 = DIRECTION('',(0.,1.,0.));
#2453 = PLANE('',#2454);
#2454 = AXIS2_PLACEMENT_3D('',#2455,#2456,#2457);
#2455 = CARTESIAN_POINT('',(0.24,-0.32,-2.92));
#2456 = DIRECTION('',(-0.707106781187,1.735167508357E-18,0.707106781187)
  );
#2457 = DIRECTION('',(1.226948711654E-18,1.,-1.226948711654E-18));
#2458 = ADVANCED_FACE('',(#2459),#2477,.F.);
#2459 = FACE_BOUND('',#2460,.T.);
#2460 = EDGE_LOOP('',(#2461,#2469,#2470,#2471));
#2461 = ORIENTED_EDGE('',*,*,#2462,.F.);
#2462 = EDGE_CURVE('',#1504,#2463,#2465,.T.);
#2463 = VERTEX_POINT('',#2464);
#2464 = CARTESIAN_POINT('',(-0.16,0.16,-3.));
#2465 = LINE('',#2466,#2467);
#2466 = CARTESIAN_POINT('',(-0.16,0.16,-3.));
#2467 = VECTOR('',#2468,1.);
#2468 = DIRECTION('',(0.57735026919,-0.57735026919,-0.57735026919));
#2469 = ORIENTED_EDGE('',*,*,#1503,.T.);
#2470 = ORIENTED_EDGE('',*,*,#2440,.T.);
#2471 = ORIENTED_EDGE('',*,*,#2472,.F.);
#2472 = EDGE_CURVE('',#2463,#2441,#2473,.T.);
#2473 = LINE('',#2474,#2475);
#2474 = CARTESIAN_POINT('',(-0.32,0.16,-3.));
#2475 = VECTOR('',#2476,1.);
#2476 = DIRECTION('',(1.,0.,0.));
#2477 = PLANE('',#2478);
#2478 = AXIS2_PLACEMENT_3D('',#2479,#2480,#2481);
#2479 = CARTESIAN_POINT('',(-0.32,0.24,-2.92));
#2480 = DIRECTION('',(-1.735167508357E-18,-0.707106781187,0.707106781187
    ));
#2481 = DIRECTION('',(-1.,1.226948711654E-18,-1.226948711654E-18));
#2482 = ADVANCED_FACE('',(#2483),#2501,.T.);
#2483 = FACE_BOUND('',#2484,.T.);
#2484 = EDGE_LOOP('',(#2485,#2493,#2494,#2495));
#2485 = ORIENTED_EDGE('',*,*,#2486,.F.);
#2486 = EDGE_CURVE('',#1527,#2487,#2489,.T.);
#2487 = VERTEX_POINT('',#2488);
#2488 = CARTESIAN_POINT('',(-0.16,-0.16,-3.));
#2489 = LINE('',#2490,#2491);
#2490 = CARTESIAN_POINT('',(-0.266666666667,-0.266666666667,
    -2.893333333333));
#2491 = VECTOR('',#2492,1.);
#2492 = DIRECTION('',(0.57735026919,0.57735026919,-0.57735026919));
#2493 = ORIENTED_EDGE('',*,*,#1534,.T.);
#2494 = ORIENTED_EDGE('',*,*,#2462,.T.);
#2495 = ORIENTED_EDGE('',*,*,#2496,.F.);
#2496 = EDGE_CURVE('',#2487,#2463,#2497,.T.);
#2497 = LINE('',#2498,#2499);
#2498 = CARTESIAN_POINT('',(-0.16,-0.32,-3.));
#2499 = VECTOR('',#2500,1.);
#2500 = DIRECTION('',(0.,1.,0.));
#2501 = PLANE('',#2502);
#2502 = AXIS2_PLACEMENT_3D('',#2503,#2504,#2505);
#2503 = CARTESIAN_POINT('',(-0.24,-0.32,-2.92));
#2504 = DIRECTION('',(-0.707106781187,-1.735167508357E-18,
    -0.707106781187));
#2505 = DIRECTION('',(-1.226948711654E-18,1.,-1.226948711654E-18));
#2506 = ADVANCED_FACE('',(#2507),#2518,.T.);
#2507 = FACE_BOUND('',#2508,.F.);
#2508 = EDGE_LOOP('',(#2509,#2510,#2511,#2512));
#2509 = ORIENTED_EDGE('',*,*,#2486,.F.);
#2510 = ORIENTED_EDGE('',*,*,#1551,.T.);
#2511 = ORIENTED_EDGE('',*,*,#2431,.T.);
#2512 = ORIENTED_EDGE('',*,*,#2513,.F.);
#2513 = EDGE_CURVE('',#2487,#2432,#2514,.T.);
#2514 = LINE('',#2515,#2516);
#2515 = CARTESIAN_POINT('',(-0.32,-0.16,-3.));
#2516 = VECTOR('',#2517,1.);
#2517 = DIRECTION('',(1.,0.,0.));
#2518 = PLANE('',#2519);
#2519 = AXIS2_PLACEMENT_3D('',#2520,#2521,#2522);
#2520 = CARTESIAN_POINT('',(-0.32,-0.24,-2.92));
#2521 = DIRECTION('',(1.735167508357E-18,-0.707106781187,-0.707106781187
    ));
#2522 = DIRECTION('',(-1.,-1.226948711654E-18,-1.226948711654E-18));
#2523 = ADVANCED_FACE('',(#2524),#2549,.F.);
#2524 = FACE_BOUND('',#2525,.T.);
#2525 = EDGE_LOOP('',(#2526,#2534,#2535,#2543));
#2526 = ORIENTED_EDGE('',*,*,#2527,.F.);
#2527 = EDGE_CURVE('',#1576,#2528,#2530,.T.);
#2528 = VERTEX_POINT('',#2529);
#2529 = CARTESIAN_POINT('',(-0.16,-2.38,-3.));
#2530 = LINE('',#2531,#2532);
#2531 = CARTESIAN_POINT('',(-0.16,-2.38,-3.));
#2532 = VECTOR('',#2533,1.);
#2533 = DIRECTION('',(0.57735026919,-0.57735026919,-0.57735026919));
#2534 = ORIENTED_EDGE('',*,*,#1575,.T.);
#2535 = ORIENTED_EDGE('',*,*,#2536,.T.);
#2536 = EDGE_CURVE('',#1568,#2537,#2539,.T.);
#2537 = VERTEX_POINT('',#2538);
#2538 = CARTESIAN_POINT('',(0.16,-2.38,-3.));
#2539 = LINE('',#2540,#2541);
#2540 = CARTESIAN_POINT('',(5.333333333333E-02,-2.486666666667,
    -3.106666666667));
#2541 = VECTOR('',#2542,1.);
#2542 = DIRECTION('',(-0.57735026919,-0.57735026919,-0.57735026919));
#2543 = ORIENTED_EDGE('',*,*,#2544,.F.);
#2544 = EDGE_CURVE('',#2528,#2537,#2545,.T.);
#2545 = LINE('',#2546,#2547);
#2546 = CARTESIAN_POINT('',(-0.32,-2.38,-3.));
#2547 = VECTOR('',#2548,1.);
#2548 = DIRECTION('',(1.,0.,0.));
#2549 = PLANE('',#2550);
#2550 = AXIS2_PLACEMENT_3D('',#2551,#2552,#2553);
#2551 = CARTESIAN_POINT('',(-0.32,-2.3,-2.92));
#2552 = DIRECTION('',(-1.735167508357E-18,-0.707106781187,0.707106781187
    ));
#2553 = DIRECTION('',(-1.,1.226948711654E-18,-1.226948711654E-18));
#2554 = ADVANCED_FACE('',(#2555),#2573,.T.);
#2555 = FACE_BOUND('',#2556,.T.);
#2556 = EDGE_LOOP('',(#2557,#2565,#2566,#2567));
#2557 = ORIENTED_EDGE('',*,*,#2558,.F.);
#2558 = EDGE_CURVE('',#1599,#2559,#2561,.T.);
#2559 = VERTEX_POINT('',#2560);
#2560 = CARTESIAN_POINT('',(-0.16,-2.7,-3.));
#2561 = LINE('',#2562,#2563);
#2562 = CARTESIAN_POINT('',(-0.266666666667,-2.806666666667,
    -2.893333333333));
#2563 = VECTOR('',#2564,1.);
#2564 = DIRECTION('',(0.57735026919,0.57735026919,-0.57735026919));
#2565 = ORIENTED_EDGE('',*,*,#1606,.T.);
#2566 = ORIENTED_EDGE('',*,*,#2527,.T.);
#2567 = ORIENTED_EDGE('',*,*,#2568,.F.);
#2568 = EDGE_CURVE('',#2559,#2528,#2569,.T.);
#2569 = LINE('',#2570,#2571);
#2570 = CARTESIAN_POINT('',(-0.16,-2.86,-3.));
#2571 = VECTOR('',#2572,1.);
#2572 = DIRECTION('',(0.,1.,0.));
#2573 = PLANE('',#2574);
#2574 = AXIS2_PLACEMENT_3D('',#2575,#2576,#2577);
#2575 = CARTESIAN_POINT('',(-0.24,-2.86,-2.92));
#2576 = DIRECTION('',(-0.707106781187,-1.735167508357E-18,
    -0.707106781187));
#2577 = DIRECTION('',(-1.226948711654E-18,1.,-1.226948711654E-18));
#2578 = ADVANCED_FACE('',(#2579),#2597,.T.);
#2579 = FACE_BOUND('',#2580,.F.);
#2580 = EDGE_LOOP('',(#2581,#2582,#2583,#2591));
#2581 = ORIENTED_EDGE('',*,*,#2558,.F.);
#2582 = ORIENTED_EDGE('',*,*,#1630,.T.);
#2583 = ORIENTED_EDGE('',*,*,#2584,.T.);
#2584 = EDGE_CURVE('',#1623,#2585,#2587,.T.);
#2585 = VERTEX_POINT('',#2586);
#2586 = CARTESIAN_POINT('',(0.16,-2.7,-3.));
#2587 = LINE('',#2588,#2589);
#2588 = CARTESIAN_POINT('',(0.16,-2.7,-3.));
#2589 = VECTOR('',#2590,1.);
#2590 = DIRECTION('',(-0.57735026919,0.57735026919,-0.57735026919));
#2591 = ORIENTED_EDGE('',*,*,#2592,.F.);
#2592 = EDGE_CURVE('',#2559,#2585,#2593,.T.);
#2593 = LINE('',#2594,#2595);
#2594 = CARTESIAN_POINT('',(-0.32,-2.7,-3.));
#2595 = VECTOR('',#2596,1.);
#2596 = DIRECTION('',(1.,0.,0.));
#2597 = PLANE('',#2598);
#2598 = AXIS2_PLACEMENT_3D('',#2599,#2600,#2601);
#2599 = CARTESIAN_POINT('',(-0.32,-2.78,-2.92));
#2600 = DIRECTION('',(1.735167508357E-18,-0.707106781187,-0.707106781187
    ));
#2601 = DIRECTION('',(-1.,-1.226948711654E-18,-1.226948711654E-18));
#2602 = ADVANCED_FACE('',(#2603),#2614,.F.);
#2603 = FACE_BOUND('',#2604,.F.);
#2604 = EDGE_LOOP('',(#2605,#2606,#2607,#2608));
#2605 = ORIENTED_EDGE('',*,*,#2584,.F.);
#2606 = ORIENTED_EDGE('',*,*,#1647,.T.);
#2607 = ORIENTED_EDGE('',*,*,#2536,.T.);
#2608 = ORIENTED_EDGE('',*,*,#2609,.F.);
#2609 = EDGE_CURVE('',#2585,#2537,#2610,.T.);
#2610 = LINE('',#2611,#2612);
#2611 = CARTESIAN_POINT('',(0.16,-2.86,-3.));
#2612 = VECTOR('',#2613,1.);
#2613 = DIRECTION('',(0.,1.,0.));
#2614 = PLANE('',#2615);
#2615 = AXIS2_PLACEMENT_3D('',#2616,#2617,#2618);
#2616 = CARTESIAN_POINT('',(0.24,-2.86,-2.92));
#2617 = DIRECTION('',(-0.707106781187,1.735167508357E-18,0.707106781187)
  );
#2618 = DIRECTION('',(1.226948711654E-18,1.,-1.226948711654E-18));
#2619 = ADVANCED_FACE('',(#2620),#2645,.F.);
#2620 = FACE_BOUND('',#2621,.T.);
#2621 = EDGE_LOOP('',(#2622,#2630,#2631,#2639));
#2622 = ORIENTED_EDGE('',*,*,#2623,.F.);
#2623 = EDGE_CURVE('',#1672,#2624,#2626,.T.);
#2624 = VERTEX_POINT('',#2625);
#2625 = CARTESIAN_POINT('',(-0.16,-4.92,-3.));
#2626 = LINE('',#2627,#2628);
#2627 = CARTESIAN_POINT('',(-0.16,-4.92,-3.));
#2628 = VECTOR('',#2629,1.);
#2629 = DIRECTION('',(0.57735026919,-0.57735026919,-0.57735026919));
#2630 = ORIENTED_EDGE('',*,*,#1671,.T.);
#2631 = ORIENTED_EDGE('',*,*,#2632,.T.);
#2632 = EDGE_CURVE('',#1664,#2633,#2635,.T.);
#2633 = VERTEX_POINT('',#2634);
#2634 = CARTESIAN_POINT('',(0.16,-4.92,-3.));
#2635 = LINE('',#2636,#2637);
#2636 = CARTESIAN_POINT('',(5.333333333333E-02,-5.026666666667,
    -3.106666666667));
#2637 = VECTOR('',#2638,1.);
#2638 = DIRECTION('',(-0.57735026919,-0.57735026919,-0.57735026919));
#2639 = ORIENTED_EDGE('',*,*,#2640,.F.);
#2640 = EDGE_CURVE('',#2624,#2633,#2641,.T.);
#2641 = LINE('',#2642,#2643);
#2642 = CARTESIAN_POINT('',(-0.32,-4.92,-3.));
#2643 = VECTOR('',#2644,1.);
#2644 = DIRECTION('',(1.,0.,0.));
#2645 = PLANE('',#2646);
#2646 = AXIS2_PLACEMENT_3D('',#2647,#2648,#2649);
#2647 = CARTESIAN_POINT('',(-0.32,-4.84,-2.92));
#2648 = DIRECTION('',(-1.735167508357E-18,-0.707106781187,0.707106781187
    ));
#2649 = DIRECTION('',(-1.,1.226948711654E-18,-1.226948711654E-18));
#2650 = ADVANCED_FACE('',(#2651),#2669,.T.);
#2651 = FACE_BOUND('',#2652,.T.);
#2652 = EDGE_LOOP('',(#2653,#2661,#2662,#2663));
#2653 = ORIENTED_EDGE('',*,*,#2654,.F.);
#2654 = EDGE_CURVE('',#1695,#2655,#2657,.T.);
#2655 = VERTEX_POINT('',#2656);
#2656 = CARTESIAN_POINT('',(-0.16,-5.24,-3.));
#2657 = LINE('',#2658,#2659);
#2658 = CARTESIAN_POINT('',(-0.266666666667,-5.346666666667,
    -2.893333333333));
#2659 = VECTOR('',#2660,1.);
#2660 = DIRECTION('',(0.57735026919,0.57735026919,-0.57735026919));
#2661 = ORIENTED_EDGE('',*,*,#1702,.T.);
#2662 = ORIENTED_EDGE('',*,*,#2623,.T.);
#2663 = ORIENTED_EDGE('',*,*,#2664,.F.);
#2664 = EDGE_CURVE('',#2655,#2624,#2665,.T.);
#2665 = LINE('',#2666,#2667);
#2666 = CARTESIAN_POINT('',(-0.16,-5.4,-3.));
#2667 = VECTOR('',#2668,1.);
#2668 = DIRECTION('',(0.,1.,0.));
#2669 = PLANE('',#2670);
#2670 = AXIS2_PLACEMENT_3D('',#2671,#2672,#2673);
#2671 = CARTESIAN_POINT('',(-0.24,-5.4,-2.92));
#2672 = DIRECTION('',(-0.707106781187,-1.735167508357E-18,
    -0.707106781187));
#2673 = DIRECTION('',(-1.226948711654E-18,1.,-1.226948711654E-18));
#2674 = ADVANCED_FACE('',(#2675),#2693,.T.);
#2675 = FACE_BOUND('',#2676,.F.);
#2676 = EDGE_LOOP('',(#2677,#2678,#2679,#2687));
#2677 = ORIENTED_EDGE('',*,*,#2654,.F.);
#2678 = ORIENTED_EDGE('',*,*,#1726,.T.);
#2679 = ORIENTED_EDGE('',*,*,#2680,.T.);
#2680 = EDGE_CURVE('',#1719,#2681,#2683,.T.);
#2681 = VERTEX_POINT('',#2682);
#2682 = CARTESIAN_POINT('',(0.16,-5.24,-3.));
#2683 = LINE('',#2684,#2685);
#2684 = CARTESIAN_POINT('',(0.16,-5.24,-3.));
#2685 = VECTOR('',#2686,1.);
#2686 = DIRECTION('',(-0.57735026919,0.57735026919,-0.57735026919));
#2687 = ORIENTED_EDGE('',*,*,#2688,.F.);
#2688 = EDGE_CURVE('',#2655,#2681,#2689,.T.);
#2689 = LINE('',#2690,#2691);
#2690 = CARTESIAN_POINT('',(-0.32,-5.24,-3.));
#2691 = VECTOR('',#2692,1.);
#2692 = DIRECTION('',(1.,0.,0.));
#2693 = PLANE('',#2694);
#2694 = AXIS2_PLACEMENT_3D('',#2695,#2696,#2697);
#2695 = CARTESIAN_POINT('',(-0.32,-5.32,-2.92));
#2696 = DIRECTION('',(1.735167508357E-18,-0.707106781187,-0.707106781187
    ));
#2697 = DIRECTION('',(-1.,-1.226948711654E-18,-1.226948711654E-18));
#2698 = ADVANCED_FACE('',(#2699),#2710,.F.);
#2699 = FACE_BOUND('',#2700,.F.);
#2700 = EDGE_LOOP('',(#2701,#2702,#2703,#2704));
#2701 = ORIENTED_EDGE('',*,*,#2680,.F.);
#2702 = ORIENTED_EDGE('',*,*,#1743,.T.);
#2703 = ORIENTED_EDGE('',*,*,#2632,.T.);
#2704 = ORIENTED_EDGE('',*,*,#2705,.F.);
#2705 = EDGE_CURVE('',#2681,#2633,#2706,.T.);
#2706 = LINE('',#2707,#2708);
#2707 = CARTESIAN_POINT('',(0.16,-5.4,-3.));
#2708 = VECTOR('',#2709,1.);
#2709 = DIRECTION('',(0.,1.,0.));
#2710 = PLANE('',#2711);
#2711 = AXIS2_PLACEMENT_3D('',#2712,#2713,#2714);
#2712 = CARTESIAN_POINT('',(0.24,-5.4,-2.92));
#2713 = DIRECTION('',(-0.707106781187,1.735167508357E-18,0.707106781187)
  );
#2714 = DIRECTION('',(1.226948711654E-18,1.,-1.226948711654E-18));
#2715 = ADVANCED_FACE('',(#2716),#2741,.F.);
#2716 = FACE_BOUND('',#2717,.T.);
#2717 = EDGE_LOOP('',(#2718,#2726,#2727,#2735));
#2718 = ORIENTED_EDGE('',*,*,#2719,.F.);
#2719 = EDGE_CURVE('',#1768,#2720,#2722,.T.);
#2720 = VERTEX_POINT('',#2721);
#2721 = CARTESIAN_POINT('',(-0.16,-10.,-3.));
#2722 = LINE('',#2723,#2724);
#2723 = CARTESIAN_POINT('',(-0.16,-10.,-3.));
#2724 = VECTOR('',#2725,1.);
#2725 = DIRECTION('',(0.57735026919,-0.57735026919,-0.57735026919));
#2726 = ORIENTED_EDGE('',*,*,#1767,.T.);
#2727 = ORIENTED_EDGE('',*,*,#2728,.T.);
#2728 = EDGE_CURVE('',#1760,#2729,#2731,.T.);
#2729 = VERTEX_POINT('',#2730);
#2730 = CARTESIAN_POINT('',(0.16,-10.,-3.));
#2731 = LINE('',#2732,#2733);
#2732 = CARTESIAN_POINT('',(5.333333333333E-02,-10.10666666666,
    -3.106666666667));
#2733 = VECTOR('',#2734,1.);
#2734 = DIRECTION('',(-0.57735026919,-0.57735026919,-0.57735026919));
#2735 = ORIENTED_EDGE('',*,*,#2736,.F.);
#2736 = EDGE_CURVE('',#2720,#2729,#2737,.T.);
#2737 = LINE('',#2738,#2739);
#2738 = CARTESIAN_POINT('',(-0.32,-10.,-3.));
#2739 = VECTOR('',#2740,1.);
#2740 = DIRECTION('',(1.,0.,0.));
#2741 = PLANE('',#2742);
#2742 = AXIS2_PLACEMENT_3D('',#2743,#2744,#2745);
#2743 = CARTESIAN_POINT('',(-0.32,-9.92,-2.92));
#2744 = DIRECTION('',(-1.735167508357E-18,-0.707106781187,0.707106781187
    ));
#2745 = DIRECTION('',(-1.,1.226948711654E-18,-1.226948711654E-18));
#2746 = ADVANCED_FACE('',(#2747),#2765,.T.);
#2747 = FACE_BOUND('',#2748,.T.);
#2748 = EDGE_LOOP('',(#2749,#2757,#2758,#2759));
#2749 = ORIENTED_EDGE('',*,*,#2750,.F.);
#2750 = EDGE_CURVE('',#1791,#2751,#2753,.T.);
#2751 = VERTEX_POINT('',#2752);
#2752 = CARTESIAN_POINT('',(-0.16,-10.32,-3.));
#2753 = LINE('',#2754,#2755);
#2754 = CARTESIAN_POINT('',(-0.266666666667,-10.42666666666,
    -2.893333333333));
#2755 = VECTOR('',#2756,1.);
#2756 = DIRECTION('',(0.57735026919,0.57735026919,-0.57735026919));
#2757 = ORIENTED_EDGE('',*,*,#1798,.T.);
#2758 = ORIENTED_EDGE('',*,*,#2719,.T.);
#2759 = ORIENTED_EDGE('',*,*,#2760,.F.);
#2760 = EDGE_CURVE('',#2751,#2720,#2761,.T.);
#2761 = LINE('',#2762,#2763);
#2762 = CARTESIAN_POINT('',(-0.16,-10.48,-3.));
#2763 = VECTOR('',#2764,1.);
#2764 = DIRECTION('',(0.,1.,0.));
#2765 = PLANE('',#2766);
#2766 = AXIS2_PLACEMENT_3D('',#2767,#2768,#2769);
#2767 = CARTESIAN_POINT('',(-0.24,-10.48,-2.92));
#2768 = DIRECTION('',(-0.707106781187,-1.735167508357E-18,
    -0.707106781187));
#2769 = DIRECTION('',(-1.226948711654E-18,1.,-1.226948711654E-18));
#2770 = ADVANCED_FACE('',(#2771),#2789,.T.);
#2771 = FACE_BOUND('',#2772,.F.);
#2772 = EDGE_LOOP('',(#2773,#2774,#2775,#2783));
#2773 = ORIENTED_EDGE('',*,*,#2750,.F.);
#2774 = ORIENTED_EDGE('',*,*,#1822,.T.);
#2775 = ORIENTED_EDGE('',*,*,#2776,.T.);
#2776 = EDGE_CURVE('',#1815,#2777,#2779,.T.);
#2777 = VERTEX_POINT('',#2778);
#2778 = CARTESIAN_POINT('',(0.16,-10.32,-3.));
#2779 = LINE('',#2780,#2781);
#2780 = CARTESIAN_POINT('',(0.16,-10.32,-3.));
#2781 = VECTOR('',#2782,1.);
#2782 = DIRECTION('',(-0.57735026919,0.57735026919,-0.57735026919));
#2783 = ORIENTED_EDGE('',*,*,#2784,.F.);
#2784 = EDGE_CURVE('',#2751,#2777,#2785,.T.);
#2785 = LINE('',#2786,#2787);
#2786 = CARTESIAN_POINT('',(-0.32,-10.32,-3.));
#2787 = VECTOR('',#2788,1.);
#2788 = DIRECTION('',(1.,0.,0.));
#2789 = PLANE('',#2790);
#2790 = AXIS2_PLACEMENT_3D('',#2791,#2792,#2793);
#2791 = CARTESIAN_POINT('',(-0.32,-10.4,-2.92));
#2792 = DIRECTION('',(1.735167508357E-18,-0.707106781187,-0.707106781187
    ));
#2793 = DIRECTION('',(-1.,-1.226948711654E-18,-1.226948711654E-18));
#2794 = ADVANCED_FACE('',(#2795),#2806,.F.);
#2795 = FACE_BOUND('',#2796,.F.);
#2796 = EDGE_LOOP('',(#2797,#2798,#2799,#2800));
#2797 = ORIENTED_EDGE('',*,*,#2776,.F.);
#2798 = ORIENTED_EDGE('',*,*,#1839,.T.);
#2799 = ORIENTED_EDGE('',*,*,#2728,.T.);
#2800 = ORIENTED_EDGE('',*,*,#2801,.F.);
#2801 = EDGE_CURVE('',#2777,#2729,#2802,.T.);
#2802 = LINE('',#2803,#2804);
#2803 = CARTESIAN_POINT('',(0.16,-10.48,-3.));
#2804 = VECTOR('',#2805,1.);
#2805 = DIRECTION('',(0.,1.,0.));
#2806 = PLANE('',#2807);
#2807 = AXIS2_PLACEMENT_3D('',#2808,#2809,#2810);
#2808 = CARTESIAN_POINT('',(0.24,-10.48,-2.92));
#2809 = DIRECTION('',(-0.707106781187,1.735167508357E-18,0.707106781187)
  );
#2810 = DIRECTION('',(1.226948711654E-18,1.,-1.226948711654E-18));
#2811 = ADVANCED_FACE('',(#2812),#2837,.T.);
#2812 = FACE_BOUND('',#2813,.F.);
#2813 = EDGE_LOOP('',(#2814,#2822,#2823,#2831));
#2814 = ORIENTED_EDGE('',*,*,#2815,.F.);
#2815 = EDGE_CURVE('',#1864,#2816,#2818,.T.);
#2816 = VERTEX_POINT('',#2817);
#2817 = CARTESIAN_POINT('',(-0.16,-7.78,-3.));
#2818 = LINE('',#2819,#2820);
#2819 = CARTESIAN_POINT('',(-0.266666666667,-7.886666666667,
    -2.893333333333));
#2820 = VECTOR('',#2821,1.);
#2821 = DIRECTION('',(0.57735026919,0.57735026919,-0.57735026919));
#2822 = ORIENTED_EDGE('',*,*,#1863,.T.);
#2823 = ORIENTED_EDGE('',*,*,#2824,.T.);
#2824 = EDGE_CURVE('',#1856,#2825,#2827,.T.);
#2825 = VERTEX_POINT('',#2826);
#2826 = CARTESIAN_POINT('',(0.16,-7.78,-3.));
#2827 = LINE('',#2828,#2829);
#2828 = CARTESIAN_POINT('',(0.16,-7.78,-3.));
#2829 = VECTOR('',#2830,1.);
#2830 = DIRECTION('',(-0.57735026919,0.57735026919,-0.57735026919));
#2831 = ORIENTED_EDGE('',*,*,#2832,.F.);
#2832 = EDGE_CURVE('',#2816,#2825,#2833,.T.);
#2833 = LINE('',#2834,#2835);
#2834 = CARTESIAN_POINT('',(-0.32,-7.78,-3.));
#2835 = VECTOR('',#2836,1.);
#2836 = DIRECTION('',(1.,0.,0.));
#2837 = PLANE('',#2838);
#2838 = AXIS2_PLACEMENT_3D('',#2839,#2840,#2841);
#2839 = CARTESIAN_POINT('',(-0.32,-7.86,-2.92));
#2840 = DIRECTION('',(1.735167508357E-18,-0.707106781187,-0.707106781187
    ));
#2841 = DIRECTION('',(-1.,-1.226948711654E-18,-1.226948711654E-18));
#2842 = ADVANCED_FACE('',(#2843),#2861,.F.);
#2843 = FACE_BOUND('',#2844,.F.);
#2844 = EDGE_LOOP('',(#2845,#2846,#2847,#2855));
#2845 = ORIENTED_EDGE('',*,*,#2824,.F.);
#2846 = ORIENTED_EDGE('',*,*,#1887,.T.);
#2847 = ORIENTED_EDGE('',*,*,#2848,.T.);
#2848 = EDGE_CURVE('',#1888,#2849,#2851,.T.);
#2849 = VERTEX_POINT('',#2850);
#2850 = CARTESIAN_POINT('',(0.16,-7.46,-3.));
#2851 = LINE('',#2852,#2853);
#2852 = CARTESIAN_POINT('',(5.333333333333E-02,-7.566666666667,
    -3.106666666667));
#2853 = VECTOR('',#2854,1.);
#2854 = DIRECTION('',(-0.57735026919,-0.57735026919,-0.57735026919));
#2855 = ORIENTED_EDGE('',*,*,#2856,.F.);
#2856 = EDGE_CURVE('',#2825,#2849,#2857,.T.);
#2857 = LINE('',#2858,#2859);
#2858 = CARTESIAN_POINT('',(0.16,-7.94,-3.));
#2859 = VECTOR('',#2860,1.);
#2860 = DIRECTION('',(0.,1.,0.));
#2861 = PLANE('',#2862);
#2862 = AXIS2_PLACEMENT_3D('',#2863,#2864,#2865);
#2863 = CARTESIAN_POINT('',(0.24,-7.94,-2.92));
#2864 = DIRECTION('',(-0.707106781187,1.735167508357E-18,0.707106781187)
  );
#2865 = DIRECTION('',(1.226948711654E-18,1.,-1.226948711654E-18));
#2866 = ADVANCED_FACE('',(#2867),#2885,.F.);
#2867 = FACE_BOUND('',#2868,.T.);
#2868 = EDGE_LOOP('',(#2869,#2877,#2878,#2879));
#2869 = ORIENTED_EDGE('',*,*,#2870,.F.);
#2870 = EDGE_CURVE('',#1912,#2871,#2873,.T.);
#2871 = VERTEX_POINT('',#2872);
#2872 = CARTESIAN_POINT('',(-0.16,-7.46,-3.));
#2873 = LINE('',#2874,#2875);
#2874 = CARTESIAN_POINT('',(-0.16,-7.46,-3.));
#2875 = VECTOR('',#2876,1.);
#2876 = DIRECTION('',(0.57735026919,-0.57735026919,-0.57735026919));
#2877 = ORIENTED_EDGE('',*,*,#1911,.T.);
#2878 = ORIENTED_EDGE('',*,*,#2848,.T.);
#2879 = ORIENTED_EDGE('',*,*,#2880,.F.);
#2880 = EDGE_CURVE('',#2871,#2849,#2881,.T.);
#2881 = LINE('',#2882,#2883);
#2882 = CARTESIAN_POINT('',(-0.32,-7.46,-3.));
#2883 = VECTOR('',#2884,1.);
#2884 = DIRECTION('',(1.,0.,0.));
#2885 = PLANE('',#2886);
#2886 = AXIS2_PLACEMENT_3D('',#2887,#2888,#2889);
#2887 = CARTESIAN_POINT('',(-0.32,-7.38,-2.92));
#2888 = DIRECTION('',(-1.735167508357E-18,-0.707106781187,0.707106781187
    ));
#2889 = DIRECTION('',(-1.,1.226948711654E-18,-1.226948711654E-18));
#2890 = ADVANCED_FACE('',(#2891),#2902,.T.);
#2891 = FACE_BOUND('',#2892,.T.);
#2892 = EDGE_LOOP('',(#2893,#2894,#2895,#2896));
#2893 = ORIENTED_EDGE('',*,*,#2815,.F.);
#2894 = ORIENTED_EDGE('',*,*,#1935,.T.);
#2895 = ORIENTED_EDGE('',*,*,#2870,.T.);
#2896 = ORIENTED_EDGE('',*,*,#2897,.F.);
#2897 = EDGE_CURVE('',#2816,#2871,#2898,.T.);
#2898 = LINE('',#2899,#2900);
#2899 = CARTESIAN_POINT('',(-0.16,-7.94,-3.));
#2900 = VECTOR('',#2901,1.);
#2901 = DIRECTION('',(0.,1.,0.));
#2902 = PLANE('',#2903);
#2903 = AXIS2_PLACEMENT_3D('',#2904,#2905,#2906);
#2904 = CARTESIAN_POINT('',(-0.24,-7.94,-2.92));
#2905 = DIRECTION('',(-0.707106781187,-1.735167508357E-18,
    -0.707106781187));
#2906 = DIRECTION('',(-1.226948711654E-18,1.,-1.226948711654E-18));
#2907 = ADVANCED_FACE('',(#2908),#2933,.T.);
#2908 = FACE_BOUND('',#2909,.T.);
#2909 = EDGE_LOOP('',(#2910,#2918,#2919,#2927));
#2910 = ORIENTED_EDGE('',*,*,#2911,.F.);
#2911 = EDGE_CURVE('',#1952,#2912,#2914,.T.);
#2912 = VERTEX_POINT('',#2913);
#2913 = CARTESIAN_POINT('',(0.16,-0.16,8.54));
#2914 = LINE('',#2915,#2916);
#2915 = CARTESIAN_POINT('',(0.16,-0.16,8.54));
#2916 = VECTOR('',#2917,1.);
#2917 = DIRECTION('',(-0.57735026919,0.57735026919,0.57735026919));
#2918 = ORIENTED_EDGE('',*,*,#1968,.T.);
#2919 = ORIENTED_EDGE('',*,*,#2920,.T.);
#2920 = EDGE_CURVE('',#1961,#2921,#2923,.T.);
#2921 = VERTEX_POINT('',#2922);
#2922 = CARTESIAN_POINT('',(0.16,0.16,8.54));
#2923 = LINE('',#2924,#2925);
#2924 = CARTESIAN_POINT('',(5.333333333333E-02,5.333333333333E-02,
    8.646666666667));
#2925 = VECTOR('',#2926,1.);
#2926 = DIRECTION('',(-0.57735026919,-0.57735026919,0.57735026919));
#2927 = ORIENTED_EDGE('',*,*,#2928,.F.);
#2928 = EDGE_CURVE('',#2912,#2921,#2929,.T.);
#2929 = LINE('',#2930,#2931);
#2930 = CARTESIAN_POINT('',(0.16,-0.32,8.54));
#2931 = VECTOR('',#2932,1.);
#2932 = DIRECTION('',(0.,1.,0.));
#2933 = PLANE('',#2934);
#2934 = AXIS2_PLACEMENT_3D('',#2935,#2936,#2937);
#2935 = CARTESIAN_POINT('',(0.24,-0.32,8.46));
#2936 = DIRECTION('',(0.707106781187,-1.735167508357E-18,0.707106781187)
  );
#2937 = DIRECTION('',(1.226948711654E-18,1.,1.226948711654E-18));
#2938 = ADVANCED_FACE('',(#2939),#2957,.T.);
#2939 = FACE_BOUND('',#2940,.F.);
#2940 = EDGE_LOOP('',(#2941,#2949,#2950,#2951));
#2941 = ORIENTED_EDGE('',*,*,#2942,.F.);
#2942 = EDGE_CURVE('',#1985,#2943,#2945,.T.);
#2943 = VERTEX_POINT('',#2944);
#2944 = CARTESIAN_POINT('',(-0.16,0.16,8.54));
#2945 = LINE('',#2946,#2947);
#2946 = CARTESIAN_POINT('',(-0.16,0.16,8.54));
#2947 = VECTOR('',#2948,1.);
#2948 = DIRECTION('',(0.57735026919,-0.57735026919,0.57735026919));
#2949 = ORIENTED_EDGE('',*,*,#1992,.T.);
#2950 = ORIENTED_EDGE('',*,*,#2920,.T.);
#2951 = ORIENTED_EDGE('',*,*,#2952,.F.);
#2952 = EDGE_CURVE('',#2943,#2921,#2953,.T.);
#2953 = LINE('',#2954,#2955);
#2954 = CARTESIAN_POINT('',(-0.32,0.16,8.54));
#2955 = VECTOR('',#2956,1.);
#2956 = DIRECTION('',(1.,0.,0.));
#2957 = PLANE('',#2958);
#2958 = AXIS2_PLACEMENT_3D('',#2959,#2960,#2961);
#2959 = CARTESIAN_POINT('',(-0.32,0.24,8.46));
#2960 = DIRECTION('',(1.735167508357E-18,0.707106781187,0.707106781187)
  );
#2961 = DIRECTION('',(-1.,1.226948711654E-18,1.226948711654E-18));
#2962 = ADVANCED_FACE('',(#2963),#2981,.F.);
#2963 = FACE_BOUND('',#2964,.F.);
#2964 = EDGE_LOOP('',(#2965,#2973,#2974,#2975));
#2965 = ORIENTED_EDGE('',*,*,#2966,.F.);
#2966 = EDGE_CURVE('',#2007,#2967,#2969,.T.);
#2967 = VERTEX_POINT('',#2968);
#2968 = CARTESIAN_POINT('',(-0.16,-0.16,8.54));
#2969 = LINE('',#2970,#2971);
#2970 = CARTESIAN_POINT('',(-0.266666666667,-0.266666666667,
    8.433333333333));
#2971 = VECTOR('',#2972,1.);
#2972 = DIRECTION('',(0.57735026919,0.57735026919,0.57735026919));
#2973 = ORIENTED_EDGE('',*,*,#2016,.T.);
#2974 = ORIENTED_EDGE('',*,*,#2942,.T.);
#2975 = ORIENTED_EDGE('',*,*,#2976,.F.);
#2976 = EDGE_CURVE('',#2967,#2943,#2977,.T.);
#2977 = LINE('',#2978,#2979);
#2978 = CARTESIAN_POINT('',(-0.16,-0.32,8.54));
#2979 = VECTOR('',#2980,1.);
#2980 = DIRECTION('',(0.,1.,0.));
#2981 = PLANE('',#2982);
#2982 = AXIS2_PLACEMENT_3D('',#2983,#2984,#2985);
#2983 = CARTESIAN_POINT('',(-0.24,-0.32,8.46));
#2984 = DIRECTION('',(0.707106781187,1.735167508357E-18,-0.707106781187)
  );
#2985 = DIRECTION('',(-1.226948711654E-18,1.,1.226948711654E-18));
#2986 = ADVANCED_FACE('',(#2987),#2998,.F.);
#2987 = FACE_BOUND('',#2988,.T.);
#2988 = EDGE_LOOP('',(#2989,#2990,#2991,#2992));
#2989 = ORIENTED_EDGE('',*,*,#2966,.F.);
#2990 = ORIENTED_EDGE('',*,*,#2033,.T.);
#2991 = ORIENTED_EDGE('',*,*,#2911,.T.);
#2992 = ORIENTED_EDGE('',*,*,#2993,.F.);
#2993 = EDGE_CURVE('',#2967,#2912,#2994,.T.);
#2994 = LINE('',#2995,#2996);
#2995 = CARTESIAN_POINT('',(-0.32,-0.16,8.54));
#2996 = VECTOR('',#2997,1.);
#2997 = DIRECTION('',(1.,0.,0.));
#2998 = PLANE('',#2999);
#2999 = AXIS2_PLACEMENT_3D('',#3000,#3001,#3002);
#3000 = CARTESIAN_POINT('',(-0.32,-0.24,8.46));
#3001 = DIRECTION('',(-1.735167508357E-18,0.707106781187,-0.707106781187
    ));
#3002 = DIRECTION('',(-1.,-1.226948711654E-18,1.226948711654E-18));
#3003 = ADVANCED_FACE('',(#3004),#3029,.T.);
#3004 = FACE_BOUND('',#3005,.F.);
#3005 = EDGE_LOOP('',(#3006,#3014,#3015,#3023));
#3006 = ORIENTED_EDGE('',*,*,#3007,.F.);
#3007 = EDGE_CURVE('',#2057,#3008,#3010,.T.);
#3008 = VERTEX_POINT('',#3009);
#3009 = CARTESIAN_POINT('',(-0.16,-2.38,8.54));
#3010 = LINE('',#3011,#3012);
#3011 = CARTESIAN_POINT('',(-0.16,-2.38,8.54));
#3012 = VECTOR('',#3013,1.);
#3013 = DIRECTION('',(0.57735026919,-0.57735026919,0.57735026919));
#3014 = ORIENTED_EDGE('',*,*,#2064,.T.);
#3015 = ORIENTED_EDGE('',*,*,#3016,.T.);
#3016 = EDGE_CURVE('',#2048,#3017,#3019,.T.);
#3017 = VERTEX_POINT('',#3018);
#3018 = CARTESIAN_POINT('',(0.16,-2.38,8.54));
#3019 = LINE('',#3020,#3021);
#3020 = CARTESIAN_POINT('',(5.333333333333E-02,-2.486666666667,
    8.646666666667));
#3021 = VECTOR('',#3022,1.);
#3022 = DIRECTION('',(-0.57735026919,-0.57735026919,0.57735026919));
#3023 = ORIENTED_EDGE('',*,*,#3024,.F.);
#3024 = EDGE_CURVE('',#3008,#3017,#3025,.T.);
#3025 = LINE('',#3026,#3027);
#3026 = CARTESIAN_POINT('',(-0.32,-2.38,8.54));
#3027 = VECTOR('',#3028,1.);
#3028 = DIRECTION('',(1.,0.,0.));
#3029 = PLANE('',#3030);
#3030 = AXIS2_PLACEMENT_3D('',#3031,#3032,#3033);
#3031 = CARTESIAN_POINT('',(-0.32,-2.3,8.46));
#3032 = DIRECTION('',(1.735167508357E-18,0.707106781187,0.707106781187)
  );
#3033 = DIRECTION('',(-1.,1.226948711654E-18,1.226948711654E-18));
#3034 = ADVANCED_FACE('',(#3035),#3053,.F.);
#3035 = FACE_BOUND('',#3036,.F.);
#3036 = EDGE_LOOP('',(#3037,#3045,#3046,#3047));
#3037 = ORIENTED_EDGE('',*,*,#3038,.F.);
#3038 = EDGE_CURVE('',#2079,#3039,#3041,.T.);
#3039 = VERTEX_POINT('',#3040);
#3040 = CARTESIAN_POINT('',(-0.16,-2.7,8.54));
#3041 = LINE('',#3042,#3043);
#3042 = CARTESIAN_POINT('',(-0.266666666667,-2.806666666667,
    8.433333333333));
#3043 = VECTOR('',#3044,1.);
#3044 = DIRECTION('',(0.57735026919,0.57735026919,0.57735026919));
#3045 = ORIENTED_EDGE('',*,*,#2088,.T.);
#3046 = ORIENTED_EDGE('',*,*,#3007,.T.);
#3047 = ORIENTED_EDGE('',*,*,#3048,.F.);
#3048 = EDGE_CURVE('',#3039,#3008,#3049,.T.);
#3049 = LINE('',#3050,#3051);
#3050 = CARTESIAN_POINT('',(-0.16,-2.86,8.54));
#3051 = VECTOR('',#3052,1.);
#3052 = DIRECTION('',(0.,1.,0.));
#3053 = PLANE('',#3054);
#3054 = AXIS2_PLACEMENT_3D('',#3055,#3056,#3057);
#3055 = CARTESIAN_POINT('',(-0.24,-2.86,8.46));
#3056 = DIRECTION('',(0.707106781187,1.735167508357E-18,-0.707106781187)
  );
#3057 = DIRECTION('',(-1.226948711654E-18,1.,1.226948711654E-18));
#3058 = ADVANCED_FACE('',(#3059),#3077,.F.);
#3059 = FACE_BOUND('',#3060,.T.);
#3060 = EDGE_LOOP('',(#3061,#3062,#3063,#3071));
#3061 = ORIENTED_EDGE('',*,*,#3038,.F.);
#3062 = ORIENTED_EDGE('',*,*,#2112,.T.);
#3063 = ORIENTED_EDGE('',*,*,#3064,.T.);
#3064 = EDGE_CURVE('',#2103,#3065,#3067,.T.);
#3065 = VERTEX_POINT('',#3066);
#3066 = CARTESIAN_POINT('',(0.16,-2.7,8.54));
#3067 = LINE('',#3068,#3069);
#3068 = CARTESIAN_POINT('',(0.16,-2.7,8.54));
#3069 = VECTOR('',#3070,1.);
#3070 = DIRECTION('',(-0.57735026919,0.57735026919,0.57735026919));
#3071 = ORIENTED_EDGE('',*,*,#3072,.F.);
#3072 = EDGE_CURVE('',#3039,#3065,#3073,.T.);
#3073 = LINE('',#3074,#3075);
#3074 = CARTESIAN_POINT('',(-0.32,-2.7,8.54));
#3075 = VECTOR('',#3076,1.);
#3076 = DIRECTION('',(1.,0.,0.));
#3077 = PLANE('',#3078);
#3078 = AXIS2_PLACEMENT_3D('',#3079,#3080,#3081);
#3079 = CARTESIAN_POINT('',(-0.32,-2.78,8.46));
#3080 = DIRECTION('',(-1.735167508357E-18,0.707106781187,-0.707106781187
    ));
#3081 = DIRECTION('',(-1.,-1.226948711654E-18,1.226948711654E-18));
#3082 = ADVANCED_FACE('',(#3083),#3094,.T.);
#3083 = FACE_BOUND('',#3084,.T.);
#3084 = EDGE_LOOP('',(#3085,#3086,#3087,#3088));
#3085 = ORIENTED_EDGE('',*,*,#3064,.F.);
#3086 = ORIENTED_EDGE('',*,*,#2129,.T.);
#3087 = ORIENTED_EDGE('',*,*,#3016,.T.);
#3088 = ORIENTED_EDGE('',*,*,#3089,.F.);
#3089 = EDGE_CURVE('',#3065,#3017,#3090,.T.);
#3090 = LINE('',#3091,#3092);
#3091 = CARTESIAN_POINT('',(0.16,-2.86,8.54));
#3092 = VECTOR('',#3093,1.);
#3093 = DIRECTION('',(0.,1.,0.));
#3094 = PLANE('',#3095);
#3095 = AXIS2_PLACEMENT_3D('',#3096,#3097,#3098);
#3096 = CARTESIAN_POINT('',(0.24,-2.86,8.46));
#3097 = DIRECTION('',(0.707106781187,-1.735167508357E-18,0.707106781187)
  );
#3098 = DIRECTION('',(1.226948711654E-18,1.,1.226948711654E-18));
#3099 = ADVANCED_FACE('',(#3100),#3125,.T.);
#3100 = FACE_BOUND('',#3101,.F.);
#3101 = EDGE_LOOP('',(#3102,#3110,#3111,#3119));
#3102 = ORIENTED_EDGE('',*,*,#3103,.F.);
#3103 = EDGE_CURVE('',#2153,#3104,#3106,.T.);
#3104 = VERTEX_POINT('',#3105);
#3105 = CARTESIAN_POINT('',(-0.16,-4.92,8.54));
#3106 = LINE('',#3107,#3108);
#3107 = CARTESIAN_POINT('',(-0.16,-4.92,8.54));
#3108 = VECTOR('',#3109,1.);
#3109 = DIRECTION('',(0.57735026919,-0.57735026919,0.57735026919));
#3110 = ORIENTED_EDGE('',*,*,#2160,.T.);
#3111 = ORIENTED_EDGE('',*,*,#3112,.T.);
#3112 = EDGE_CURVE('',#2144,#3113,#3115,.T.);
#3113 = VERTEX_POINT('',#3114);
#3114 = CARTESIAN_POINT('',(0.16,-4.92,8.54));
#3115 = LINE('',#3116,#3117);
#3116 = CARTESIAN_POINT('',(5.333333333333E-02,-5.026666666667,
    8.646666666667));
#3117 = VECTOR('',#3118,1.);
#3118 = DIRECTION('',(-0.57735026919,-0.57735026919,0.57735026919));
#3119 = ORIENTED_EDGE('',*,*,#3120,.F.);
#3120 = EDGE_CURVE('',#3104,#3113,#3121,.T.);
#3121 = LINE('',#3122,#3123);
#3122 = CARTESIAN_POINT('',(-0.32,-4.92,8.54));
#3123 = VECTOR('',#3124,1.);
#3124 = DIRECTION('',(1.,0.,0.));
#3125 = PLANE('',#3126);
#3126 = AXIS2_PLACEMENT_3D('',#3127,#3128,#3129);
#3127 = CARTESIAN_POINT('',(-0.32,-4.84,8.46));
#3128 = DIRECTION('',(1.735167508357E-18,0.707106781187,0.707106781187)
  );
#3129 = DIRECTION('',(-1.,1.226948711654E-18,1.226948711654E-18));
#3130 = ADVANCED_FACE('',(#3131),#3149,.F.);
#3131 = FACE_BOUND('',#3132,.F.);
#3132 = EDGE_LOOP('',(#3133,#3141,#3142,#3143));
#3133 = ORIENTED_EDGE('',*,*,#3134,.F.);
#3134 = EDGE_CURVE('',#2175,#3135,#3137,.T.);
#3135 = VERTEX_POINT('',#3136);
#3136 = CARTESIAN_POINT('',(-0.16,-5.24,8.54));
#3137 = LINE('',#3138,#3139);
#3138 = CARTESIAN_POINT('',(-0.266666666667,-5.346666666667,
    8.433333333333));
#3139 = VECTOR('',#3140,1.);
#3140 = DIRECTION('',(0.57735026919,0.57735026919,0.57735026919));
#3141 = ORIENTED_EDGE('',*,*,#2184,.T.);
#3142 = ORIENTED_EDGE('',*,*,#3103,.T.);
#3143 = ORIENTED_EDGE('',*,*,#3144,.F.);
#3144 = EDGE_CURVE('',#3135,#3104,#3145,.T.);
#3145 = LINE('',#3146,#3147);
#3146 = CARTESIAN_POINT('',(-0.16,-5.4,8.54));
#3147 = VECTOR('',#3148,1.);
#3148 = DIRECTION('',(0.,1.,0.));
#3149 = PLANE('',#3150);
#3150 = AXIS2_PLACEMENT_3D('',#3151,#3152,#3153);
#3151 = CARTESIAN_POINT('',(-0.24,-5.4,8.46));
#3152 = DIRECTION('',(0.707106781187,1.735167508357E-18,-0.707106781187)
  );
#3153 = DIRECTION('',(-1.226948711654E-18,1.,1.226948711654E-18));
#3154 = ADVANCED_FACE('',(#3155),#3173,.F.);
#3155 = FACE_BOUND('',#3156,.T.);
#3156 = EDGE_LOOP('',(#3157,#3158,#3159,#3167));
#3157 = ORIENTED_EDGE('',*,*,#3134,.F.);
#3158 = ORIENTED_EDGE('',*,*,#2208,.T.);
#3159 = ORIENTED_EDGE('',*,*,#3160,.T.);
#3160 = EDGE_CURVE('',#2199,#3161,#3163,.T.);
#3161 = VERTEX_POINT('',#3162);
#3162 = CARTESIAN_POINT('',(0.16,-5.24,8.54));
#3163 = LINE('',#3164,#3165);
#3164 = CARTESIAN_POINT('',(0.16,-5.24,8.54));
#3165 = VECTOR('',#3166,1.);
#3166 = DIRECTION('',(-0.57735026919,0.57735026919,0.57735026919));
#3167 = ORIENTED_EDGE('',*,*,#3168,.F.);
#3168 = EDGE_CURVE('',#3135,#3161,#3169,.T.);
#3169 = LINE('',#3170,#3171);
#3170 = CARTESIAN_POINT('',(-0.32,-5.24,8.54));
#3171 = VECTOR('',#3172,1.);
#3172 = DIRECTION('',(1.,0.,0.));
#3173 = PLANE('',#3174);
#3174 = AXIS2_PLACEMENT_3D('',#3175,#3176,#3177);
#3175 = CARTESIAN_POINT('',(-0.32,-5.32,8.46));
#3176 = DIRECTION('',(-1.735167508357E-18,0.707106781187,-0.707106781187
    ));
#3177 = DIRECTION('',(-1.,-1.226948711654E-18,1.226948711654E-18));
#3178 = ADVANCED_FACE('',(#3179),#3190,.T.);
#3179 = FACE_BOUND('',#3180,.T.);
#3180 = EDGE_LOOP('',(#3181,#3182,#3183,#3184));
#3181 = ORIENTED_EDGE('',*,*,#3160,.F.);
#3182 = ORIENTED_EDGE('',*,*,#2225,.T.);
#3183 = ORIENTED_EDGE('',*,*,#3112,.T.);
#3184 = ORIENTED_EDGE('',*,*,#3185,.F.);
#3185 = EDGE_CURVE('',#3161,#3113,#3186,.T.);
#3186 = LINE('',#3187,#3188);
#3187 = CARTESIAN_POINT('',(0.16,-5.4,8.54));
#3188 = VECTOR('',#3189,1.);
#3189 = DIRECTION('',(0.,1.,0.));
#3190 = PLANE('',#3191);
#3191 = AXIS2_PLACEMENT_3D('',#3192,#3193,#3194);
#3192 = CARTESIAN_POINT('',(0.24,-5.4,8.46));
#3193 = DIRECTION('',(0.707106781187,-1.735167508357E-18,0.707106781187)
  );
#3194 = DIRECTION('',(1.226948711654E-18,1.,1.226948711654E-18));
#3195 = ADVANCED_FACE('',(#3196),#3221,.T.);
#3196 = FACE_BOUND('',#3197,.F.);
#3197 = EDGE_LOOP('',(#3198,#3206,#3207,#3215));
#3198 = ORIENTED_EDGE('',*,*,#3199,.F.);
#3199 = EDGE_CURVE('',#2249,#3200,#3202,.T.);
#3200 = VERTEX_POINT('',#3201);
#3201 = CARTESIAN_POINT('',(-0.16,-10.,8.54));
#3202 = LINE('',#3203,#3204);
#3203 = CARTESIAN_POINT('',(-0.16,-10.,8.54));
#3204 = VECTOR('',#3205,1.);
#3205 = DIRECTION('',(0.57735026919,-0.57735026919,0.57735026919));
#3206 = ORIENTED_EDGE('',*,*,#2256,.T.);
#3207 = ORIENTED_EDGE('',*,*,#3208,.T.);
#3208 = EDGE_CURVE('',#2240,#3209,#3211,.T.);
#3209 = VERTEX_POINT('',#3210);
#3210 = CARTESIAN_POINT('',(0.16,-10.,8.54));
#3211 = LINE('',#3212,#3213);
#3212 = CARTESIAN_POINT('',(5.333333333333E-02,-10.10666666666,
    8.646666666667));
#3213 = VECTOR('',#3214,1.);
#3214 = DIRECTION('',(-0.57735026919,-0.57735026919,0.57735026919));
#3215 = ORIENTED_EDGE('',*,*,#3216,.F.);
#3216 = EDGE_CURVE('',#3200,#3209,#3217,.T.);
#3217 = LINE('',#3218,#3219);
#3218 = CARTESIAN_POINT('',(-0.32,-10.,8.54));
#3219 = VECTOR('',#3220,1.);
#3220 = DIRECTION('',(1.,0.,0.));
#3221 = PLANE('',#3222);
#3222 = AXIS2_PLACEMENT_3D('',#3223,#3224,#3225);
#3223 = CARTESIAN_POINT('',(-0.32,-9.92,8.46));
#3224 = DIRECTION('',(1.735167508357E-18,0.707106781187,0.707106781187)
  );
#3225 = DIRECTION('',(-1.,1.226948711654E-18,1.226948711654E-18));
#3226 = ADVANCED_FACE('',(#3227),#3245,.F.);
#3227 = FACE_BOUND('',#3228,.F.);
#3228 = EDGE_LOOP('',(#3229,#3237,#3238,#3239));
#3229 = ORIENTED_EDGE('',*,*,#3230,.F.);
#3230 = EDGE_CURVE('',#2271,#3231,#3233,.T.);
#3231 = VERTEX_POINT('',#3232);
#3232 = CARTESIAN_POINT('',(-0.16,-10.32,8.54));
#3233 = LINE('',#3234,#3235);
#3234 = CARTESIAN_POINT('',(-0.266666666667,-10.42666666666,
    8.433333333333));
#3235 = VECTOR('',#3236,1.);
#3236 = DIRECTION('',(0.57735026919,0.57735026919,0.57735026919));
#3237 = ORIENTED_EDGE('',*,*,#2280,.T.);
#3238 = ORIENTED_EDGE('',*,*,#3199,.T.);
#3239 = ORIENTED_EDGE('',*,*,#3240,.F.);
#3240 = EDGE_CURVE('',#3231,#3200,#3241,.T.);
#3241 = LINE('',#3242,#3243);
#3242 = CARTESIAN_POINT('',(-0.16,-10.48,8.54));
#3243 = VECTOR('',#3244,1.);
#3244 = DIRECTION('',(0.,1.,0.));
#3245 = PLANE('',#3246);
#3246 = AXIS2_PLACEMENT_3D('',#3247,#3248,#3249);
#3247 = CARTESIAN_POINT('',(-0.24,-10.48,8.46));
#3248 = DIRECTION('',(0.707106781187,1.735167508357E-18,-0.707106781187)
  );
#3249 = DIRECTION('',(-1.226948711654E-18,1.,1.226948711654E-18));
#3250 = ADVANCED_FACE('',(#3251),#3269,.F.);
#3251 = FACE_BOUND('',#3252,.T.);
#3252 = EDGE_LOOP('',(#3253,#3254,#3255,#3263));
#3253 = ORIENTED_EDGE('',*,*,#3230,.F.);
#3254 = ORIENTED_EDGE('',*,*,#2304,.T.);
#3255 = ORIENTED_EDGE('',*,*,#3256,.T.);
#3256 = EDGE_CURVE('',#2295,#3257,#3259,.T.);
#3257 = VERTEX_POINT('',#3258);
#3258 = CARTESIAN_POINT('',(0.16,-10.32,8.54));
#3259 = LINE('',#3260,#3261);
#3260 = CARTESIAN_POINT('',(0.16,-10.32,8.54));
#3261 = VECTOR('',#3262,1.);
#3262 = DIRECTION('',(-0.57735026919,0.57735026919,0.57735026919));
#3263 = ORIENTED_EDGE('',*,*,#3264,.F.);
#3264 = EDGE_CURVE('',#3231,#3257,#3265,.T.);
#3265 = LINE('',#3266,#3267);
#3266 = CARTESIAN_POINT('',(-0.32,-10.32,8.54));
#3267 = VECTOR('',#3268,1.);
#3268 = DIRECTION('',(1.,0.,0.));
#3269 = PLANE('',#3270);
#3270 = AXIS2_PLACEMENT_3D('',#3271,#3272,#3273);
#3271 = CARTESIAN_POINT('',(-0.32,-10.4,8.46));
#3272 = DIRECTION('',(-1.735167508357E-18,0.707106781187,-0.707106781187
    ));
#3273 = DIRECTION('',(-1.,-1.226948711654E-18,1.226948711654E-18));
#3274 = ADVANCED_FACE('',(#3275),#3286,.T.);
#3275 = FACE_BOUND('',#3276,.T.);
#3276 = EDGE_LOOP('',(#3277,#3278,#3279,#3280));
#3277 = ORIENTED_EDGE('',*,*,#3256,.F.);
#3278 = ORIENTED_EDGE('',*,*,#2321,.T.);
#3279 = ORIENTED_EDGE('',*,*,#3208,.T.);
#3280 = ORIENTED_EDGE('',*,*,#3281,.F.);
#3281 = EDGE_CURVE('',#3257,#3209,#3282,.T.);
#3282 = LINE('',#3283,#3284);
#3283 = CARTESIAN_POINT('',(0.16,-10.48,8.54));
#3284 = VECTOR('',#3285,1.);
#3285 = DIRECTION('',(0.,1.,0.));
#3286 = PLANE('',#3287);
#3287 = AXIS2_PLACEMENT_3D('',#3288,#3289,#3290);
#3288 = CARTESIAN_POINT('',(0.24,-10.48,8.46));
#3289 = DIRECTION('',(0.707106781187,-1.735167508357E-18,0.707106781187)
  );
#3290 = DIRECTION('',(1.226948711654E-18,1.,1.226948711654E-18));
#3291 = ADVANCED_FACE('',(#3292),#3317,.F.);
#3292 = FACE_BOUND('',#3293,.T.);
#3293 = EDGE_LOOP('',(#3294,#3302,#3303,#3311));
#3294 = ORIENTED_EDGE('',*,*,#3295,.F.);
#3295 = EDGE_CURVE('',#2345,#3296,#3298,.T.);
#3296 = VERTEX_POINT('',#3297);
#3297 = CARTESIAN_POINT('',(-0.16,-7.78,8.54));
#3298 = LINE('',#3299,#3300);
#3299 = CARTESIAN_POINT('',(-0.266666666667,-7.886666666667,
    8.433333333333));
#3300 = VECTOR('',#3301,1.);
#3301 = DIRECTION('',(0.57735026919,0.57735026919,0.57735026919));
#3302 = ORIENTED_EDGE('',*,*,#2352,.T.);
#3303 = ORIENTED_EDGE('',*,*,#3304,.T.);
#3304 = EDGE_CURVE('',#2336,#3305,#3307,.T.);
#3305 = VERTEX_POINT('',#3306);
#3306 = CARTESIAN_POINT('',(0.16,-7.78,8.54));
#3307 = LINE('',#3308,#3309);
#3308 = CARTESIAN_POINT('',(0.16,-7.78,8.54));
#3309 = VECTOR('',#3310,1.);
#3310 = DIRECTION('',(-0.57735026919,0.57735026919,0.57735026919));
#3311 = ORIENTED_EDGE('',*,*,#3312,.F.);
#3312 = EDGE_CURVE('',#3296,#3305,#3313,.T.);
#3313 = LINE('',#3314,#3315);
#3314 = CARTESIAN_POINT('',(-0.32,-7.78,8.54));
#3315 = VECTOR('',#3316,1.);
#3316 = DIRECTION('',(1.,0.,0.));
#3317 = PLANE('',#3318);
#3318 = AXIS2_PLACEMENT_3D('',#3319,#3320,#3321);
#3319 = CARTESIAN_POINT('',(-0.32,-7.86,8.46));
#3320 = DIRECTION('',(-1.735167508357E-18,0.707106781187,-0.707106781187
    ));
#3321 = DIRECTION('',(-1.,-1.226948711654E-18,1.226948711654E-18));
#3322 = ADVANCED_FACE('',(#3323),#3341,.T.);
#3323 = FACE_BOUND('',#3324,.T.);
#3324 = EDGE_LOOP('',(#3325,#3326,#3327,#3335));
#3325 = ORIENTED_EDGE('',*,*,#3304,.F.);
#3326 = ORIENTED_EDGE('',*,*,#2376,.T.);
#3327 = ORIENTED_EDGE('',*,*,#3328,.T.);
#3328 = EDGE_CURVE('',#2369,#3329,#3331,.T.);
#3329 = VERTEX_POINT('',#3330);
#3330 = CARTESIAN_POINT('',(0.16,-7.46,8.54));
#3331 = LINE('',#3332,#3333);
#3332 = CARTESIAN_POINT('',(5.333333333333E-02,-7.566666666667,
    8.646666666667));
#3333 = VECTOR('',#3334,1.);
#3334 = DIRECTION('',(-0.57735026919,-0.57735026919,0.57735026919));
#3335 = ORIENTED_EDGE('',*,*,#3336,.F.);
#3336 = EDGE_CURVE('',#3305,#3329,#3337,.T.);
#3337 = LINE('',#3338,#3339);
#3338 = CARTESIAN_POINT('',(0.16,-7.94,8.54));
#3339 = VECTOR('',#3340,1.);
#3340 = DIRECTION('',(0.,1.,0.));
#3341 = PLANE('',#3342);
#3342 = AXIS2_PLACEMENT_3D('',#3343,#3344,#3345);
#3343 = CARTESIAN_POINT('',(0.24,-7.94,8.46));
#3344 = DIRECTION('',(0.707106781187,-1.735167508357E-18,0.707106781187)
  );
#3345 = DIRECTION('',(1.226948711654E-18,1.,1.226948711654E-18));
#3346 = ADVANCED_FACE('',(#3347),#3365,.T.);
#3347 = FACE_BOUND('',#3348,.F.);
#3348 = EDGE_LOOP('',(#3349,#3357,#3358,#3359));
#3349 = ORIENTED_EDGE('',*,*,#3350,.F.);
#3350 = EDGE_CURVE('',#2393,#3351,#3353,.T.);
#3351 = VERTEX_POINT('',#3352);
#3352 = CARTESIAN_POINT('',(-0.16,-7.46,8.54));
#3353 = LINE('',#3354,#3355);
#3354 = CARTESIAN_POINT('',(-0.16,-7.46,8.54));
#3355 = VECTOR('',#3356,1.);
#3356 = DIRECTION('',(0.57735026919,-0.57735026919,0.57735026919));
#3357 = ORIENTED_EDGE('',*,*,#2400,.T.);
#3358 = ORIENTED_EDGE('',*,*,#3328,.T.);
#3359 = ORIENTED_EDGE('',*,*,#3360,.F.);
#3360 = EDGE_CURVE('',#3351,#3329,#3361,.T.);
#3361 = LINE('',#3362,#3363);
#3362 = CARTESIAN_POINT('',(-0.32,-7.46,8.54));
#3363 = VECTOR('',#3364,1.);
#3364 = DIRECTION('',(1.,0.,0.));
#3365 = PLANE('',#3366);
#3366 = AXIS2_PLACEMENT_3D('',#3367,#3368,#3369);
#3367 = CARTESIAN_POINT('',(-0.32,-7.38,8.46));
#3368 = DIRECTION('',(1.735167508357E-18,0.707106781187,0.707106781187)
  );
#3369 = DIRECTION('',(-1.,1.226948711654E-18,1.226948711654E-18));
#3370 = ADVANCED_FACE('',(#3371),#3382,.F.);
#3371 = FACE_BOUND('',#3372,.F.);
#3372 = EDGE_LOOP('',(#3373,#3374,#3375,#3376));
#3373 = ORIENTED_EDGE('',*,*,#3295,.F.);
#3374 = ORIENTED_EDGE('',*,*,#2417,.T.);
#3375 = ORIENTED_EDGE('',*,*,#3350,.T.);
#3376 = ORIENTED_EDGE('',*,*,#3377,.F.);
#3377 = EDGE_CURVE('',#3296,#3351,#3378,.T.);
#3378 = LINE('',#3379,#3380);
#3379 = CARTESIAN_POINT('',(-0.16,-7.94,8.54));
#3380 = VECTOR('',#3381,1.);
#3381 = DIRECTION('',(0.,1.,0.));
#3382 = PLANE('',#3383);
#3383 = AXIS2_PLACEMENT_3D('',#3384,#3385,#3386);
#3384 = CARTESIAN_POINT('',(-0.24,-7.94,8.46));
#3385 = DIRECTION('',(0.707106781187,1.735167508357E-18,-0.707106781187)
  );
#3386 = DIRECTION('',(-1.226948711654E-18,1.,1.226948711654E-18));
#3387 = ADVANCED_FACE('',(#3388),#3394,.F.);
#3388 = FACE_BOUND('',#3389,.F.);
#3389 = EDGE_LOOP('',(#3390,#3391,#3392,#3393));
#3390 = ORIENTED_EDGE('',*,*,#2513,.T.);
#3391 = ORIENTED_EDGE('',*,*,#2448,.T.);
#3392 = ORIENTED_EDGE('',*,*,#2472,.F.);
#3393 = ORIENTED_EDGE('',*,*,#2496,.F.);
#3394 = PLANE('',#3395);
#3395 = AXIS2_PLACEMENT_3D('',#3396,#3397,#3398);
#3396 = CARTESIAN_POINT('',(-0.32,-0.32,-3.));
#3397 = DIRECTION('',(0.,0.,1.));
#3398 = DIRECTION('',(1.,0.,-0.));
#3399 = ADVANCED_FACE('',(#3400),#3406,.F.);
#3400 = FACE_BOUND('',#3401,.F.);
#3401 = EDGE_LOOP('',(#3402,#3403,#3404,#3405));
#3402 = ORIENTED_EDGE('',*,*,#2592,.T.);
#3403 = ORIENTED_EDGE('',*,*,#2609,.T.);
#3404 = ORIENTED_EDGE('',*,*,#2544,.F.);
#3405 = ORIENTED_EDGE('',*,*,#2568,.F.);
#3406 = PLANE('',#3407);
#3407 = AXIS2_PLACEMENT_3D('',#3408,#3409,#3410);
#3408 = CARTESIAN_POINT('',(-0.32,-2.86,-3.));
#3409 = DIRECTION('',(0.,0.,1.));
#3410 = DIRECTION('',(1.,0.,-0.));
#3411 = ADVANCED_FACE('',(#3412),#3418,.F.);
#3412 = FACE_BOUND('',#3413,.F.);
#3413 = EDGE_LOOP('',(#3414,#3415,#3416,#3417));
#3414 = ORIENTED_EDGE('',*,*,#2688,.T.);
#3415 = ORIENTED_EDGE('',*,*,#2705,.T.);
#3416 = ORIENTED_EDGE('',*,*,#2640,.F.);
#3417 = ORIENTED_EDGE('',*,*,#2664,.F.);
#3418 = PLANE('',#3419);
#3419 = AXIS2_PLACEMENT_3D('',#3420,#3421,#3422);
#3420 = CARTESIAN_POINT('',(-0.32,-5.4,-3.));
#3421 = DIRECTION('',(0.,0.,1.));
#3422 = DIRECTION('',(1.,0.,-0.));
#3423 = ADVANCED_FACE('',(#3424),#3430,.F.);
#3424 = FACE_BOUND('',#3425,.F.);
#3425 = EDGE_LOOP('',(#3426,#3427,#3428,#3429));
#3426 = ORIENTED_EDGE('',*,*,#2784,.T.);
#3427 = ORIENTED_EDGE('',*,*,#2801,.T.);
#3428 = ORIENTED_EDGE('',*,*,#2736,.F.);
#3429 = ORIENTED_EDGE('',*,*,#2760,.F.);
#3430 = PLANE('',#3431);
#3431 = AXIS2_PLACEMENT_3D('',#3432,#3433,#3434);
#3432 = CARTESIAN_POINT('',(-0.32,-10.48,-3.));
#3433 = DIRECTION('',(0.,0.,1.));
#3434 = DIRECTION('',(1.,0.,-0.));
#3435 = ADVANCED_FACE('',(#3436),#3442,.F.);
#3436 = FACE_BOUND('',#3437,.F.);
#3437 = EDGE_LOOP('',(#3438,#3439,#3440,#3441));
#3438 = ORIENTED_EDGE('',*,*,#2832,.T.);
#3439 = ORIENTED_EDGE('',*,*,#2856,.T.);
#3440 = ORIENTED_EDGE('',*,*,#2880,.F.);
#3441 = ORIENTED_EDGE('',*,*,#2897,.F.);
#3442 = PLANE('',#3443);
#3443 = AXIS2_PLACEMENT_3D('',#3444,#3445,#3446);
#3444 = CARTESIAN_POINT('',(-0.32,-7.94,-3.));
#3445 = DIRECTION('',(0.,0.,1.));
#3446 = DIRECTION('',(1.,0.,-0.));
#3447 = ADVANCED_FACE('',(#3448),#3454,.T.);
#3448 = FACE_BOUND('',#3449,.T.);
#3449 = EDGE_LOOP('',(#3450,#3451,#3452,#3453));
#3450 = ORIENTED_EDGE('',*,*,#2928,.T.);
#3451 = ORIENTED_EDGE('',*,*,#2952,.F.);
#3452 = ORIENTED_EDGE('',*,*,#2976,.F.);
#3453 = ORIENTED_EDGE('',*,*,#2993,.T.);
#3454 = PLANE('',#3455);
#3455 = AXIS2_PLACEMENT_3D('',#3456,#3457,#3458);
#3456 = CARTESIAN_POINT('',(-0.32,-0.32,8.54));
#3457 = DIRECTION('',(0.,0.,1.));
#3458 = DIRECTION('',(1.,0.,-0.));
#3459 = ADVANCED_FACE('',(#3460),#3466,.T.);
#3460 = FACE_BOUND('',#3461,.T.);
#3461 = EDGE_LOOP('',(#3462,#3463,#3464,#3465));
#3462 = ORIENTED_EDGE('',*,*,#3089,.T.);
#3463 = ORIENTED_EDGE('',*,*,#3024,.F.);
#3464 = ORIENTED_EDGE('',*,*,#3048,.F.);
#3465 = ORIENTED_EDGE('',*,*,#3072,.T.);
#3466 = PLANE('',#3467);
#3467 = AXIS2_PLACEMENT_3D('',#3468,#3469,#3470);
#3468 = CARTESIAN_POINT('',(-0.32,-2.86,8.54));
#3469 = DIRECTION('',(0.,0.,1.));
#3470 = DIRECTION('',(1.,0.,-0.));
#3471 = ADVANCED_FACE('',(#3472),#3478,.T.);
#3472 = FACE_BOUND('',#3473,.T.);
#3473 = EDGE_LOOP('',(#3474,#3475,#3476,#3477));
#3474 = ORIENTED_EDGE('',*,*,#3185,.T.);
#3475 = ORIENTED_EDGE('',*,*,#3120,.F.);
#3476 = ORIENTED_EDGE('',*,*,#3144,.F.);
#3477 = ORIENTED_EDGE('',*,*,#3168,.T.);
#3478 = PLANE('',#3479);
#3479 = AXIS2_PLACEMENT_3D('',#3480,#3481,#3482);
#3480 = CARTESIAN_POINT('',(-0.32,-5.4,8.54));
#3481 = DIRECTION('',(0.,0.,1.));
#3482 = DIRECTION('',(1.,0.,-0.));
#3483 = ADVANCED_FACE('',(#3484),#3490,.T.);
#3484 = FACE_BOUND('',#3485,.T.);
#3485 = EDGE_LOOP('',(#3486,#3487,#3488,#3489));
#3486 = ORIENTED_EDGE('',*,*,#3281,.T.);
#3487 = ORIENTED_EDGE('',*,*,#3216,.F.);
#3488 = ORIENTED_EDGE('',*,*,#3240,.F.);
#3489 = ORIENTED_EDGE('',*,*,#3264,.T.);
#3490 = PLANE('',#3491);
#3491 = AXIS2_PLACEMENT_3D('',#3492,#3493,#3494);
#3492 = CARTESIAN_POINT('',(-0.32,-10.48,8.54));
#3493 = DIRECTION('',(0.,0.,1.));
#3494 = DIRECTION('',(1.,0.,-0.));
#3495 = ADVANCED_FACE('',(#3496),#3502,.T.);
#3496 = FACE_BOUND('',#3497,.T.);
#3497 = EDGE_LOOP('',(#3498,#3499,#3500,#3501));
#3498 = ORIENTED_EDGE('',*,*,#3336,.T.);
#3499 = ORIENTED_EDGE('',*,*,#3360,.F.);
#3500 = ORIENTED_EDGE('',*,*,#3377,.F.);
#3501 = ORIENTED_EDGE('',*,*,#3312,.T.);
#3502 = PLANE('',#3503);
#3503 = AXIS2_PLACEMENT_3D('',#3504,#3505,#3506);
#3504 = CARTESIAN_POINT('',(-0.32,-7.94,8.54));
#3505 = DIRECTION('',(0.,0.,1.));
#3506 = DIRECTION('',(1.,0.,-0.));
#3507 = ( GEOMETRIC_REPRESENTATION_CONTEXT(3) 
GLOBAL_UNCERTAINTY_ASSIGNED_CONTEXT((#3511)) 
GLOBAL_UNIT_ASSIGNED_CONTEXT((#3508,#3509,#3510)) REPRESENTATION_CONTEXT
('Context #1','3D Context with UNIT and UNCERTAINTY') );
#3508 = ( LENGTH_UNIT() NAMED_UNIT(*) SI_UNIT(.MILLI.,.METRE.) );
#3509 = ( NAMED_UNIT(*) PLANE_ANGLE_UNIT() SI_UNIT($,.RADIAN.) );
#3510 = ( NAMED_UNIT(*) SI_UNIT($,.STERADIAN.) SOLID_ANGLE_UNIT() );
#3511 = UNCERTAINTY_MEASURE_WITH_UNIT(LENGTH_MEASURE(1.E-07),#3508,
  'distance_accuracy_value','confusion accuracy');
#3512 = CONTEXT_DEPENDENT_SHAPE_REPRESENTATION(#3513,#3515);
#3513 = ( REPRESENTATION_RELATIONSHIP('','',#52,#10) 
REPRESENTATION_RELATIONSHIP_WITH_TRANSFORMATION(#3514) 
SHAPE_REPRESENTATION_RELATIONSHIP() );
#3514 = ITEM_DEFINED_TRANSFORMATION('','',#11,#15);
#3515 = PRODUCT_DEFINITION_SHAPE('Placement','Placement of an item',
  #3516);
#3516 = NEXT_ASSEMBLY_USAGE_OCCURRENCE('1','J3','',#5,#47,$);
#3517 = PRODUCT_RELATED_PRODUCT_CATEGORY('part',$,(#49));
#3518 = SHAPE_DEFINITION_REPRESENTATION(#3519,#3525);
#3519 = PRODUCT_DEFINITION_SHAPE('','',#3520);
#3520 = PRODUCT_DEFINITION('design','',#3521,#3524);
#3521 = PRODUCT_DEFINITION_FORMATION('','',#3522);
#3522 = PRODUCT('R_0805_2012Metric','R_0805_2012Metric','',(#3523));
#3523 = PRODUCT_CONTEXT('',#2,'mechanical');
#3524 = PRODUCT_DEFINITION_CONTEXT('part definition',#2,'design');
#3525 = ADVANCED_BREP_SHAPE_REPRESENTATION('',(#11,#3526),#4316);
#3526 = MANIFOLD_SOLID_BREP('',#3527);
#3527 = CLOSED_SHELL('',(#3528,#3568,#3651,#3676,#3701,#3768,#3785,#3802
    ,#3851,#3868,#3885,#3934,#3951,#4020,#4051,#4075,#4144,#4168,#4185,
    #4202,#4219,#4236,#4253,#4270,#4287,#4304));
#3528 = ADVANCED_FACE('',(#3529),#3563,.F.);
#3529 = FACE_BOUND('',#3530,.F.);
#3530 = EDGE_LOOP('',(#3531,#3541,#3549,#3557));
#3531 = ORIENTED_EDGE('',*,*,#3532,.F.);
#3532 = EDGE_CURVE('',#3533,#3535,#3537,.T.);
#3533 = VERTEX_POINT('',#3534);
#3534 = CARTESIAN_POINT('',(-1.,-0.6,4.5E-02));
#3535 = VERTEX_POINT('',#3536);
#3536 = CARTESIAN_POINT('',(-1.,-0.6,0.405));
#3537 = LINE('',#3538,#3539);
#3538 = CARTESIAN_POINT('',(-1.,-0.6,0.));
#3539 = VECTOR('',#3540,1.);
#3540 = DIRECTION('',(0.,0.,1.));
#3541 = ORIENTED_EDGE('',*,*,#3542,.T.);
#3542 = EDGE_CURVE('',#3533,#3543,#3545,.T.);
#3543 = VERTEX_POINT('',#3544);
#3544 = CARTESIAN_POINT('',(-1.,0.6,4.5E-02));
#3545 = LINE('',#3546,#3547);
#3546 = CARTESIAN_POINT('',(-1.,-0.6,4.5E-02));
#3547 = VECTOR('',#3548,1.);
#3548 = DIRECTION('',(0.,1.,0.));
#3549 = ORIENTED_EDGE('',*,*,#3550,.T.);
#3550 = EDGE_CURVE('',#3543,#3551,#3553,.T.);
#3551 = VERTEX_POINT('',#3552);
#3552 = CARTESIAN_POINT('',(-1.,0.6,0.405));
#3553 = LINE('',#3554,#3555);
#3554 = CARTESIAN_POINT('',(-1.,0.6,0.));
#3555 = VECTOR('',#3556,1.);
#3556 = DIRECTION('',(0.,0.,1.));
#3557 = ORIENTED_EDGE('',*,*,#3558,.F.);
#3558 = EDGE_CURVE('',#3535,#3551,#3559,.T.);
#3559 = LINE('',#3560,#3561);
#3560 = CARTESIAN_POINT('',(-1.,-0.6,0.405));
#3561 = VECTOR('',#3562,1.);
#3562 = DIRECTION('',(0.,1.,0.));
#3563 = PLANE('',#3564);
#3564 = AXIS2_PLACEMENT_3D('',#3565,#3566,#3567);
#3565 = CARTESIAN_POINT('',(-1.,-0.6,0.));
#3566 = DIRECTION('',(1.,0.,0.));
#3567 = DIRECTION('',(0.,0.,1.));
#3568 = ADVANCED_FACE('',(#3569),#3646,.F.);
#3569 = FACE_BOUND('',#3570,.F.);
#3570 = EDGE_LOOP('',(#3571,#3581,#3588,#3589,#3598,#3606,#3615,#3623,
    #3631,#3639));
#3571 = ORIENTED_EDGE('',*,*,#3572,.F.);
#3572 = EDGE_CURVE('',#3573,#3575,#3577,.T.);
#3573 = VERTEX_POINT('',#3574);
#3574 = CARTESIAN_POINT('',(-0.955,-0.6,-2.775557561563E-17));
#3575 = VERTEX_POINT('',#3576);
#3576 = CARTESIAN_POINT('',(-0.745,-0.6,-2.775557561563E-17));
#3577 = LINE('',#3578,#3579);
#3578 = CARTESIAN_POINT('',(-1.,-0.6,0.));
#3579 = VECTOR('',#3580,1.);
#3580 = DIRECTION('',(1.,0.,0.));
#3581 = ORIENTED_EDGE('',*,*,#3582,.F.);
#3582 = EDGE_CURVE('',#3533,#3573,#3583,.T.);
#3583 = CIRCLE('',#3584,4.5E-02);
#3584 = AXIS2_PLACEMENT_3D('',#3585,#3586,#3587);
#3585 = CARTESIAN_POINT('',(-0.955,-0.6,4.5E-02));
#3586 = DIRECTION('',(0.,-1.,0.));
#3587 = DIRECTION('',(0.,0.,1.));
#3588 = ORIENTED_EDGE('',*,*,#3532,.T.);
#3589 = ORIENTED_EDGE('',*,*,#3590,.T.);
#3590 = EDGE_CURVE('',#3535,#3591,#3593,.T.);
#3591 = VERTEX_POINT('',#3592);
#3592 = CARTESIAN_POINT('',(-0.955,-0.6,0.45));
#3593 = CIRCLE('',#3594,4.5E-02);
#3594 = AXIS2_PLACEMENT_3D('',#3595,#3596,#3597);
#3595 = CARTESIAN_POINT('',(-0.955,-0.6,0.405));
#3596 = DIRECTION('',(0.,1.,0.));
#3597 = DIRECTION('',(0.,-0.,1.));
#3598 = ORIENTED_EDGE('',*,*,#3599,.T.);
#3599 = EDGE_CURVE('',#3591,#3600,#3602,.T.);
#3600 = VERTEX_POINT('',#3601);
#3601 = CARTESIAN_POINT('',(-0.745,-0.6,0.45));
#3602 = LINE('',#3603,#3604);
#3603 = CARTESIAN_POINT('',(-1.,-0.6,0.45));
#3604 = VECTOR('',#3605,1.);
#3605 = DIRECTION('',(1.,0.,0.));
#3606 = ORIENTED_EDGE('',*,*,#3607,.F.);
#3607 = EDGE_CURVE('',#3608,#3600,#3610,.T.);
#3608 = VERTEX_POINT('',#3609);
#3609 = CARTESIAN_POINT('',(-0.7,-0.6,0.405));
#3610 = CIRCLE('',#3611,4.5E-02);
#3611 = AXIS2_PLACEMENT_3D('',#3612,#3613,#3614);
#3612 = CARTESIAN_POINT('',(-0.745,-0.6,0.405));
#3613 = DIRECTION('',(0.,-1.,0.));
#3614 = DIRECTION('',(0.,0.,1.));
#3615 = ORIENTED_EDGE('',*,*,#3616,.F.);
#3616 = EDGE_CURVE('',#3617,#3608,#3619,.T.);
#3617 = VERTEX_POINT('',#3618);
#3618 = CARTESIAN_POINT('',(-0.955,-0.6,0.405));
#3619 = LINE('',#3620,#3621);
#3620 = CARTESIAN_POINT('',(-0.955,-0.6,0.405));
#3621 = VECTOR('',#3622,1.);
#3622 = DIRECTION('',(1.,0.,0.));
#3623 = ORIENTED_EDGE('',*,*,#3624,.F.);
#3624 = EDGE_CURVE('',#3625,#3617,#3627,.T.);
#3625 = VERTEX_POINT('',#3626);
#3626 = CARTESIAN_POINT('',(-0.955,-0.6,4.5E-02));
#3627 = LINE('',#3628,#3629);
#3628 = CARTESIAN_POINT('',(-0.955,-0.6,4.5E-02));
#3629 = VECTOR('',#3630,1.);
#3630 = DIRECTION('',(0.,0.,1.));
#3631 = ORIENTED_EDGE('',*,*,#3632,.T.);
#3632 = EDGE_CURVE('',#3625,#3633,#3635,.T.);
#3633 = VERTEX_POINT('',#3634);
#3634 = CARTESIAN_POINT('',(-0.7,-0.6,4.5E-02));
#3635 = LINE('',#3636,#3637);
#3636 = CARTESIAN_POINT('',(-0.955,-0.6,4.5E-02));
#3637 = VECTOR('',#3638,1.);
#3638 = DIRECTION('',(1.,0.,0.));
#3639 = ORIENTED_EDGE('',*,*,#3640,.T.);
#3640 = EDGE_CURVE('',#3633,#3575,#3641,.T.);
#3641 = CIRCLE('',#3642,4.5E-02);
#3642 = AXIS2_PLACEMENT_3D('',#3643,#3644,#3645);
#3643 = CARTESIAN_POINT('',(-0.745,-0.6,4.5E-02));
#3644 = DIRECTION('',(0.,1.,0.));
#3645 = DIRECTION('',(0.,-0.,1.));
#3646 = PLANE('',#3647);
#3647 = AXIS2_PLACEMENT_3D('',#3648,#3649,#3650);
#3648 = CARTESIAN_POINT('',(-1.,-0.6,0.));
#3649 = DIRECTION('',(0.,1.,0.));
#3650 = DIRECTION('',(0.,-0.,1.));
#3651 = ADVANCED_FACE('',(#3652),#3671,.T.);
#3652 = FACE_BOUND('',#3653,.T.);
#3653 = EDGE_LOOP('',(#3654,#3655,#3664,#3670));
#3654 = ORIENTED_EDGE('',*,*,#3542,.T.);
#3655 = ORIENTED_EDGE('',*,*,#3656,.T.);
#3656 = EDGE_CURVE('',#3543,#3657,#3659,.T.);
#3657 = VERTEX_POINT('',#3658);
#3658 = CARTESIAN_POINT('',(-0.955,0.6,-2.775557561563E-17));
#3659 = CIRCLE('',#3660,4.5E-02);
#3660 = AXIS2_PLACEMENT_3D('',#3661,#3662,#3663);
#3661 = CARTESIAN_POINT('',(-0.955,0.6,4.5E-02));
#3662 = DIRECTION('',(0.,-1.,0.));
#3663 = DIRECTION('',(0.,0.,1.));
#3664 = ORIENTED_EDGE('',*,*,#3665,.F.);
#3665 = EDGE_CURVE('',#3573,#3657,#3666,.T.);
#3666 = LINE('',#3667,#3668);
#3667 = CARTESIAN_POINT('',(-0.955,-0.6,-2.775557561563E-17));
#3668 = VECTOR('',#3669,1.);
#3669 = DIRECTION('',(0.,1.,0.));
#3670 = ORIENTED_EDGE('',*,*,#3582,.F.);
#3671 = CYLINDRICAL_SURFACE('',#3672,4.5E-02);
#3672 = AXIS2_PLACEMENT_3D('',#3673,#3674,#3675);
#3673 = CARTESIAN_POINT('',(-0.955,-0.6,4.5E-02));
#3674 = DIRECTION('',(0.,1.,0.));
#3675 = DIRECTION('',(-1.,0.,0.));
#3676 = ADVANCED_FACE('',(#3677),#3696,.T.);
#3677 = FACE_BOUND('',#3678,.T.);
#3678 = EDGE_LOOP('',(#3679,#3680,#3688,#3695));
#3679 = ORIENTED_EDGE('',*,*,#3590,.T.);
#3680 = ORIENTED_EDGE('',*,*,#3681,.T.);
#3681 = EDGE_CURVE('',#3591,#3682,#3684,.T.);
#3682 = VERTEX_POINT('',#3683);
#3683 = CARTESIAN_POINT('',(-0.955,0.6,0.45));
#3684 = LINE('',#3685,#3686);
#3685 = CARTESIAN_POINT('',(-0.955,-0.6,0.45));
#3686 = VECTOR('',#3687,1.);
#3687 = DIRECTION('',(0.,1.,0.));
#3688 = ORIENTED_EDGE('',*,*,#3689,.F.);
#3689 = EDGE_CURVE('',#3551,#3682,#3690,.T.);
#3690 = CIRCLE('',#3691,4.5E-02);
#3691 = AXIS2_PLACEMENT_3D('',#3692,#3693,#3694);
#3692 = CARTESIAN_POINT('',(-0.955,0.6,0.405));
#3693 = DIRECTION('',(0.,1.,0.));
#3694 = DIRECTION('',(0.,-0.,1.));
#3695 = ORIENTED_EDGE('',*,*,#3558,.F.);
#3696 = CYLINDRICAL_SURFACE('',#3697,4.5E-02);
#3697 = AXIS2_PLACEMENT_3D('',#3698,#3699,#3700);
#3698 = CARTESIAN_POINT('',(-0.955,-0.6,0.405));
#3699 = DIRECTION('',(0.,1.,0.));
#3700 = DIRECTION('',(-1.,0.,0.));
#3701 = ADVANCED_FACE('',(#3702),#3763,.T.);
#3702 = FACE_BOUND('',#3703,.T.);
#3703 = EDGE_LOOP('',(#3704,#3712,#3713,#3714,#3715,#3723,#3732,#3740,
    #3748,#3756));
#3704 = ORIENTED_EDGE('',*,*,#3705,.F.);
#3705 = EDGE_CURVE('',#3657,#3706,#3708,.T.);
#3706 = VERTEX_POINT('',#3707);
#3707 = CARTESIAN_POINT('',(-0.745,0.6,-2.775557561563E-17));
#3708 = LINE('',#3709,#3710);
#3709 = CARTESIAN_POINT('',(-1.,0.6,0.));
#3710 = VECTOR('',#3711,1.);
#3711 = DIRECTION('',(1.,0.,0.));
#3712 = ORIENTED_EDGE('',*,*,#3656,.F.);
#3713 = ORIENTED_EDGE('',*,*,#3550,.T.);
#3714 = ORIENTED_EDGE('',*,*,#3689,.T.);
#3715 = ORIENTED_EDGE('',*,*,#3716,.T.);
#3716 = EDGE_CURVE('',#3682,#3717,#3719,.T.);
#3717 = VERTEX_POINT('',#3718);
#3718 = CARTESIAN_POINT('',(-0.745,0.6,0.45));
#3719 = LINE('',#3720,#3721);
#3720 = CARTESIAN_POINT('',(-1.,0.6,0.45));
#3721 = VECTOR('',#3722,1.);
#3722 = DIRECTION('',(1.,0.,0.));
#3723 = ORIENTED_EDGE('',*,*,#3724,.F.);
#3724 = EDGE_CURVE('',#3725,#3717,#3727,.T.);
#3725 = VERTEX_POINT('',#3726);
#3726 = CARTESIAN_POINT('',(-0.7,0.6,0.405));
#3727 = CIRCLE('',#3728,4.5E-02);
#3728 = AXIS2_PLACEMENT_3D('',#3729,#3730,#3731);
#3729 = CARTESIAN_POINT('',(-0.745,0.6,0.405));
#3730 = DIRECTION('',(0.,-1.,0.));
#3731 = DIRECTION('',(0.,0.,1.));
#3732 = ORIENTED_EDGE('',*,*,#3733,.F.);
#3733 = EDGE_CURVE('',#3734,#3725,#3736,.T.);
#3734 = VERTEX_POINT('',#3735);
#3735 = CARTESIAN_POINT('',(-0.955,0.6,0.405));
#3736 = LINE('',#3737,#3738);
#3737 = CARTESIAN_POINT('',(-0.955,0.6,0.405));
#3738 = VECTOR('',#3739,1.);
#3739 = DIRECTION('',(1.,0.,0.));
#3740 = ORIENTED_EDGE('',*,*,#3741,.F.);
#3741 = EDGE_CURVE('',#3742,#3734,#3744,.T.);
#3742 = VERTEX_POINT('',#3743);
#3743 = CARTESIAN_POINT('',(-0.955,0.6,4.5E-02));
#3744 = LINE('',#3745,#3746);
#3745 = CARTESIAN_POINT('',(-0.955,0.6,4.5E-02));
#3746 = VECTOR('',#3747,1.);
#3747 = DIRECTION('',(0.,0.,1.));
#3748 = ORIENTED_EDGE('',*,*,#3749,.T.);
#3749 = EDGE_CURVE('',#3742,#3750,#3752,.T.);
#3750 = VERTEX_POINT('',#3751);
#3751 = CARTESIAN_POINT('',(-0.7,0.6,4.5E-02));
#3752 = LINE('',#3753,#3754);
#3753 = CARTESIAN_POINT('',(-0.955,0.6,4.5E-02));
#3754 = VECTOR('',#3755,1.);
#3755 = DIRECTION('',(1.,0.,0.));
#3756 = ORIENTED_EDGE('',*,*,#3757,.T.);
#3757 = EDGE_CURVE('',#3750,#3706,#3758,.T.);
#3758 = CIRCLE('',#3759,4.5E-02);
#3759 = AXIS2_PLACEMENT_3D('',#3760,#3761,#3762);
#3760 = CARTESIAN_POINT('',(-0.745,0.6,4.5E-02));
#3761 = DIRECTION('',(0.,1.,0.));
#3762 = DIRECTION('',(0.,-0.,1.));
#3763 = PLANE('',#3764);
#3764 = AXIS2_PLACEMENT_3D('',#3765,#3766,#3767);
#3765 = CARTESIAN_POINT('',(-1.,0.6,0.));
#3766 = DIRECTION('',(0.,1.,0.));
#3767 = DIRECTION('',(0.,-0.,1.));
#3768 = ADVANCED_FACE('',(#3769),#3780,.F.);
#3769 = FACE_BOUND('',#3770,.F.);
#3770 = EDGE_LOOP('',(#3771,#3772,#3773,#3774));
#3771 = ORIENTED_EDGE('',*,*,#3705,.F.);
#3772 = ORIENTED_EDGE('',*,*,#3665,.F.);
#3773 = ORIENTED_EDGE('',*,*,#3572,.T.);
#3774 = ORIENTED_EDGE('',*,*,#3775,.T.);
#3775 = EDGE_CURVE('',#3575,#3706,#3776,.T.);
#3776 = LINE('',#3777,#3778);
#3777 = CARTESIAN_POINT('',(-0.745,-0.6,-2.775557561563E-17));
#3778 = VECTOR('',#3779,1.);
#3779 = DIRECTION('',(0.,1.,0.));
#3780 = PLANE('',#3781);
#3781 = AXIS2_PLACEMENT_3D('',#3782,#3783,#3784);
#3782 = CARTESIAN_POINT('',(-1.,-0.6,0.));
#3783 = DIRECTION('',(0.,0.,1.));
#3784 = DIRECTION('',(1.,0.,-0.));
#3785 = ADVANCED_FACE('',(#3786),#3797,.T.);
#3786 = FACE_BOUND('',#3787,.T.);
#3787 = EDGE_LOOP('',(#3788,#3789,#3790,#3791));
#3788 = ORIENTED_EDGE('',*,*,#3640,.T.);
#3789 = ORIENTED_EDGE('',*,*,#3775,.T.);
#3790 = ORIENTED_EDGE('',*,*,#3757,.F.);
#3791 = ORIENTED_EDGE('',*,*,#3792,.F.);
#3792 = EDGE_CURVE('',#3633,#3750,#3793,.T.);
#3793 = LINE('',#3794,#3795);
#3794 = CARTESIAN_POINT('',(-0.7,-0.6,4.5E-02));
#3795 = VECTOR('',#3796,1.);
#3796 = DIRECTION('',(0.,1.,0.));
#3797 = CYLINDRICAL_SURFACE('',#3798,4.5E-02);
#3798 = AXIS2_PLACEMENT_3D('',#3799,#3800,#3801);
#3799 = CARTESIAN_POINT('',(-0.745,-0.6,4.5E-02));
#3800 = DIRECTION('',(0.,1.,0.));
#3801 = DIRECTION('',(1.,0.,0.));
#3802 = ADVANCED_FACE('',(#3803),#3846,.F.);
#3803 = FACE_BOUND('',#3804,.F.);
#3804 = EDGE_LOOP('',(#3805,#3806,#3807,#3808,#3816,#3824,#3832,#3840));
#3805 = ORIENTED_EDGE('',*,*,#3632,.F.);
#3806 = ORIENTED_EDGE('',*,*,#3624,.T.);
#3807 = ORIENTED_EDGE('',*,*,#3616,.T.);
#3808 = ORIENTED_EDGE('',*,*,#3809,.T.);
#3809 = EDGE_CURVE('',#3608,#3810,#3812,.T.);
#3810 = VERTEX_POINT('',#3811);
#3811 = CARTESIAN_POINT('',(0.7,-0.6,0.405));
#3812 = LINE('',#3813,#3814);
#3813 = CARTESIAN_POINT('',(-0.7,-0.6,0.405));
#3814 = VECTOR('',#3815,1.);
#3815 = DIRECTION('',(1.,0.,0.));
#3816 = ORIENTED_EDGE('',*,*,#3817,.T.);
#3817 = EDGE_CURVE('',#3810,#3818,#3820,.T.);
#3818 = VERTEX_POINT('',#3819);
#3819 = CARTESIAN_POINT('',(0.955,-0.6,0.405));
#3820 = LINE('',#3821,#3822);
#3821 = CARTESIAN_POINT('',(-0.955,-0.6,0.405));
#3822 = VECTOR('',#3823,1.);
#3823 = DIRECTION('',(1.,0.,0.));
#3824 = ORIENTED_EDGE('',*,*,#3825,.F.);
#3825 = EDGE_CURVE('',#3826,#3818,#3828,.T.);
#3826 = VERTEX_POINT('',#3827);
#3827 = CARTESIAN_POINT('',(0.955,-0.6,4.5E-02));
#3828 = LINE('',#3829,#3830);
#3829 = CARTESIAN_POINT('',(0.955,-0.6,4.5E-02));
#3830 = VECTOR('',#3831,1.);
#3831 = DIRECTION('',(0.,0.,1.));
#3832 = ORIENTED_EDGE('',*,*,#3833,.F.);
#3833 = EDGE_CURVE('',#3834,#3826,#3836,.T.);
#3834 = VERTEX_POINT('',#3835);
#3835 = CARTESIAN_POINT('',(0.7,-0.6,4.5E-02));
#3836 = LINE('',#3837,#3838);
#3837 = CARTESIAN_POINT('',(-0.955,-0.6,4.5E-02));
#3838 = VECTOR('',#3839,1.);
#3839 = DIRECTION('',(1.,0.,0.));
#3840 = ORIENTED_EDGE('',*,*,#3841,.F.);
#3841 = EDGE_CURVE('',#3633,#3834,#3842,.T.);
#3842 = LINE('',#3843,#3844);
#3843 = CARTESIAN_POINT('',(-0.955,-0.6,4.5E-02));
#3844 = VECTOR('',#3845,1.);
#3845 = DIRECTION('',(1.,0.,0.));
#3846 = PLANE('',#3847);
#3847 = AXIS2_PLACEMENT_3D('',#3848,#3849,#3850);
#3848 = CARTESIAN_POINT('',(-0.955,-0.6,4.5E-02));
#3849 = DIRECTION('',(0.,1.,0.));
#3850 = DIRECTION('',(0.,-0.,1.));
#3851 = ADVANCED_FACE('',(#3852),#3863,.T.);
#3852 = FACE_BOUND('',#3853,.T.);
#3853 = EDGE_LOOP('',(#3854,#3855,#3856,#3857));
#3854 = ORIENTED_EDGE('',*,*,#3716,.F.);
#3855 = ORIENTED_EDGE('',*,*,#3681,.F.);
#3856 = ORIENTED_EDGE('',*,*,#3599,.T.);
#3857 = ORIENTED_EDGE('',*,*,#3858,.T.);
#3858 = EDGE_CURVE('',#3600,#3717,#3859,.T.);
#3859 = LINE('',#3860,#3861);
#3860 = CARTESIAN_POINT('',(-0.745,-0.6,0.45));
#3861 = VECTOR('',#3862,1.);
#3862 = DIRECTION('',(0.,1.,0.));
#3863 = PLANE('',#3864);
#3864 = AXIS2_PLACEMENT_3D('',#3865,#3866,#3867);
#3865 = CARTESIAN_POINT('',(-1.,-0.6,0.45));
#3866 = DIRECTION('',(0.,0.,1.));
#3867 = DIRECTION('',(1.,0.,-0.));
#3868 = ADVANCED_FACE('',(#3869),#3880,.T.);
#3869 = FACE_BOUND('',#3870,.T.);
#3870 = EDGE_LOOP('',(#3871,#3877,#3878,#3879));
#3871 = ORIENTED_EDGE('',*,*,#3872,.T.);
#3872 = EDGE_CURVE('',#3608,#3725,#3873,.T.);
#3873 = LINE('',#3874,#3875);
#3874 = CARTESIAN_POINT('',(-0.7,-0.6,0.405));
#3875 = VECTOR('',#3876,1.);
#3876 = DIRECTION('',(0.,1.,0.));
#3877 = ORIENTED_EDGE('',*,*,#3724,.T.);
#3878 = ORIENTED_EDGE('',*,*,#3858,.F.);
#3879 = ORIENTED_EDGE('',*,*,#3607,.F.);
#3880 = CYLINDRICAL_SURFACE('',#3881,4.5E-02);
#3881 = AXIS2_PLACEMENT_3D('',#3882,#3883,#3884);
#3882 = CARTESIAN_POINT('',(-0.745,-0.6,0.405));
#3883 = DIRECTION('',(0.,1.,0.));
#3884 = DIRECTION('',(1.,0.,0.));
#3885 = ADVANCED_FACE('',(#3886),#3929,.T.);
#3886 = FACE_BOUND('',#3887,.T.);
#3887 = EDGE_LOOP('',(#3888,#3889,#3890,#3891,#3899,#3907,#3915,#3923));
#3888 = ORIENTED_EDGE('',*,*,#3749,.F.);
#3889 = ORIENTED_EDGE('',*,*,#3741,.T.);
#3890 = ORIENTED_EDGE('',*,*,#3733,.T.);
#3891 = ORIENTED_EDGE('',*,*,#3892,.T.);
#3892 = EDGE_CURVE('',#3725,#3893,#3895,.T.);
#3893 = VERTEX_POINT('',#3894);
#3894 = CARTESIAN_POINT('',(0.7,0.6,0.405));
#3895 = LINE('',#3896,#3897);
#3896 = CARTESIAN_POINT('',(-0.7,0.6,0.405));
#3897 = VECTOR('',#3898,1.);
#3898 = DIRECTION('',(1.,0.,0.));
#3899 = ORIENTED_EDGE('',*,*,#3900,.T.);
#3900 = EDGE_CURVE('',#3893,#3901,#3903,.T.);
#3901 = VERTEX_POINT('',#3902);
#3902 = CARTESIAN_POINT('',(0.955,0.6,0.405));
#3903 = LINE('',#3904,#3905);
#3904 = CARTESIAN_POINT('',(-0.955,0.6,0.405));
#3905 = VECTOR('',#3906,1.);
#3906 = DIRECTION('',(1.,0.,0.));
#3907 = ORIENTED_EDGE('',*,*,#3908,.F.);
#3908 = EDGE_CURVE('',#3909,#3901,#3911,.T.);
#3909 = VERTEX_POINT('',#3910);
#3910 = CARTESIAN_POINT('',(0.955,0.6,4.5E-02));
#3911 = LINE('',#3912,#3913);
#3912 = CARTESIAN_POINT('',(0.955,0.6,4.5E-02));
#3913 = VECTOR('',#3914,1.);
#3914 = DIRECTION('',(0.,0.,1.));
#3915 = ORIENTED_EDGE('',*,*,#3916,.F.);
#3916 = EDGE_CURVE('',#3917,#3909,#3919,.T.);
#3917 = VERTEX_POINT('',#3918);
#3918 = CARTESIAN_POINT('',(0.7,0.6,4.5E-02));
#3919 = LINE('',#3920,#3921);
#3920 = CARTESIAN_POINT('',(-0.955,0.6,4.5E-02));
#3921 = VECTOR('',#3922,1.);
#3922 = DIRECTION('',(1.,0.,0.));
#3923 = ORIENTED_EDGE('',*,*,#3924,.F.);
#3924 = EDGE_CURVE('',#3750,#3917,#3925,.T.);
#3925 = LINE('',#3926,#3927);
#3926 = CARTESIAN_POINT('',(-0.955,0.6,4.5E-02));
#3927 = VECTOR('',#3928,1.);
#3928 = DIRECTION('',(1.,0.,0.));
#3929 = PLANE('',#3930);
#3930 = AXIS2_PLACEMENT_3D('',#3931,#3932,#3933);
#3931 = CARTESIAN_POINT('',(-0.955,0.6,4.5E-02));
#3932 = DIRECTION('',(0.,1.,0.));
#3933 = DIRECTION('',(0.,-0.,1.));
#3934 = ADVANCED_FACE('',(#3935),#3946,.F.);
#3935 = FACE_BOUND('',#3936,.F.);
#3936 = EDGE_LOOP('',(#3937,#3938,#3939,#3945));
#3937 = ORIENTED_EDGE('',*,*,#3792,.F.);
#3938 = ORIENTED_EDGE('',*,*,#3841,.T.);
#3939 = ORIENTED_EDGE('',*,*,#3940,.T.);
#3940 = EDGE_CURVE('',#3834,#3917,#3941,.T.);
#3941 = LINE('',#3942,#3943);
#3942 = CARTESIAN_POINT('',(0.7,-0.6,4.5E-02));
#3943 = VECTOR('',#3944,1.);
#3944 = DIRECTION('',(0.,1.,0.));
#3945 = ORIENTED_EDGE('',*,*,#3924,.F.);
#3946 = PLANE('',#3947);
#3947 = AXIS2_PLACEMENT_3D('',#3948,#3949,#3950);
#3948 = CARTESIAN_POINT('',(-0.955,-0.6,4.5E-02));
#3949 = DIRECTION('',(0.,0.,1.));
#3950 = DIRECTION('',(1.,0.,-0.));
#3951 = ADVANCED_FACE('',(#3952),#4015,.F.);
#3952 = FACE_BOUND('',#3953,.F.);
#3953 = EDGE_LOOP('',(#3954,#3964,#3971,#3972,#3973,#3974,#3983,#3991,
    #4000,#4008));
#3954 = ORIENTED_EDGE('',*,*,#3955,.F.);
#3955 = EDGE_CURVE('',#3956,#3958,#3960,.T.);
#3956 = VERTEX_POINT('',#3957);
#3957 = CARTESIAN_POINT('',(0.745,-0.6,-2.775557561563E-17));
#3958 = VERTEX_POINT('',#3959);
#3959 = CARTESIAN_POINT('',(0.955,-0.6,-2.775557561563E-17));
#3960 = LINE('',#3961,#3962);
#3961 = CARTESIAN_POINT('',(0.7,-0.6,0.));
#3962 = VECTOR('',#3963,1.);
#3963 = DIRECTION('',(1.,0.,0.));
#3964 = ORIENTED_EDGE('',*,*,#3965,.F.);
#3965 = EDGE_CURVE('',#3834,#3956,#3966,.T.);
#3966 = CIRCLE('',#3967,4.5E-02);
#3967 = AXIS2_PLACEMENT_3D('',#3968,#3969,#3970);
#3968 = CARTESIAN_POINT('',(0.745,-0.6,4.5E-02));
#3969 = DIRECTION('',(0.,-1.,0.));
#3970 = DIRECTION('',(0.,0.,1.));
#3971 = ORIENTED_EDGE('',*,*,#3833,.T.);
#3972 = ORIENTED_EDGE('',*,*,#3825,.T.);
#3973 = ORIENTED_EDGE('',*,*,#3817,.F.);
#3974 = ORIENTED_EDGE('',*,*,#3975,.T.);
#3975 = EDGE_CURVE('',#3810,#3976,#3978,.T.);
#3976 = VERTEX_POINT('',#3977);
#3977 = CARTESIAN_POINT('',(0.745,-0.6,0.45));
#3978 = CIRCLE('',#3979,4.5E-02);
#3979 = AXIS2_PLACEMENT_3D('',#3980,#3981,#3982);
#3980 = CARTESIAN_POINT('',(0.745,-0.6,0.405));
#3981 = DIRECTION('',(0.,1.,0.));
#3982 = DIRECTION('',(0.,-0.,1.));
#3983 = ORIENTED_EDGE('',*,*,#3984,.T.);
#3984 = EDGE_CURVE('',#3976,#3985,#3987,.T.);
#3985 = VERTEX_POINT('',#3986);
#3986 = CARTESIAN_POINT('',(0.955,-0.6,0.45));
#3987 = LINE('',#3988,#3989);
#3988 = CARTESIAN_POINT('',(0.7,-0.6,0.45));
#3989 = VECTOR('',#3990,1.);
#3990 = DIRECTION('',(1.,0.,0.));
#3991 = ORIENTED_EDGE('',*,*,#3992,.F.);
#3992 = EDGE_CURVE('',#3993,#3985,#3995,.T.);
#3993 = VERTEX_POINT('',#3994);
#3994 = CARTESIAN_POINT('',(1.,-0.6,0.405));
#3995 = CIRCLE('',#3996,4.5E-02);
#3996 = AXIS2_PLACEMENT_3D('',#3997,#3998,#3999);
#3997 = CARTESIAN_POINT('',(0.955,-0.6,0.405));
#3998 = DIRECTION('',(0.,-1.,0.));
#3999 = DIRECTION('',(0.,0.,1.));
#4000 = ORIENTED_EDGE('',*,*,#4001,.F.);
#4001 = EDGE_CURVE('',#4002,#3993,#4004,.T.);
#4002 = VERTEX_POINT('',#4003);
#4003 = CARTESIAN_POINT('',(1.,-0.6,4.5E-02));
#4004 = LINE('',#4005,#4006);
#4005 = CARTESIAN_POINT('',(1.,-0.6,0.));
#4006 = VECTOR('',#4007,1.);
#4007 = DIRECTION('',(0.,0.,1.));
#4008 = ORIENTED_EDGE('',*,*,#4009,.T.);
#4009 = EDGE_CURVE('',#4002,#3958,#4010,.T.);
#4010 = CIRCLE('',#4011,4.5E-02);
#4011 = AXIS2_PLACEMENT_3D('',#4012,#4013,#4014);
#4012 = CARTESIAN_POINT('',(0.955,-0.6,4.5E-02));
#4013 = DIRECTION('',(0.,1.,0.));
#4014 = DIRECTION('',(0.,-0.,1.));
#4015 = PLANE('',#4016);
#4016 = AXIS2_PLACEMENT_3D('',#4017,#4018,#4019);
#4017 = CARTESIAN_POINT('',(0.7,-0.6,0.));
#4018 = DIRECTION('',(0.,1.,0.));
#4019 = DIRECTION('',(0.,-0.,1.));
#4020 = ADVANCED_FACE('',(#4021),#4046,.F.);
#4021 = FACE_BOUND('',#4022,.F.);
#4022 = EDGE_LOOP('',(#4023,#4024,#4032,#4040));
#4023 = ORIENTED_EDGE('',*,*,#3809,.F.);
#4024 = ORIENTED_EDGE('',*,*,#4025,.T.);
#4025 = EDGE_CURVE('',#3608,#4026,#4028,.T.);
#4026 = VERTEX_POINT('',#4027);
#4027 = CARTESIAN_POINT('',(-0.7,-0.6,0.45));
#4028 = LINE('',#4029,#4030);
#4029 = CARTESIAN_POINT('',(-0.7,-0.6,0.405));
#4030 = VECTOR('',#4031,1.);
#4031 = DIRECTION('',(0.,0.,1.));
#4032 = ORIENTED_EDGE('',*,*,#4033,.T.);
#4033 = EDGE_CURVE('',#4026,#4034,#4036,.T.);
#4034 = VERTEX_POINT('',#4035);
#4035 = CARTESIAN_POINT('',(0.7,-0.6,0.45));
#4036 = LINE('',#4037,#4038);
#4037 = CARTESIAN_POINT('',(-0.7,-0.6,0.45));
#4038 = VECTOR('',#4039,1.);
#4039 = DIRECTION('',(1.,0.,0.));
#4040 = ORIENTED_EDGE('',*,*,#4041,.F.);
#4041 = EDGE_CURVE('',#3810,#4034,#4042,.T.);
#4042 = LINE('',#4043,#4044);
#4043 = CARTESIAN_POINT('',(0.7,-0.6,0.405));
#4044 = VECTOR('',#4045,1.);
#4045 = DIRECTION('',(0.,0.,1.));
#4046 = PLANE('',#4047);
#4047 = AXIS2_PLACEMENT_3D('',#4048,#4049,#4050);
#4048 = CARTESIAN_POINT('',(-0.7,-0.6,0.405));
#4049 = DIRECTION('',(0.,1.,0.));
#4050 = DIRECTION('',(0.,-0.,1.));
#4051 = ADVANCED_FACE('',(#4052),#4070,.F.);
#4052 = FACE_BOUND('',#4053,.F.);
#4053 = EDGE_LOOP('',(#4054,#4055,#4056,#4064));
#4054 = ORIENTED_EDGE('',*,*,#4025,.F.);
#4055 = ORIENTED_EDGE('',*,*,#3872,.T.);
#4056 = ORIENTED_EDGE('',*,*,#4057,.T.);
#4057 = EDGE_CURVE('',#3725,#4058,#4060,.T.);
#4058 = VERTEX_POINT('',#4059);
#4059 = CARTESIAN_POINT('',(-0.7,0.6,0.45));
#4060 = LINE('',#4061,#4062);
#4061 = CARTESIAN_POINT('',(-0.7,0.6,0.405));
#4062 = VECTOR('',#4063,1.);
#4063 = DIRECTION('',(0.,0.,1.));
#4064 = ORIENTED_EDGE('',*,*,#4065,.F.);
#4065 = EDGE_CURVE('',#4026,#4058,#4066,.T.);
#4066 = LINE('',#4067,#4068);
#4067 = CARTESIAN_POINT('',(-0.7,-0.6,0.45));
#4068 = VECTOR('',#4069,1.);
#4069 = DIRECTION('',(0.,1.,0.));
#4070 = PLANE('',#4071);
#4071 = AXIS2_PLACEMENT_3D('',#4072,#4073,#4074);
#4072 = CARTESIAN_POINT('',(-0.7,-0.6,0.405));
#4073 = DIRECTION('',(1.,0.,0.));
#4074 = DIRECTION('',(0.,0.,1.));
#4075 = ADVANCED_FACE('',(#4076),#4139,.T.);
#4076 = FACE_BOUND('',#4077,.T.);
#4077 = EDGE_LOOP('',(#4078,#4088,#4095,#4096,#4097,#4098,#4107,#4115,
    #4124,#4132));
#4078 = ORIENTED_EDGE('',*,*,#4079,.F.);
#4079 = EDGE_CURVE('',#4080,#4082,#4084,.T.);
#4080 = VERTEX_POINT('',#4081);
#4081 = CARTESIAN_POINT('',(0.745,0.6,-2.775557561563E-17));
#4082 = VERTEX_POINT('',#4083);
#4083 = CARTESIAN_POINT('',(0.955,0.6,-2.775557561563E-17));
#4084 = LINE('',#4085,#4086);
#4085 = CARTESIAN_POINT('',(0.7,0.6,0.));
#4086 = VECTOR('',#4087,1.);
#4087 = DIRECTION('',(1.,0.,0.));
#4088 = ORIENTED_EDGE('',*,*,#4089,.F.);
#4089 = EDGE_CURVE('',#3917,#4080,#4090,.T.);
#4090 = CIRCLE('',#4091,4.5E-02);
#4091 = AXIS2_PLACEMENT_3D('',#4092,#4093,#4094);
#4092 = CARTESIAN_POINT('',(0.745,0.6,4.5E-02));
#4093 = DIRECTION('',(0.,-1.,0.));
#4094 = DIRECTION('',(0.,0.,1.));
#4095 = ORIENTED_EDGE('',*,*,#3916,.T.);
#4096 = ORIENTED_EDGE('',*,*,#3908,.T.);
#4097 = ORIENTED_EDGE('',*,*,#3900,.F.);
#4098 = ORIENTED_EDGE('',*,*,#4099,.T.);
#4099 = EDGE_CURVE('',#3893,#4100,#4102,.T.);
#4100 = VERTEX_POINT('',#4101);
#4101 = CARTESIAN_POINT('',(0.745,0.6,0.45));
#4102 = CIRCLE('',#4103,4.5E-02);
#4103 = AXIS2_PLACEMENT_3D('',#4104,#4105,#4106);
#4104 = CARTESIAN_POINT('',(0.745,0.6,0.405));
#4105 = DIRECTION('',(0.,1.,0.));
#4106 = DIRECTION('',(0.,-0.,1.));
#4107 = ORIENTED_EDGE('',*,*,#4108,.T.);
#4108 = EDGE_CURVE('',#4100,#4109,#4111,.T.);
#4109 = VERTEX_POINT('',#4110);
#4110 = CARTESIAN_POINT('',(0.955,0.6,0.45));
#4111 = LINE('',#4112,#4113);
#4112 = CARTESIAN_POINT('',(0.7,0.6,0.45));
#4113 = VECTOR('',#4114,1.);
#4114 = DIRECTION('',(1.,0.,0.));
#4115 = ORIENTED_EDGE('',*,*,#4116,.F.);
#4116 = EDGE_CURVE('',#4117,#4109,#4119,.T.);
#4117 = VERTEX_POINT('',#4118);
#4118 = CARTESIAN_POINT('',(1.,0.6,0.405));
#4119 = CIRCLE('',#4120,4.5E-02);
#4120 = AXIS2_PLACEMENT_3D('',#4121,#4122,#4123);
#4121 = CARTESIAN_POINT('',(0.955,0.6,0.405));
#4122 = DIRECTION('',(0.,-1.,0.));
#4123 = DIRECTION('',(0.,0.,1.));
#4124 = ORIENTED_EDGE('',*,*,#4125,.F.);
#4125 = EDGE_CURVE('',#4126,#4117,#4128,.T.);
#4126 = VERTEX_POINT('',#4127);
#4127 = CARTESIAN_POINT('',(1.,0.6,4.5E-02));
#4128 = LINE('',#4129,#4130);
#4129 = CARTESIAN_POINT('',(1.,0.6,0.));
#4130 = VECTOR('',#4131,1.);
#4131 = DIRECTION('',(0.,0.,1.));
#4132 = ORIENTED_EDGE('',*,*,#4133,.T.);
#4133 = EDGE_CURVE('',#4126,#4082,#4134,.T.);
#4134 = CIRCLE('',#4135,4.5E-02);
#4135 = AXIS2_PLACEMENT_3D('',#4136,#4137,#4138);
#4136 = CARTESIAN_POINT('',(0.955,0.6,4.5E-02));
#4137 = DIRECTION('',(0.,1.,0.));
#4138 = DIRECTION('',(0.,-0.,1.));
#4139 = PLANE('',#4140);
#4140 = AXIS2_PLACEMENT_3D('',#4141,#4142,#4143);
#4141 = CARTESIAN_POINT('',(0.7,0.6,0.));
#4142 = DIRECTION('',(0.,1.,0.));
#4143 = DIRECTION('',(0.,-0.,1.));
#4144 = ADVANCED_FACE('',(#4145),#4163,.T.);
#4145 = FACE_BOUND('',#4146,.T.);
#4146 = EDGE_LOOP('',(#4147,#4148,#4149,#4157));
#4147 = ORIENTED_EDGE('',*,*,#3892,.F.);
#4148 = ORIENTED_EDGE('',*,*,#4057,.T.);
#4149 = ORIENTED_EDGE('',*,*,#4150,.T.);
#4150 = EDGE_CURVE('',#4058,#4151,#4153,.T.);
#4151 = VERTEX_POINT('',#4152);
#4152 = CARTESIAN_POINT('',(0.7,0.6,0.45));
#4153 = LINE('',#4154,#4155);
#4154 = CARTESIAN_POINT('',(-0.7,0.6,0.45));
#4155 = VECTOR('',#4156,1.);
#4156 = DIRECTION('',(1.,0.,0.));
#4157 = ORIENTED_EDGE('',*,*,#4158,.F.);
#4158 = EDGE_CURVE('',#3893,#4151,#4159,.T.);
#4159 = LINE('',#4160,#4161);
#4160 = CARTESIAN_POINT('',(0.7,0.6,0.405));
#4161 = VECTOR('',#4162,1.);
#4162 = DIRECTION('',(0.,0.,1.));
#4163 = PLANE('',#4164);
#4164 = AXIS2_PLACEMENT_3D('',#4165,#4166,#4167);
#4165 = CARTESIAN_POINT('',(-0.7,0.6,0.405));
#4166 = DIRECTION('',(0.,1.,0.));
#4167 = DIRECTION('',(0.,-0.,1.));
#4168 = ADVANCED_FACE('',(#4169),#4180,.T.);
#4169 = FACE_BOUND('',#4170,.T.);
#4170 = EDGE_LOOP('',(#4171,#4172,#4173,#4179));
#4171 = ORIENTED_EDGE('',*,*,#3940,.T.);
#4172 = ORIENTED_EDGE('',*,*,#4089,.T.);
#4173 = ORIENTED_EDGE('',*,*,#4174,.F.);
#4174 = EDGE_CURVE('',#3956,#4080,#4175,.T.);
#4175 = LINE('',#4176,#4177);
#4176 = CARTESIAN_POINT('',(0.745,-0.6,-2.775557561563E-17));
#4177 = VECTOR('',#4178,1.);
#4178 = DIRECTION('',(0.,1.,0.));
#4179 = ORIENTED_EDGE('',*,*,#3965,.F.);
#4180 = CYLINDRICAL_SURFACE('',#4181,4.5E-02);
#4181 = AXIS2_PLACEMENT_3D('',#4182,#4183,#4184);
#4182 = CARTESIAN_POINT('',(0.745,-0.6,4.5E-02));
#4183 = DIRECTION('',(0.,1.,0.));
#4184 = DIRECTION('',(-1.,0.,0.));
#4185 = ADVANCED_FACE('',(#4186),#4197,.F.);
#4186 = FACE_BOUND('',#4187,.F.);
#4187 = EDGE_LOOP('',(#4188,#4189,#4190,#4191));
#4188 = ORIENTED_EDGE('',*,*,#4079,.F.);
#4189 = ORIENTED_EDGE('',*,*,#4174,.F.);
#4190 = ORIENTED_EDGE('',*,*,#3955,.T.);
#4191 = ORIENTED_EDGE('',*,*,#4192,.T.);
#4192 = EDGE_CURVE('',#3958,#4082,#4193,.T.);
#4193 = LINE('',#4194,#4195);
#4194 = CARTESIAN_POINT('',(0.955,-0.6,-2.775557561563E-17));
#4195 = VECTOR('',#4196,1.);
#4196 = DIRECTION('',(0.,1.,0.));
#4197 = PLANE('',#4198);
#4198 = AXIS2_PLACEMENT_3D('',#4199,#4200,#4201);
#4199 = CARTESIAN_POINT('',(0.7,-0.6,0.));
#4200 = DIRECTION('',(0.,0.,1.));
#4201 = DIRECTION('',(1.,0.,-0.));
#4202 = ADVANCED_FACE('',(#4203),#4214,.T.);
#4203 = FACE_BOUND('',#4204,.T.);
#4204 = EDGE_LOOP('',(#4205,#4206,#4207,#4208));
#4205 = ORIENTED_EDGE('',*,*,#4009,.T.);
#4206 = ORIENTED_EDGE('',*,*,#4192,.T.);
#4207 = ORIENTED_EDGE('',*,*,#4133,.F.);
#4208 = ORIENTED_EDGE('',*,*,#4209,.F.);
#4209 = EDGE_CURVE('',#4002,#4126,#4210,.T.);
#4210 = LINE('',#4211,#4212);
#4211 = CARTESIAN_POINT('',(1.,-0.6,4.5E-02));
#4212 = VECTOR('',#4213,1.);
#4213 = DIRECTION('',(0.,1.,0.));
#4214 = CYLINDRICAL_SURFACE('',#4215,4.5E-02);
#4215 = AXIS2_PLACEMENT_3D('',#4216,#4217,#4218);
#4216 = CARTESIAN_POINT('',(0.955,-0.6,4.5E-02));
#4217 = DIRECTION('',(0.,1.,0.));
#4218 = DIRECTION('',(1.,0.,0.));
#4219 = ADVANCED_FACE('',(#4220),#4231,.T.);
#4220 = FACE_BOUND('',#4221,.T.);
#4221 = EDGE_LOOP('',(#4222,#4223,#4224,#4225));
#4222 = ORIENTED_EDGE('',*,*,#4001,.F.);
#4223 = ORIENTED_EDGE('',*,*,#4209,.T.);
#4224 = ORIENTED_EDGE('',*,*,#4125,.T.);
#4225 = ORIENTED_EDGE('',*,*,#4226,.F.);
#4226 = EDGE_CURVE('',#3993,#4117,#4227,.T.);
#4227 = LINE('',#4228,#4229);
#4228 = CARTESIAN_POINT('',(1.,-0.6,0.405));
#4229 = VECTOR('',#4230,1.);
#4230 = DIRECTION('',(0.,1.,0.));
#4231 = PLANE('',#4232);
#4232 = AXIS2_PLACEMENT_3D('',#4233,#4234,#4235);
#4233 = CARTESIAN_POINT('',(1.,-0.6,0.));
#4234 = DIRECTION('',(1.,0.,0.));
#4235 = DIRECTION('',(0.,0.,1.));
#4236 = ADVANCED_FACE('',(#4237),#4248,.T.);
#4237 = FACE_BOUND('',#4238,.T.);
#4238 = EDGE_LOOP('',(#4239,#4240,#4241,#4247));
#4239 = ORIENTED_EDGE('',*,*,#4226,.T.);
#4240 = ORIENTED_EDGE('',*,*,#4116,.T.);
#4241 = ORIENTED_EDGE('',*,*,#4242,.F.);
#4242 = EDGE_CURVE('',#3985,#4109,#4243,.T.);
#4243 = LINE('',#4244,#4245);
#4244 = CARTESIAN_POINT('',(0.955,-0.6,0.45));
#4245 = VECTOR('',#4246,1.);
#4246 = DIRECTION('',(0.,1.,0.));
#4247 = ORIENTED_EDGE('',*,*,#3992,.F.);
#4248 = CYLINDRICAL_SURFACE('',#4249,4.5E-02);
#4249 = AXIS2_PLACEMENT_3D('',#4250,#4251,#4252);
#4250 = CARTESIAN_POINT('',(0.955,-0.6,0.405));
#4251 = DIRECTION('',(0.,1.,0.));
#4252 = DIRECTION('',(1.,0.,0.));
#4253 = ADVANCED_FACE('',(#4254),#4265,.T.);
#4254 = FACE_BOUND('',#4255,.T.);
#4255 = EDGE_LOOP('',(#4256,#4257,#4263,#4264));
#4256 = ORIENTED_EDGE('',*,*,#4108,.F.);
#4257 = ORIENTED_EDGE('',*,*,#4258,.F.);
#4258 = EDGE_CURVE('',#3976,#4100,#4259,.T.);
#4259 = LINE('',#4260,#4261);
#4260 = CARTESIAN_POINT('',(0.745,-0.6,0.45));
#4261 = VECTOR('',#4262,1.);
#4262 = DIRECTION('',(0.,1.,0.));
#4263 = ORIENTED_EDGE('',*,*,#3984,.T.);
#4264 = ORIENTED_EDGE('',*,*,#4242,.T.);
#4265 = PLANE('',#4266);
#4266 = AXIS2_PLACEMENT_3D('',#4267,#4268,#4269);
#4267 = CARTESIAN_POINT('',(0.7,-0.6,0.45));
#4268 = DIRECTION('',(0.,0.,1.));
#4269 = DIRECTION('',(1.,0.,-0.));
#4270 = ADVANCED_FACE('',(#4271),#4282,.T.);
#4271 = FACE_BOUND('',#4272,.T.);
#4272 = EDGE_LOOP('',(#4273,#4274,#4275,#4276));
#4273 = ORIENTED_EDGE('',*,*,#3975,.T.);
#4274 = ORIENTED_EDGE('',*,*,#4258,.T.);
#4275 = ORIENTED_EDGE('',*,*,#4099,.F.);
#4276 = ORIENTED_EDGE('',*,*,#4277,.F.);
#4277 = EDGE_CURVE('',#3810,#3893,#4278,.T.);
#4278 = LINE('',#4279,#4280);
#4279 = CARTESIAN_POINT('',(0.7,-0.6,0.405));
#4280 = VECTOR('',#4281,1.);
#4281 = DIRECTION('',(0.,1.,0.));
#4282 = CYLINDRICAL_SURFACE('',#4283,4.5E-02);
#4283 = AXIS2_PLACEMENT_3D('',#4284,#4285,#4286);
#4284 = CARTESIAN_POINT('',(0.745,-0.6,0.405));
#4285 = DIRECTION('',(0.,1.,0.));
#4286 = DIRECTION('',(-1.,0.,0.));
#4287 = ADVANCED_FACE('',(#4288),#4299,.T.);
#4288 = FACE_BOUND('',#4289,.T.);
#4289 = EDGE_LOOP('',(#4290,#4291,#4292,#4293));
#4290 = ORIENTED_EDGE('',*,*,#4041,.F.);
#4291 = ORIENTED_EDGE('',*,*,#4277,.T.);
#4292 = ORIENTED_EDGE('',*,*,#4158,.T.);
#4293 = ORIENTED_EDGE('',*,*,#4294,.F.);
#4294 = EDGE_CURVE('',#4034,#4151,#4295,.T.);
#4295 = LINE('',#4296,#4297);
#4296 = CARTESIAN_POINT('',(0.7,-0.6,0.45));
#4297 = VECTOR('',#4298,1.);
#4298 = DIRECTION('',(0.,1.,0.));
#4299 = PLANE('',#4300);
#4300 = AXIS2_PLACEMENT_3D('',#4301,#4302,#4303);
#4301 = CARTESIAN_POINT('',(0.7,-0.6,0.405));
#4302 = DIRECTION('',(1.,0.,0.));
#4303 = DIRECTION('',(0.,0.,1.));
#4304 = ADVANCED_FACE('',(#4305),#4311,.T.);
#4305 = FACE_BOUND('',#4306,.T.);
#4306 = EDGE_LOOP('',(#4307,#4308,#4309,#4310));
#4307 = ORIENTED_EDGE('',*,*,#4065,.F.);
#4308 = ORIENTED_EDGE('',*,*,#4033,.T.);
#4309 = ORIENTED_EDGE('',*,*,#4294,.T.);
#4310 = ORIENTED_EDGE('',*,*,#4150,.F.);
#4311 = PLANE('',#4312);
#4312 = AXIS2_PLACEMENT_3D('',#4313,#4314,#4315);
#4313 = CARTESIAN_POINT('',(-0.7,-0.6,0.45));
#4314 = DIRECTION('',(0.,0.,1.));
#4315 = DIRECTION('',(1.,0.,-0.));
#4316 = ( GEOMETRIC_REPRESENTATION_CONTEXT(3) 
GLOBAL_UNCERTAINTY_ASSIGNED_CONTEXT((#4320)) 
GLOBAL_UNIT_ASSIGNED_CONTEXT((#4317,#4318,#4319)) REPRESENTATION_CONTEXT
('Context #1','3D Context with UNIT and UNCERTAINTY') );
#4317 = ( LENGTH_UNIT() NAMED_UNIT(*) SI_UNIT(.MILLI.,.METRE.) );
#4318 = ( NAMED_UNIT(*) PLANE_ANGLE_UNIT() SI_UNIT($,.RADIAN.) );
#4319 = ( NAMED_UNIT(*) SI_UNIT($,.STERADIAN.) SOLID_ANGLE_UNIT() );
#4320 = UNCERTAINTY_MEASURE_WITH_UNIT(LENGTH_MEASURE(1.E-07),#4317,
  'distance_accuracy_value','confusion accuracy');
#4321 = CONTEXT_DEPENDENT_SHAPE_REPRESENTATION(#4322,#4324);
#4322 = ( REPRESENTATION_RELATIONSHIP('','',#3525,#10) 
REPRESENTATION_RELATIONSHIP_WITH_TRANSFORMATION(#4323) 
SHAPE_REPRESENTATION_RELATIONSHIP() );
#4323 = ITEM_DEFINED_TRANSFORMATION('','',#11,#19);
#4324 = PRODUCT_DEFINITION_SHAPE('Placement','Placement of an item',
  #4325);
#4325 = NEXT_ASSEMBLY_USAGE_OCCURRENCE('2','R4','',#5,#3520,$);
#4326 = PRODUCT_RELATED_PRODUCT_CATEGORY('part',$,(#3522));
#4327 = CONTEXT_DEPENDENT_SHAPE_REPRESENTATION(#4328,#4330);
#4328 = ( REPRESENTATION_RELATIONSHIP('','',#3525,#10) 
REPRESENTATION_RELATIONSHIP_WITH_TRANSFORMATION(#4329) 
SHAPE_REPRESENTATION_RELATIONSHIP() );
#4329 = ITEM_DEFINED_TRANSFORMATION('','',#11,#23);
#4330 = PRODUCT_DEFINITION_SHAPE('Placement','Placement of an item',
  #4331);
#4331 = NEXT_ASSEMBLY_USAGE_OCCURRENCE('3','R3','',#5,#3520,$);
#4332 = SHAPE_DEFINITION_REPRESENTATION(#4333,#4339);
#4333 = PRODUCT_DEFINITION_SHAPE('','',#4334);
#4334 = PRODUCT_DEFINITION('design','',#4335,#4338);
#4335 = PRODUCT_DEFINITION_FORMATION('','',#4336);
#4336 = PRODUCT('PinHeader_1x06_P2.54mm_Vertical',
  'PinHeader_1x06_P2.54mm_Vertical','',(#4337));
#4337 = PRODUCT_CONTEXT('',#2,'mechanical');
#4338 = PRODUCT_DEFINITION_CONTEXT('part definition',#2,'design');
#4339 = ADVANCED_BREP_SHAPE_REPRESENTATION('',(#11,#4340),#8468);
#4340 = MANIFOLD_SOLID_BREP('',#4341);
#4341 = CLOSED_SHELL('',(#4342,#4382,#4413,#4444,#4937,#5430,#5447,#5464
    ,#5481,#5498,#5515,#5532,#5549,#5566,#5583,#5600,#5617,#5634,#5651,
    #5668,#5685,#5702,#5719,#5736,#5753,#5770,#5787,#5804,#5821,#5838,
    #5855,#5872,#5889,#5906,#5923,#5940,#5957,#5974,#5991,#6008,#6020,
    #6051,#6075,#6099,#6116,#6147,#6171,#6195,#6212,#6243,#6267,#6291,
    #6308,#6339,#6363,#6387,#6404,#6435,#6459,#6483,#6500,#6531,#6555,
    #6579,#6596,#6627,#6651,#6675,#6692,#6723,#6747,#6771,#6788,#6819,
    #6843,#6867,#6884,#6915,#6939,#6963,#6980,#7011,#7035,#7059,#7076,
    #7107,#7131,#7155,#7172,#7203,#7227,#7251,#7268,#7299,#7323,#7347,
    #7364,#7395,#7419,#7443,#7460,#7491,#7515,#7539,#7556,#7587,#7611,
    #7635,#7652,#7683,#7707,#7731,#7748,#7779,#7803,#7827,#7844,#7875,
    #7899,#7923,#7940,#7971,#7995,#8019,#8036,#8067,#8091,#8115,#8132,
    #8163,#8187,#8211,#8228,#8259,#8283,#8307,#8324,#8336,#8348,#8360,
    #8372,#8384,#8396,#8408,#8420,#8432,#8444,#8456));
#4342 = ADVANCED_FACE('',(#4343),#4377,.F.);
#4343 = FACE_BOUND('',#4344,.F.);
#4344 = EDGE_LOOP('',(#4345,#4355,#4363,#4371));
#4345 = ORIENTED_EDGE('',*,*,#4346,.T.);
#4346 = EDGE_CURVE('',#4347,#4349,#4351,.T.);
#4347 = VERTEX_POINT('',#4348);
#4348 = CARTESIAN_POINT('',(-1.016,1.27,0.));
#4349 = VERTEX_POINT('',#4350);
#4350 = CARTESIAN_POINT('',(-1.016,1.27,2.54));
#4351 = LINE('',#4352,#4353);
#4352 = CARTESIAN_POINT('',(-1.016,1.27,0.));
#4353 = VECTOR('',#4354,1.);
#4354 = DIRECTION('',(0.,0.,1.));
#4355 = ORIENTED_EDGE('',*,*,#4356,.T.);
#4356 = EDGE_CURVE('',#4349,#4357,#4359,.T.);
#4357 = VERTEX_POINT('',#4358);
#4358 = CARTESIAN_POINT('',(-1.27,1.016,2.54));
#4359 = LINE('',#4360,#4361);
#4360 = CARTESIAN_POINT('',(-1.016,1.27,2.54));
#4361 = VECTOR('',#4362,1.);
#4362 = DIRECTION('',(-0.707106781187,-0.707106781187,0.));
#4363 = ORIENTED_EDGE('',*,*,#4364,.F.);
#4364 = EDGE_CURVE('',#4365,#4357,#4367,.T.);
#4365 = VERTEX_POINT('',#4366);
#4366 = CARTESIAN_POINT('',(-1.27,1.016,0.));
#4367 = LINE('',#4368,#4369);
#4368 = CARTESIAN_POINT('',(-1.27,1.016,0.));
#4369 = VECTOR('',#4370,1.);
#4370 = DIRECTION('',(0.,0.,1.));
#4371 = ORIENTED_EDGE('',*,*,#4372,.F.);
#4372 = EDGE_CURVE('',#4347,#4365,#4373,.T.);
#4373 = LINE('',#4374,#4375);
#4374 = CARTESIAN_POINT('',(-1.016,1.27,0.));
#4375 = VECTOR('',#4376,1.);
#4376 = DIRECTION('',(-0.707106781187,-0.707106781187,0.));
#4377 = PLANE('',#4378);
#4378 = AXIS2_PLACEMENT_3D('',#4379,#4380,#4381);
#4379 = CARTESIAN_POINT('',(-1.016,1.27,0.));
#4380 = DIRECTION('',(0.707106781187,-0.707106781187,0.));
#4381 = DIRECTION('',(-0.707106781187,-0.707106781187,0.));
#4382 = ADVANCED_FACE('',(#4383),#4408,.F.);
#4383 = FACE_BOUND('',#4384,.F.);
#4384 = EDGE_LOOP('',(#4385,#4395,#4401,#4402));
#4385 = ORIENTED_EDGE('',*,*,#4386,.T.);
#4386 = EDGE_CURVE('',#4387,#4389,#4391,.T.);
#4387 = VERTEX_POINT('',#4388);
#4388 = CARTESIAN_POINT('',(1.016,1.27,0.));
#4389 = VERTEX_POINT('',#4390);
#4390 = CARTESIAN_POINT('',(1.016,1.27,2.54));
#4391 = LINE('',#4392,#4393);
#4392 = CARTESIAN_POINT('',(1.016,1.27,0.));
#4393 = VECTOR('',#4394,1.);
#4394 = DIRECTION('',(0.,0.,1.));
#4395 = ORIENTED_EDGE('',*,*,#4396,.T.);
#4396 = EDGE_CURVE('',#4389,#4349,#4397,.T.);
#4397 = LINE('',#4398,#4399);
#4398 = CARTESIAN_POINT('',(1.016,1.27,2.54));
#4399 = VECTOR('',#4400,1.);
#4400 = DIRECTION('',(-1.,0.,0.));
#4401 = ORIENTED_EDGE('',*,*,#4346,.F.);
#4402 = ORIENTED_EDGE('',*,*,#4403,.F.);
#4403 = EDGE_CURVE('',#4387,#4347,#4404,.T.);
#4404 = LINE('',#4405,#4406);
#4405 = CARTESIAN_POINT('',(1.016,1.27,0.));
#4406 = VECTOR('',#4407,1.);
#4407 = DIRECTION('',(-1.,0.,0.));
#4408 = PLANE('',#4409);
#4409 = AXIS2_PLACEMENT_3D('',#4410,#4411,#4412);
#4410 = CARTESIAN_POINT('',(1.016,1.27,0.));
#4411 = DIRECTION('',(0.,-1.,0.));
#4412 = DIRECTION('',(-1.,0.,0.));
#4413 = ADVANCED_FACE('',(#4414),#4439,.F.);
#4414 = FACE_BOUND('',#4415,.F.);
#4415 = EDGE_LOOP('',(#4416,#4417,#4425,#4433));
#4416 = ORIENTED_EDGE('',*,*,#4364,.T.);
#4417 = ORIENTED_EDGE('',*,*,#4418,.T.);
#4418 = EDGE_CURVE('',#4357,#4419,#4421,.T.);
#4419 = VERTEX_POINT('',#4420);
#4420 = CARTESIAN_POINT('',(-1.27,-1.016,2.54));
#4421 = LINE('',#4422,#4423);
#4422 = CARTESIAN_POINT('',(-1.27,1.016,2.54));
#4423 = VECTOR('',#4424,1.);
#4424 = DIRECTION('',(0.,-1.,0.));
#4425 = ORIENTED_EDGE('',*,*,#4426,.F.);
#4426 = EDGE_CURVE('',#4427,#4419,#4429,.T.);
#4427 = VERTEX_POINT('',#4428);
#4428 = CARTESIAN_POINT('',(-1.27,-1.016,0.));
#4429 = LINE('',#4430,#4431);
#4430 = CARTESIAN_POINT('',(-1.27,-1.016,0.));
#4431 = VECTOR('',#4432,1.);
#4432 = DIRECTION('',(0.,0.,1.));
#4433 = ORIENTED_EDGE('',*,*,#4434,.F.);
#4434 = EDGE_CURVE('',#4365,#4427,#4435,.T.);
#4435 = LINE('',#4436,#4437);
#4436 = CARTESIAN_POINT('',(-1.27,1.016,0.));
#4437 = VECTOR('',#4438,1.);
#4438 = DIRECTION('',(0.,-1.,0.));
#4439 = PLANE('',#4440);
#4440 = AXIS2_PLACEMENT_3D('',#4441,#4442,#4443);
#4441 = CARTESIAN_POINT('',(-1.27,1.016,0.));
#4442 = DIRECTION('',(1.,0.,0.));
#4443 = DIRECTION('',(0.,-1.,0.));
#4444 = ADVANCED_FACE('',(#4445,#4728,#4762,#4796,#4830,#4864,#4898),
  #4932,.F.);
#4445 = FACE_BOUND('',#4446,.F.);
#4446 = EDGE_LOOP('',(#4447,#4448,#4449,#4457,#4465,#4473,#4481,#4489,
    #4497,#4505,#4513,#4521,#4529,#4537,#4545,#4553,#4561,#4569,#4577,
    #4585,#4593,#4601,#4609,#4617,#4625,#4633,#4641,#4649,#4657,#4665,
    #4673,#4681,#4689,#4697,#4705,#4713,#4721,#4727));
#4447 = ORIENTED_EDGE('',*,*,#4372,.T.);
#4448 = ORIENTED_EDGE('',*,*,#4434,.T.);
#4449 = ORIENTED_EDGE('',*,*,#4450,.T.);
#4450 = EDGE_CURVE('',#4427,#4451,#4453,.T.);
#4451 = VERTEX_POINT('',#4452);
#4452 = CARTESIAN_POINT('',(-1.016,-1.27,0.));
#4453 = LINE('',#4454,#4455);
#4454 = CARTESIAN_POINT('',(-1.27,-1.016,0.));
#4455 = VECTOR('',#4456,1.);
#4456 = DIRECTION('',(0.707106781187,-0.707106781187,0.));
#4457 = ORIENTED_EDGE('',*,*,#4458,.T.);
#4458 = EDGE_CURVE('',#4451,#4459,#4461,.T.);
#4459 = VERTEX_POINT('',#4460);
#4460 = CARTESIAN_POINT('',(-1.27,-1.524,0.));
#4461 = LINE('',#4462,#4463);
#4462 = CARTESIAN_POINT('',(-1.016,-1.27,0.));
#4463 = VECTOR('',#4464,1.);
#4464 = DIRECTION('',(-0.707106781187,-0.707106781187,0.));
#4465 = ORIENTED_EDGE('',*,*,#4466,.T.);
#4466 = EDGE_CURVE('',#4459,#4467,#4469,.T.);
#4467 = VERTEX_POINT('',#4468);
#4468 = CARTESIAN_POINT('',(-1.27,-3.556,0.));
#4469 = LINE('',#4470,#4471);
#4470 = CARTESIAN_POINT('',(-1.27,-1.524,0.));
#4471 = VECTOR('',#4472,1.);
#4472 = DIRECTION('',(0.,-1.,0.));
#4473 = ORIENTED_EDGE('',*,*,#4474,.T.);
#4474 = EDGE_CURVE('',#4467,#4475,#4477,.T.);
#4475 = VERTEX_POINT('',#4476);
#4476 = CARTESIAN_POINT('',(-1.016,-3.81,0.));
#4477 = LINE('',#4478,#4479);
#4478 = CARTESIAN_POINT('',(-1.27,-3.556,0.));
#4479 = VECTOR('',#4480,1.);
#4480 = DIRECTION('',(0.707106781187,-0.707106781187,0.));
#4481 = ORIENTED_EDGE('',*,*,#4482,.T.);
#4482 = EDGE_CURVE('',#4475,#4483,#4485,.T.);
#4483 = VERTEX_POINT('',#4484);
#4484 = CARTESIAN_POINT('',(-1.27,-4.064,0.));
#4485 = LINE('',#4486,#4487);
#4486 = CARTESIAN_POINT('',(-1.016,-3.81,0.));
#4487 = VECTOR('',#4488,1.);
#4488 = DIRECTION('',(-0.707106781187,-0.707106781187,0.));
#4489 = ORIENTED_EDGE('',*,*,#4490,.T.);
#4490 = EDGE_CURVE('',#4483,#4491,#4493,.T.);
#4491 = VERTEX_POINT('',#4492);
#4492 = CARTESIAN_POINT('',(-1.27,-6.096,0.));
#4493 = LINE('',#4494,#4495);
#4494 = CARTESIAN_POINT('',(-1.27,-4.064,0.));
#4495 = VECTOR('',#4496,1.);
#4496 = DIRECTION('',(0.,-1.,0.));
#4497 = ORIENTED_EDGE('',*,*,#4498,.T.);
#4498 = EDGE_CURVE('',#4491,#4499,#4501,.T.);
#4499 = VERTEX_POINT('',#4500);
#4500 = CARTESIAN_POINT('',(-1.016,-6.35,0.));
#4501 = LINE('',#4502,#4503);
#4502 = CARTESIAN_POINT('',(-1.27,-6.096,0.));
#4503 = VECTOR('',#4504,1.);
#4504 = DIRECTION('',(0.707106781187,-0.707106781187,0.));
#4505 = ORIENTED_EDGE('',*,*,#4506,.T.);
#4506 = EDGE_CURVE('',#4499,#4507,#4509,.T.);
#4507 = VERTEX_POINT('',#4508);
#4508 = CARTESIAN_POINT('',(-1.27,-6.604,0.));
#4509 = LINE('',#4510,#4511);
#4510 = CARTESIAN_POINT('',(-1.016,-6.35,0.));
#4511 = VECTOR('',#4512,1.);
#4512 = DIRECTION('',(-0.707106781187,-0.707106781187,0.));
#4513 = ORIENTED_EDGE('',*,*,#4514,.T.);
#4514 = EDGE_CURVE('',#4507,#4515,#4517,.T.);
#4515 = VERTEX_POINT('',#4516);
#4516 = CARTESIAN_POINT('',(-1.27,-8.636,0.));
#4517 = LINE('',#4518,#4519);
#4518 = CARTESIAN_POINT('',(-1.27,-6.604,0.));
#4519 = VECTOR('',#4520,1.);
#4520 = DIRECTION('',(0.,-1.,0.));
#4521 = ORIENTED_EDGE('',*,*,#4522,.T.);
#4522 = EDGE_CURVE('',#4515,#4523,#4525,.T.);
#4523 = VERTEX_POINT('',#4524);
#4524 = CARTESIAN_POINT('',(-1.016,-8.89,0.));
#4525 = LINE('',#4526,#4527);
#4526 = CARTESIAN_POINT('',(-1.27,-8.636,0.));
#4527 = VECTOR('',#4528,1.);
#4528 = DIRECTION('',(0.707106781187,-0.707106781187,0.));
#4529 = ORIENTED_EDGE('',*,*,#4530,.T.);
#4530 = EDGE_CURVE('',#4523,#4531,#4533,.T.);
#4531 = VERTEX_POINT('',#4532);
#4532 = CARTESIAN_POINT('',(-1.27,-9.144,0.));
#4533 = LINE('',#4534,#4535);
#4534 = CARTESIAN_POINT('',(-1.016,-8.89,0.));
#4535 = VECTOR('',#4536,1.);
#4536 = DIRECTION('',(-0.707106781187,-0.707106781187,0.));
#4537 = ORIENTED_EDGE('',*,*,#4538,.T.);
#4538 = EDGE_CURVE('',#4531,#4539,#4541,.T.);
#4539 = VERTEX_POINT('',#4540);
#4540 = CARTESIAN_POINT('',(-1.27,-11.176,0.));
#4541 = LINE('',#4542,#4543);
#4542 = CARTESIAN_POINT('',(-1.27,-9.144,0.));
#4543 = VECTOR('',#4544,1.);
#4544 = DIRECTION('',(0.,-1.,0.));
#4545 = ORIENTED_EDGE('',*,*,#4546,.T.);
#4546 = EDGE_CURVE('',#4539,#4547,#4549,.T.);
#4547 = VERTEX_POINT('',#4548);
#4548 = CARTESIAN_POINT('',(-1.016,-11.43,0.));
#4549 = LINE('',#4550,#4551);
#4550 = CARTESIAN_POINT('',(-1.27,-11.176,0.));
#4551 = VECTOR('',#4552,1.);
#4552 = DIRECTION('',(0.707106781187,-0.707106781187,0.));
#4553 = ORIENTED_EDGE('',*,*,#4554,.T.);
#4554 = EDGE_CURVE('',#4547,#4555,#4557,.T.);
#4555 = VERTEX_POINT('',#4556);
#4556 = CARTESIAN_POINT('',(-1.27,-11.684,0.));
#4557 = LINE('',#4558,#4559);
#4558 = CARTESIAN_POINT('',(-1.016,-11.43,0.));
#4559 = VECTOR('',#4560,1.);
#4560 = DIRECTION('',(-0.707106781187,-0.707106781187,0.));
#4561 = ORIENTED_EDGE('',*,*,#4562,.T.);
#4562 = EDGE_CURVE('',#4555,#4563,#4565,.T.);
#4563 = VERTEX_POINT('',#4564);
#4564 = CARTESIAN_POINT('',(-1.27,-13.716,0.));
#4565 = LINE('',#4566,#4567);
#4566 = CARTESIAN_POINT('',(-1.27,-11.684,0.));
#4567 = VECTOR('',#4568,1.);
#4568 = DIRECTION('',(0.,-1.,0.));
#4569 = ORIENTED_EDGE('',*,*,#4570,.T.);
#4570 = EDGE_CURVE('',#4563,#4571,#4573,.T.);
#4571 = VERTEX_POINT('',#4572);
#4572 = CARTESIAN_POINT('',(-1.016,-13.97,0.));
#4573 = LINE('',#4574,#4575);
#4574 = CARTESIAN_POINT('',(-1.27,-13.716,0.));
#4575 = VECTOR('',#4576,1.);
#4576 = DIRECTION('',(0.707106781187,-0.707106781187,0.));
#4577 = ORIENTED_EDGE('',*,*,#4578,.T.);
#4578 = EDGE_CURVE('',#4571,#4579,#4581,.T.);
#4579 = VERTEX_POINT('',#4580);
#4580 = CARTESIAN_POINT('',(1.016,-13.97,0.));
#4581 = LINE('',#4582,#4583);
#4582 = CARTESIAN_POINT('',(-1.016,-13.97,0.));
#4583 = VECTOR('',#4584,1.);
#4584 = DIRECTION('',(1.,0.,0.));
#4585 = ORIENTED_EDGE('',*,*,#4586,.T.);
#4586 = EDGE_CURVE('',#4579,#4587,#4589,.T.);
#4587 = VERTEX_POINT('',#4588);
#4588 = CARTESIAN_POINT('',(1.27,-13.716,0.));
#4589 = LINE('',#4590,#4591);
#4590 = CARTESIAN_POINT('',(1.016,-13.97,0.));
#4591 = VECTOR('',#4592,1.);
#4592 = DIRECTION('',(0.707106781187,0.707106781187,0.));
#4593 = ORIENTED_EDGE('',*,*,#4594,.T.);
#4594 = EDGE_CURVE('',#4587,#4595,#4597,.T.);
#4595 = VERTEX_POINT('',#4596);
#4596 = CARTESIAN_POINT('',(1.27,-11.684,0.));
#4597 = LINE('',#4598,#4599);
#4598 = CARTESIAN_POINT('',(1.27,-13.716,0.));
#4599 = VECTOR('',#4600,1.);
#4600 = DIRECTION('',(0.,1.,0.));
#4601 = ORIENTED_EDGE('',*,*,#4602,.T.);
#4602 = EDGE_CURVE('',#4595,#4603,#4605,.T.);
#4603 = VERTEX_POINT('',#4604);
#4604 = CARTESIAN_POINT('',(1.016,-11.43,0.));
#4605 = LINE('',#4606,#4607);
#4606 = CARTESIAN_POINT('',(1.27,-11.684,0.));
#4607 = VECTOR('',#4608,1.);
#4608 = DIRECTION('',(-0.707106781187,0.707106781187,0.));
#4609 = ORIENTED_EDGE('',*,*,#4610,.T.);
#4610 = EDGE_CURVE('',#4603,#4611,#4613,.T.);
#4611 = VERTEX_POINT('',#4612);
#4612 = CARTESIAN_POINT('',(1.27,-11.176,0.));
#4613 = LINE('',#4614,#4615);
#4614 = CARTESIAN_POINT('',(1.016,-11.43,0.));
#4615 = VECTOR('',#4616,1.);
#4616 = DIRECTION('',(0.707106781187,0.707106781187,0.));
#4617 = ORIENTED_EDGE('',*,*,#4618,.T.);
#4618 = EDGE_CURVE('',#4611,#4619,#4621,.T.);
#4619 = VERTEX_POINT('',#4620);
#4620 = CARTESIAN_POINT('',(1.27,-9.144,0.));
#4621 = LINE('',#4622,#4623);
#4622 = CARTESIAN_POINT('',(1.27,-11.176,0.));
#4623 = VECTOR('',#4624,1.);
#4624 = DIRECTION('',(0.,1.,0.));
#4625 = ORIENTED_EDGE('',*,*,#4626,.T.);
#4626 = EDGE_CURVE('',#4619,#4627,#4629,.T.);
#4627 = VERTEX_POINT('',#4628);
#4628 = CARTESIAN_POINT('',(1.016,-8.89,0.));
#4629 = LINE('',#4630,#4631);
#4630 = CARTESIAN_POINT('',(1.27,-9.144,0.));
#4631 = VECTOR('',#4632,1.);
#4632 = DIRECTION('',(-0.707106781187,0.707106781187,0.));
#4633 = ORIENTED_EDGE('',*,*,#4634,.T.);
#4634 = EDGE_CURVE('',#4627,#4635,#4637,.T.);
#4635 = VERTEX_POINT('',#4636);
#4636 = CARTESIAN_POINT('',(1.27,-8.636,0.));
#4637 = LINE('',#4638,#4639);
#4638 = CARTESIAN_POINT('',(1.016,-8.89,0.));
#4639 = VECTOR('',#4640,1.);
#4640 = DIRECTION('',(0.707106781187,0.707106781187,0.));
#4641 = ORIENTED_EDGE('',*,*,#4642,.T.);
#4642 = EDGE_CURVE('',#4635,#4643,#4645,.T.);
#4643 = VERTEX_POINT('',#4644);
#4644 = CARTESIAN_POINT('',(1.27,-6.604,0.));
#4645 = LINE('',#4646,#4647);
#4646 = CARTESIAN_POINT('',(1.27,-8.636,0.));
#4647 = VECTOR('',#4648,1.);
#4648 = DIRECTION('',(0.,1.,0.));
#4649 = ORIENTED_EDGE('',*,*,#4650,.T.);
#4650 = EDGE_CURVE('',#4643,#4651,#4653,.T.);
#4651 = VERTEX_POINT('',#4652);
#4652 = CARTESIAN_POINT('',(1.016,-6.35,0.));
#4653 = LINE('',#4654,#4655);
#4654 = CARTESIAN_POINT('',(1.27,-6.604,0.));
#4655 = VECTOR('',#4656,1.);
#4656 = DIRECTION('',(-0.707106781187,0.707106781187,0.));
#4657 = ORIENTED_EDGE('',*,*,#4658,.T.);
#4658 = EDGE_CURVE('',#4651,#4659,#4661,.T.);
#4659 = VERTEX_POINT('',#4660);
#4660 = CARTESIAN_POINT('',(1.27,-6.096,0.));
#4661 = LINE('',#4662,#4663);
#4662 = CARTESIAN_POINT('',(1.016,-6.35,0.));
#4663 = VECTOR('',#4664,1.);
#4664 = DIRECTION('',(0.707106781187,0.707106781187,0.));
#4665 = ORIENTED_EDGE('',*,*,#4666,.T.);
#4666 = EDGE_CURVE('',#4659,#4667,#4669,.T.);
#4667 = VERTEX_POINT('',#4668);
#4668 = CARTESIAN_POINT('',(1.27,-4.064,0.));
#4669 = LINE('',#4670,#4671);
#4670 = CARTESIAN_POINT('',(1.27,-6.096,0.));
#4671 = VECTOR('',#4672,1.);
#4672 = DIRECTION('',(0.,1.,0.));
#4673 = ORIENTED_EDGE('',*,*,#4674,.T.);
#4674 = EDGE_CURVE('',#4667,#4675,#4677,.T.);
#4675 = VERTEX_POINT('',#4676);
#4676 = CARTESIAN_POINT('',(1.016,-3.81,0.));
#4677 = LINE('',#4678,#4679);
#4678 = CARTESIAN_POINT('',(1.27,-4.064,0.));
#4679 = VECTOR('',#4680,1.);
#4680 = DIRECTION('',(-0.707106781187,0.707106781187,0.));
#4681 = ORIENTED_EDGE('',*,*,#4682,.T.);
#4682 = EDGE_CURVE('',#4675,#4683,#4685,.T.);
#4683 = VERTEX_POINT('',#4684);
#4684 = CARTESIAN_POINT('',(1.27,-3.556,0.));
#4685 = LINE('',#4686,#4687);
#4686 = CARTESIAN_POINT('',(1.016,-3.81,0.));
#4687 = VECTOR('',#4688,1.);
#4688 = DIRECTION('',(0.707106781187,0.707106781187,0.));
#4689 = ORIENTED_EDGE('',*,*,#4690,.T.);
#4690 = EDGE_CURVE('',#4683,#4691,#4693,.T.);
#4691 = VERTEX_POINT('',#4692);
#4692 = CARTESIAN_POINT('',(1.27,-1.524,0.));
#4693 = LINE('',#4694,#4695);
#4694 = CARTESIAN_POINT('',(1.27,-3.556,0.));
#4695 = VECTOR('',#4696,1.);
#4696 = DIRECTION('',(0.,1.,0.));
#4697 = ORIENTED_EDGE('',*,*,#4698,.T.);
#4698 = EDGE_CURVE('',#4691,#4699,#4701,.T.);
#4699 = VERTEX_POINT('',#4700);
#4700 = CARTESIAN_POINT('',(1.016,-1.27,0.));
#4701 = LINE('',#4702,#4703);
#4702 = CARTESIAN_POINT('',(1.27,-1.524,0.));
#4703 = VECTOR('',#4704,1.);
#4704 = DIRECTION('',(-0.707106781187,0.707106781187,0.));
#4705 = ORIENTED_EDGE('',*,*,#4706,.T.);
#4706 = EDGE_CURVE('',#4699,#4707,#4709,.T.);
#4707 = VERTEX_POINT('',#4708);
#4708 = CARTESIAN_POINT('',(1.27,-1.016,0.));
#4709 = LINE('',#4710,#4711);
#4710 = CARTESIAN_POINT('',(1.016,-1.27,0.));
#4711 = VECTOR('',#4712,1.);
#4712 = DIRECTION('',(0.707106781187,0.707106781187,0.));
#4713 = ORIENTED_EDGE('',*,*,#4714,.T.);
#4714 = EDGE_CURVE('',#4707,#4715,#4717,.T.);
#4715 = VERTEX_POINT('',#4716);
#4716 = CARTESIAN_POINT('',(1.27,1.016,0.));
#4717 = LINE('',#4718,#4719);
#4718 = CARTESIAN_POINT('',(1.27,-1.016,0.));
#4719 = VECTOR('',#4720,1.);
#4720 = DIRECTION('',(0.,1.,0.));
#4721 = ORIENTED_EDGE('',*,*,#4722,.T.);
#4722 = EDGE_CURVE('',#4715,#4387,#4723,.T.);
#4723 = LINE('',#4724,#4725);
#4724 = CARTESIAN_POINT('',(1.27,1.016,0.));
#4725 = VECTOR('',#4726,1.);
#4726 = DIRECTION('',(-0.707106781187,0.707106781187,0.));
#4727 = ORIENTED_EDGE('',*,*,#4403,.T.);
#4728 = FACE_BOUND('',#4729,.F.);
#4729 = EDGE_LOOP('',(#4730,#4740,#4748,#4756));
#4730 = ORIENTED_EDGE('',*,*,#4731,.F.);
#4731 = EDGE_CURVE('',#4732,#4734,#4736,.T.);
#4732 = VERTEX_POINT('',#4733);
#4733 = CARTESIAN_POINT('',(0.32,-0.32,0.));
#4734 = VERTEX_POINT('',#4735);
#4735 = CARTESIAN_POINT('',(0.32,0.32,0.));
#4736 = LINE('',#4737,#4738);
#4737 = CARTESIAN_POINT('',(0.32,-3.335,0.));
#4738 = VECTOR('',#4739,1.);
#4739 = DIRECTION('',(0.,1.,0.));
#4740 = ORIENTED_EDGE('',*,*,#4741,.T.);
#4741 = EDGE_CURVE('',#4732,#4742,#4744,.T.);
#4742 = VERTEX_POINT('',#4743);
#4743 = CARTESIAN_POINT('',(-0.32,-0.32,0.));
#4744 = LINE('',#4745,#4746);
#4745 = CARTESIAN_POINT('',(-0.16,-0.32,0.));
#4746 = VECTOR('',#4747,1.);
#4747 = DIRECTION('',(-1.,0.,0.));
#4748 = ORIENTED_EDGE('',*,*,#4749,.T.);
#4749 = EDGE_CURVE('',#4742,#4750,#4752,.T.);
#4750 = VERTEX_POINT('',#4751);
#4751 = CARTESIAN_POINT('',(-0.32,0.32,0.));
#4752 = LINE('',#4753,#4754);
#4753 = CARTESIAN_POINT('',(-0.32,-3.335,0.));
#4754 = VECTOR('',#4755,1.);
#4755 = DIRECTION('',(0.,1.,0.));
#4756 = ORIENTED_EDGE('',*,*,#4757,.F.);
#4757 = EDGE_CURVE('',#4734,#4750,#4758,.T.);
#4758 = LINE('',#4759,#4760);
#4759 = CARTESIAN_POINT('',(-0.16,0.32,0.));
#4760 = VECTOR('',#4761,1.);
#4761 = DIRECTION('',(-1.,0.,0.));
#4762 = FACE_BOUND('',#4763,.F.);
#4763 = EDGE_LOOP('',(#4764,#4774,#4782,#4790));
#4764 = ORIENTED_EDGE('',*,*,#4765,.F.);
#4765 = EDGE_CURVE('',#4766,#4768,#4770,.T.);
#4766 = VERTEX_POINT('',#4767);
#4767 = CARTESIAN_POINT('',(0.32,-5.4,0.));
#4768 = VERTEX_POINT('',#4769);
#4769 = CARTESIAN_POINT('',(0.32,-4.76,0.));
#4770 = LINE('',#4771,#4772);
#4771 = CARTESIAN_POINT('',(0.32,-5.875,0.));
#4772 = VECTOR('',#4773,1.);
#4773 = DIRECTION('',(0.,1.,0.));
#4774 = ORIENTED_EDGE('',*,*,#4775,.T.);
#4775 = EDGE_CURVE('',#4766,#4776,#4778,.T.);
#4776 = VERTEX_POINT('',#4777);
#4777 = CARTESIAN_POINT('',(-0.32,-5.4,0.));
#4778 = LINE('',#4779,#4780);
#4779 = CARTESIAN_POINT('',(-0.16,-5.4,0.));
#4780 = VECTOR('',#4781,1.);
#4781 = DIRECTION('',(-1.,0.,0.));
#4782 = ORIENTED_EDGE('',*,*,#4783,.T.);
#4783 = EDGE_CURVE('',#4776,#4784,#4786,.T.);
#4784 = VERTEX_POINT('',#4785);
#4785 = CARTESIAN_POINT('',(-0.32,-4.76,0.));
#4786 = LINE('',#4787,#4788);
#4787 = CARTESIAN_POINT('',(-0.32,-5.875,0.));
#4788 = VECTOR('',#4789,1.);
#4789 = DIRECTION('',(0.,1.,0.));
#4790 = ORIENTED_EDGE('',*,*,#4791,.F.);
#4791 = EDGE_CURVE('',#4768,#4784,#4792,.T.);
#4792 = LINE('',#4793,#4794);
#4793 = CARTESIAN_POINT('',(-0.16,-4.76,0.));
#4794 = VECTOR('',#4795,1.);
#4795 = DIRECTION('',(-1.,0.,0.));
#4796 = FACE_BOUND('',#4797,.F.);
#4797 = EDGE_LOOP('',(#4798,#4808,#4816,#4824));
#4798 = ORIENTED_EDGE('',*,*,#4799,.F.);
#4799 = EDGE_CURVE('',#4800,#4802,#4804,.T.);
#4800 = VERTEX_POINT('',#4801);
#4801 = CARTESIAN_POINT('',(0.32,-2.86,0.));
#4802 = VERTEX_POINT('',#4803);
#4803 = CARTESIAN_POINT('',(0.32,-2.22,0.));
#4804 = LINE('',#4805,#4806);
#4805 = CARTESIAN_POINT('',(0.32,-4.605,0.));
#4806 = VECTOR('',#4807,1.);
#4807 = DIRECTION('',(0.,1.,0.));
#4808 = ORIENTED_EDGE('',*,*,#4809,.T.);
#4809 = EDGE_CURVE('',#4800,#4810,#4812,.T.);
#4810 = VERTEX_POINT('',#4811);
#4811 = CARTESIAN_POINT('',(-0.32,-2.86,0.));
#4812 = LINE('',#4813,#4814);
#4813 = CARTESIAN_POINT('',(-0.16,-2.86,0.));
#4814 = VECTOR('',#4815,1.);
#4815 = DIRECTION('',(-1.,0.,0.));
#4816 = ORIENTED_EDGE('',*,*,#4817,.T.);
#4817 = EDGE_CURVE('',#4810,#4818,#4820,.T.);
#4818 = VERTEX_POINT('',#4819);
#4819 = CARTESIAN_POINT('',(-0.32,-2.22,0.));
#4820 = LINE('',#4821,#4822);
#4821 = CARTESIAN_POINT('',(-0.32,-4.605,0.));
#4822 = VECTOR('',#4823,1.);
#4823 = DIRECTION('',(0.,1.,0.));
#4824 = ORIENTED_EDGE('',*,*,#4825,.F.);
#4825 = EDGE_CURVE('',#4802,#4818,#4826,.T.);
#4826 = LINE('',#4827,#4828);
#4827 = CARTESIAN_POINT('',(-0.16,-2.22,0.));
#4828 = VECTOR('',#4829,1.);
#4829 = DIRECTION('',(-1.,0.,0.));
#4830 = FACE_BOUND('',#4831,.F.);
#4831 = EDGE_LOOP('',(#4832,#4842,#4850,#4858));
#4832 = ORIENTED_EDGE('',*,*,#4833,.T.);
#4833 = EDGE_CURVE('',#4834,#4836,#4838,.T.);
#4834 = VERTEX_POINT('',#4835);
#4835 = CARTESIAN_POINT('',(0.32,-13.02,0.));
#4836 = VERTEX_POINT('',#4837);
#4837 = CARTESIAN_POINT('',(-0.32,-13.02,0.));
#4838 = LINE('',#4839,#4840);
#4839 = CARTESIAN_POINT('',(-0.16,-13.02,0.));
#4840 = VECTOR('',#4841,1.);
#4841 = DIRECTION('',(-1.,0.,0.));
#4842 = ORIENTED_EDGE('',*,*,#4843,.T.);
#4843 = EDGE_CURVE('',#4836,#4844,#4846,.T.);
#4844 = VERTEX_POINT('',#4845);
#4845 = CARTESIAN_POINT('',(-0.32,-12.38,0.));
#4846 = LINE('',#4847,#4848);
#4847 = CARTESIAN_POINT('',(-0.32,-9.685,0.));
#4848 = VECTOR('',#4849,1.);
#4849 = DIRECTION('',(0.,1.,0.));
#4850 = ORIENTED_EDGE('',*,*,#4851,.F.);
#4851 = EDGE_CURVE('',#4852,#4844,#4854,.T.);
#4852 = VERTEX_POINT('',#4853);
#4853 = CARTESIAN_POINT('',(0.32,-12.38,0.));
#4854 = LINE('',#4855,#4856);
#4855 = CARTESIAN_POINT('',(-0.16,-12.38,0.));
#4856 = VECTOR('',#4857,1.);
#4857 = DIRECTION('',(-1.,0.,0.));
#4858 = ORIENTED_EDGE('',*,*,#4859,.F.);
#4859 = EDGE_CURVE('',#4834,#4852,#4860,.T.);
#4860 = LINE('',#4861,#4862);
#4861 = CARTESIAN_POINT('',(0.32,-9.685,0.));
#4862 = VECTOR('',#4863,1.);
#4863 = DIRECTION('',(0.,1.,0.));
#4864 = FACE_BOUND('',#4865,.F.);
#4865 = EDGE_LOOP('',(#4866,#4876,#4884,#4892));
#4866 = ORIENTED_EDGE('',*,*,#4867,.F.);
#4867 = EDGE_CURVE('',#4868,#4870,#4872,.T.);
#4868 = VERTEX_POINT('',#4869);
#4869 = CARTESIAN_POINT('',(0.32,-9.84,0.));
#4870 = VERTEX_POINT('',#4871);
#4871 = CARTESIAN_POINT('',(-0.32,-9.84,0.));
#4872 = LINE('',#4873,#4874);
#4873 = CARTESIAN_POINT('',(-0.16,-9.84,0.));
#4874 = VECTOR('',#4875,1.);
#4875 = DIRECTION('',(-1.,0.,0.));
#4876 = ORIENTED_EDGE('',*,*,#4877,.F.);
#4877 = EDGE_CURVE('',#4878,#4868,#4880,.T.);
#4878 = VERTEX_POINT('',#4879);
#4879 = CARTESIAN_POINT('',(0.32,-10.48,0.));
#4880 = LINE('',#4881,#4882);
#4881 = CARTESIAN_POINT('',(0.32,-8.415,0.));
#4882 = VECTOR('',#4883,1.);
#4883 = DIRECTION('',(0.,1.,0.));
#4884 = ORIENTED_EDGE('',*,*,#4885,.T.);
#4885 = EDGE_CURVE('',#4878,#4886,#4888,.T.);
#4886 = VERTEX_POINT('',#4887);
#4887 = CARTESIAN_POINT('',(-0.32,-10.48,0.));
#4888 = LINE('',#4889,#4890);
#4889 = CARTESIAN_POINT('',(-0.16,-10.48,0.));
#4890 = VECTOR('',#4891,1.);
#4891 = DIRECTION('',(-1.,0.,0.));
#4892 = ORIENTED_EDGE('',*,*,#4893,.T.);
#4893 = EDGE_CURVE('',#4886,#4870,#4894,.T.);
#4894 = LINE('',#4895,#4896);
#4895 = CARTESIAN_POINT('',(-0.32,-8.415,0.));
#4896 = VECTOR('',#4897,1.);
#4897 = DIRECTION('',(0.,1.,0.));
#4898 = FACE_BOUND('',#4899,.F.);
#4899 = EDGE_LOOP('',(#4900,#4910,#4918,#4926));
#4900 = ORIENTED_EDGE('',*,*,#4901,.T.);
#4901 = EDGE_CURVE('',#4902,#4904,#4906,.T.);
#4902 = VERTEX_POINT('',#4903);
#4903 = CARTESIAN_POINT('',(0.32,-7.94,0.));
#4904 = VERTEX_POINT('',#4905);
#4905 = CARTESIAN_POINT('',(-0.32,-7.94,0.));
#4906 = LINE('',#4907,#4908);
#4907 = CARTESIAN_POINT('',(-0.16,-7.94,0.));
#4908 = VECTOR('',#4909,1.);
#4909 = DIRECTION('',(-1.,0.,0.));
#4910 = ORIENTED_EDGE('',*,*,#4911,.T.);
#4911 = EDGE_CURVE('',#4904,#4912,#4914,.T.);
#4912 = VERTEX_POINT('',#4913);
#4913 = CARTESIAN_POINT('',(-0.32,-7.3,0.));
#4914 = LINE('',#4915,#4916);
#4915 = CARTESIAN_POINT('',(-0.32,-7.145,0.));
#4916 = VECTOR('',#4917,1.);
#4917 = DIRECTION('',(0.,1.,0.));
#4918 = ORIENTED_EDGE('',*,*,#4919,.F.);
#4919 = EDGE_CURVE('',#4920,#4912,#4922,.T.);
#4920 = VERTEX_POINT('',#4921);
#4921 = CARTESIAN_POINT('',(0.32,-7.3,0.));
#4922 = LINE('',#4923,#4924);
#4923 = CARTESIAN_POINT('',(-0.16,-7.3,0.));
#4924 = VECTOR('',#4925,1.);
#4925 = DIRECTION('',(-1.,0.,0.));
#4926 = ORIENTED_EDGE('',*,*,#4927,.F.);
#4927 = EDGE_CURVE('',#4902,#4920,#4928,.T.);
#4928 = LINE('',#4929,#4930);
#4929 = CARTESIAN_POINT('',(0.32,-7.145,0.));
#4930 = VECTOR('',#4931,1.);
#4931 = DIRECTION('',(0.,1.,0.));
#4932 = PLANE('',#4933);
#4933 = AXIS2_PLACEMENT_3D('',#4934,#4935,#4936);
#4934 = CARTESIAN_POINT('',(-1.797008255889E-17,-6.35,0.));
#4935 = DIRECTION('',(0.,0.,1.));
#4936 = DIRECTION('',(1.,0.,-0.));
#4937 = ADVANCED_FACE('',(#4938,#5221,#5255,#5289,#5323,#5357,#5391),
  #5425,.T.);
#4938 = FACE_BOUND('',#4939,.T.);
#4939 = EDGE_LOOP('',(#4940,#4941,#4942,#4950,#4958,#4966,#4974,#4982,
    #4990,#4998,#5006,#5014,#5022,#5030,#5038,#5046,#5054,#5062,#5070,
    #5078,#5086,#5094,#5102,#5110,#5118,#5126,#5134,#5142,#5150,#5158,
    #5166,#5174,#5182,#5190,#5198,#5206,#5214,#5220));
#4940 = ORIENTED_EDGE('',*,*,#4356,.T.);
#4941 = ORIENTED_EDGE('',*,*,#4418,.T.);
#4942 = ORIENTED_EDGE('',*,*,#4943,.T.);
#4943 = EDGE_CURVE('',#4419,#4944,#4946,.T.);
#4944 = VERTEX_POINT('',#4945);
#4945 = CARTESIAN_POINT('',(-1.016,-1.27,2.54));
#4946 = LINE('',#4947,#4948);
#4947 = CARTESIAN_POINT('',(-1.27,-1.016,2.54));
#4948 = VECTOR('',#4949,1.);
#4949 = DIRECTION('',(0.707106781187,-0.707106781187,0.));
#4950 = ORIENTED_EDGE('',*,*,#4951,.T.);
#4951 = EDGE_CURVE('',#4944,#4952,#4954,.T.);
#4952 = VERTEX_POINT('',#4953);
#4953 = CARTESIAN_POINT('',(-1.27,-1.524,2.54));
#4954 = LINE('',#4955,#4956);
#4955 = CARTESIAN_POINT('',(-1.016,-1.27,2.54));
#4956 = VECTOR('',#4957,1.);
#4957 = DIRECTION('',(-0.707106781187,-0.707106781187,0.));
#4958 = ORIENTED_EDGE('',*,*,#4959,.T.);
#4959 = EDGE_CURVE('',#4952,#4960,#4962,.T.);
#4960 = VERTEX_POINT('',#4961);
#4961 = CARTESIAN_POINT('',(-1.27,-3.556,2.54));
#4962 = LINE('',#4963,#4964);
#4963 = CARTESIAN_POINT('',(-1.27,-1.524,2.54));
#4964 = VECTOR('',#4965,1.);
#4965 = DIRECTION('',(0.,-1.,0.));
#4966 = ORIENTED_EDGE('',*,*,#4967,.T.);
#4967 = EDGE_CURVE('',#4960,#4968,#4970,.T.);
#4968 = VERTEX_POINT('',#4969);
#4969 = CARTESIAN_POINT('',(-1.016,-3.81,2.54));
#4970 = LINE('',#4971,#4972);
#4971 = CARTESIAN_POINT('',(-1.27,-3.556,2.54));
#4972 = VECTOR('',#4973,1.);
#4973 = DIRECTION('',(0.707106781187,-0.707106781187,0.));
#4974 = ORIENTED_EDGE('',*,*,#4975,.T.);
#4975 = EDGE_CURVE('',#4968,#4976,#4978,.T.);
#4976 = VERTEX_POINT('',#4977);
#4977 = CARTESIAN_POINT('',(-1.27,-4.064,2.54));
#4978 = LINE('',#4979,#4980);
#4979 = CARTESIAN_POINT('',(-1.016,-3.81,2.54));
#4980 = VECTOR('',#4981,1.);
#4981 = DIRECTION('',(-0.707106781187,-0.707106781187,0.));
#4982 = ORIENTED_EDGE('',*,*,#4983,.T.);
#4983 = EDGE_CURVE('',#4976,#4984,#4986,.T.);
#4984 = VERTEX_POINT('',#4985);
#4985 = CARTESIAN_POINT('',(-1.27,-6.096,2.54));
#4986 = LINE('',#4987,#4988);
#4987 = CARTESIAN_POINT('',(-1.27,-4.064,2.54));
#4988 = VECTOR('',#4989,1.);
#4989 = DIRECTION('',(0.,-1.,0.));
#4990 = ORIENTED_EDGE('',*,*,#4991,.T.);
#4991 = EDGE_CURVE('',#4984,#4992,#4994,.T.);
#4992 = VERTEX_POINT('',#4993);
#4993 = CARTESIAN_POINT('',(-1.016,-6.35,2.54));
#4994 = LINE('',#4995,#4996);
#4995 = CARTESIAN_POINT('',(-1.27,-6.096,2.54));
#4996 = VECTOR('',#4997,1.);
#4997 = DIRECTION('',(0.707106781187,-0.707106781187,0.));
#4998 = ORIENTED_EDGE('',*,*,#4999,.T.);
#4999 = EDGE_CURVE('',#4992,#5000,#5002,.T.);
#5000 = VERTEX_POINT('',#5001);
#5001 = CARTESIAN_POINT('',(-1.27,-6.604,2.54));
#5002 = LINE('',#5003,#5004);
#5003 = CARTESIAN_POINT('',(-1.016,-6.35,2.54));
#5004 = VECTOR('',#5005,1.);
#5005 = DIRECTION('',(-0.707106781187,-0.707106781187,0.));
#5006 = ORIENTED_EDGE('',*,*,#5007,.T.);
#5007 = EDGE_CURVE('',#5000,#5008,#5010,.T.);
#5008 = VERTEX_POINT('',#5009);
#5009 = CARTESIAN_POINT('',(-1.27,-8.636,2.54));
#5010 = LINE('',#5011,#5012);
#5011 = CARTESIAN_POINT('',(-1.27,-6.604,2.54));
#5012 = VECTOR('',#5013,1.);
#5013 = DIRECTION('',(0.,-1.,0.));
#5014 = ORIENTED_EDGE('',*,*,#5015,.T.);
#5015 = EDGE_CURVE('',#5008,#5016,#5018,.T.);
#5016 = VERTEX_POINT('',#5017);
#5017 = CARTESIAN_POINT('',(-1.016,-8.89,2.54));
#5018 = LINE('',#5019,#5020);
#5019 = CARTESIAN_POINT('',(-1.27,-8.636,2.54));
#5020 = VECTOR('',#5021,1.);
#5021 = DIRECTION('',(0.707106781187,-0.707106781187,0.));
#5022 = ORIENTED_EDGE('',*,*,#5023,.T.);
#5023 = EDGE_CURVE('',#5016,#5024,#5026,.T.);
#5024 = VERTEX_POINT('',#5025);
#5025 = CARTESIAN_POINT('',(-1.27,-9.144,2.54));
#5026 = LINE('',#5027,#5028);
#5027 = CARTESIAN_POINT('',(-1.016,-8.89,2.54));
#5028 = VECTOR('',#5029,1.);
#5029 = DIRECTION('',(-0.707106781187,-0.707106781187,0.));
#5030 = ORIENTED_EDGE('',*,*,#5031,.T.);
#5031 = EDGE_CURVE('',#5024,#5032,#5034,.T.);
#5032 = VERTEX_POINT('',#5033);
#5033 = CARTESIAN_POINT('',(-1.27,-11.176,2.54));
#5034 = LINE('',#5035,#5036);
#5035 = CARTESIAN_POINT('',(-1.27,-9.144,2.54));
#5036 = VECTOR('',#5037,1.);
#5037 = DIRECTION('',(0.,-1.,0.));
#5038 = ORIENTED_EDGE('',*,*,#5039,.T.);
#5039 = EDGE_CURVE('',#5032,#5040,#5042,.T.);
#5040 = VERTEX_POINT('',#5041);
#5041 = CARTESIAN_POINT('',(-1.016,-11.43,2.54));
#5042 = LINE('',#5043,#5044);
#5043 = CARTESIAN_POINT('',(-1.27,-11.176,2.54));
#5044 = VECTOR('',#5045,1.);
#5045 = DIRECTION('',(0.707106781187,-0.707106781187,0.));
#5046 = ORIENTED_EDGE('',*,*,#5047,.T.);
#5047 = EDGE_CURVE('',#5040,#5048,#5050,.T.);
#5048 = VERTEX_POINT('',#5049);
#5049 = CARTESIAN_POINT('',(-1.27,-11.684,2.54));
#5050 = LINE('',#5051,#5052);
#5051 = CARTESIAN_POINT('',(-1.016,-11.43,2.54));
#5052 = VECTOR('',#5053,1.);
#5053 = DIRECTION('',(-0.707106781187,-0.707106781187,0.));
#5054 = ORIENTED_EDGE('',*,*,#5055,.T.);
#5055 = EDGE_CURVE('',#5048,#5056,#5058,.T.);
#5056 = VERTEX_POINT('',#5057);
#5057 = CARTESIAN_POINT('',(-1.27,-13.716,2.54));
#5058 = LINE('',#5059,#5060);
#5059 = CARTESIAN_POINT('',(-1.27,-11.684,2.54));
#5060 = VECTOR('',#5061,1.);
#5061 = DIRECTION('',(0.,-1.,0.));
#5062 = ORIENTED_EDGE('',*,*,#5063,.T.);
#5063 = EDGE_CURVE('',#5056,#5064,#5066,.T.);
#5064 = VERTEX_POINT('',#5065);
#5065 = CARTESIAN_POINT('',(-1.016,-13.97,2.54));
#5066 = LINE('',#5067,#5068);
#5067 = CARTESIAN_POINT('',(-1.27,-13.716,2.54));
#5068 = VECTOR('',#5069,1.);
#5069 = DIRECTION('',(0.707106781187,-0.707106781187,0.));
#5070 = ORIENTED_EDGE('',*,*,#5071,.T.);
#5071 = EDGE_CURVE('',#5064,#5072,#5074,.T.);
#5072 = VERTEX_POINT('',#5073);
#5073 = CARTESIAN_POINT('',(1.016,-13.97,2.54));
#5074 = LINE('',#5075,#5076);
#5075 = CARTESIAN_POINT('',(-1.016,-13.97,2.54));
#5076 = VECTOR('',#5077,1.);
#5077 = DIRECTION('',(1.,0.,0.));
#5078 = ORIENTED_EDGE('',*,*,#5079,.T.);
#5079 = EDGE_CURVE('',#5072,#5080,#5082,.T.);
#5080 = VERTEX_POINT('',#5081);
#5081 = CARTESIAN_POINT('',(1.27,-13.716,2.54));
#5082 = LINE('',#5083,#5084);
#5083 = CARTESIAN_POINT('',(1.016,-13.97,2.54));
#5084 = VECTOR('',#5085,1.);
#5085 = DIRECTION('',(0.707106781187,0.707106781187,0.));
#5086 = ORIENTED_EDGE('',*,*,#5087,.T.);
#5087 = EDGE_CURVE('',#5080,#5088,#5090,.T.);
#5088 = VERTEX_POINT('',#5089);
#5089 = CARTESIAN_POINT('',(1.27,-11.684,2.54));
#5090 = LINE('',#5091,#5092);
#5091 = CARTESIAN_POINT('',(1.27,-13.716,2.54));
#5092 = VECTOR('',#5093,1.);
#5093 = DIRECTION('',(0.,1.,0.));
#5094 = ORIENTED_EDGE('',*,*,#5095,.T.);
#5095 = EDGE_CURVE('',#5088,#5096,#5098,.T.);
#5096 = VERTEX_POINT('',#5097);
#5097 = CARTESIAN_POINT('',(1.016,-11.43,2.54));
#5098 = LINE('',#5099,#5100);
#5099 = CARTESIAN_POINT('',(1.27,-11.684,2.54));
#5100 = VECTOR('',#5101,1.);
#5101 = DIRECTION('',(-0.707106781187,0.707106781187,0.));
#5102 = ORIENTED_EDGE('',*,*,#5103,.T.);
#5103 = EDGE_CURVE('',#5096,#5104,#5106,.T.);
#5104 = VERTEX_POINT('',#5105);
#5105 = CARTESIAN_POINT('',(1.27,-11.176,2.54));
#5106 = LINE('',#5107,#5108);
#5107 = CARTESIAN_POINT('',(1.016,-11.43,2.54));
#5108 = VECTOR('',#5109,1.);
#5109 = DIRECTION('',(0.707106781187,0.707106781187,0.));
#5110 = ORIENTED_EDGE('',*,*,#5111,.T.);
#5111 = EDGE_CURVE('',#5104,#5112,#5114,.T.);
#5112 = VERTEX_POINT('',#5113);
#5113 = CARTESIAN_POINT('',(1.27,-9.144,2.54));
#5114 = LINE('',#5115,#5116);
#5115 = CARTESIAN_POINT('',(1.27,-11.176,2.54));
#5116 = VECTOR('',#5117,1.);
#5117 = DIRECTION('',(0.,1.,0.));
#5118 = ORIENTED_EDGE('',*,*,#5119,.T.);
#5119 = EDGE_CURVE('',#5112,#5120,#5122,.T.);
#5120 = VERTEX_POINT('',#5121);
#5121 = CARTESIAN_POINT('',(1.016,-8.89,2.54));
#5122 = LINE('',#5123,#5124);
#5123 = CARTESIAN_POINT('',(1.27,-9.144,2.54));
#5124 = VECTOR('',#5125,1.);
#5125 = DIRECTION('',(-0.707106781187,0.707106781187,0.));
#5126 = ORIENTED_EDGE('',*,*,#5127,.T.);
#5127 = EDGE_CURVE('',#5120,#5128,#5130,.T.);
#5128 = VERTEX_POINT('',#5129);
#5129 = CARTESIAN_POINT('',(1.27,-8.636,2.54));
#5130 = LINE('',#5131,#5132);
#5131 = CARTESIAN_POINT('',(1.016,-8.89,2.54));
#5132 = VECTOR('',#5133,1.);
#5133 = DIRECTION('',(0.707106781187,0.707106781187,0.));
#5134 = ORIENTED_EDGE('',*,*,#5135,.T.);
#5135 = EDGE_CURVE('',#5128,#5136,#5138,.T.);
#5136 = VERTEX_POINT('',#5137);
#5137 = CARTESIAN_POINT('',(1.27,-6.604,2.54));
#5138 = LINE('',#5139,#5140);
#5139 = CARTESIAN_POINT('',(1.27,-8.636,2.54));
#5140 = VECTOR('',#5141,1.);
#5141 = DIRECTION('',(0.,1.,0.));
#5142 = ORIENTED_EDGE('',*,*,#5143,.T.);
#5143 = EDGE_CURVE('',#5136,#5144,#5146,.T.);
#5144 = VERTEX_POINT('',#5145);
#5145 = CARTESIAN_POINT('',(1.016,-6.35,2.54));
#5146 = LINE('',#5147,#5148);
#5147 = CARTESIAN_POINT('',(1.27,-6.604,2.54));
#5148 = VECTOR('',#5149,1.);
#5149 = DIRECTION('',(-0.707106781187,0.707106781187,0.));
#5150 = ORIENTED_EDGE('',*,*,#5151,.T.);
#5151 = EDGE_CURVE('',#5144,#5152,#5154,.T.);
#5152 = VERTEX_POINT('',#5153);
#5153 = CARTESIAN_POINT('',(1.27,-6.096,2.54));
#5154 = LINE('',#5155,#5156);
#5155 = CARTESIAN_POINT('',(1.016,-6.35,2.54));
#5156 = VECTOR('',#5157,1.);
#5157 = DIRECTION('',(0.707106781187,0.707106781187,0.));
#5158 = ORIENTED_EDGE('',*,*,#5159,.T.);
#5159 = EDGE_CURVE('',#5152,#5160,#5162,.T.);
#5160 = VERTEX_POINT('',#5161);
#5161 = CARTESIAN_POINT('',(1.27,-4.064,2.54));
#5162 = LINE('',#5163,#5164);
#5163 = CARTESIAN_POINT('',(1.27,-6.096,2.54));
#5164 = VECTOR('',#5165,1.);
#5165 = DIRECTION('',(0.,1.,0.));
#5166 = ORIENTED_EDGE('',*,*,#5167,.T.);
#5167 = EDGE_CURVE('',#5160,#5168,#5170,.T.);
#5168 = VERTEX_POINT('',#5169);
#5169 = CARTESIAN_POINT('',(1.016,-3.81,2.54));
#5170 = LINE('',#5171,#5172);
#5171 = CARTESIAN_POINT('',(1.27,-4.064,2.54));
#5172 = VECTOR('',#5173,1.);
#5173 = DIRECTION('',(-0.707106781187,0.707106781187,0.));
#5174 = ORIENTED_EDGE('',*,*,#5175,.T.);
#5175 = EDGE_CURVE('',#5168,#5176,#5178,.T.);
#5176 = VERTEX_POINT('',#5177);
#5177 = CARTESIAN_POINT('',(1.27,-3.556,2.54));
#5178 = LINE('',#5179,#5180);
#5179 = CARTESIAN_POINT('',(1.016,-3.81,2.54));
#5180 = VECTOR('',#5181,1.);
#5181 = DIRECTION('',(0.707106781187,0.707106781187,0.));
#5182 = ORIENTED_EDGE('',*,*,#5183,.T.);
#5183 = EDGE_CURVE('',#5176,#5184,#5186,.T.);
#5184 = VERTEX_POINT('',#5185);
#5185 = CARTESIAN_POINT('',(1.27,-1.524,2.54));
#5186 = LINE('',#5187,#5188);
#5187 = CARTESIAN_POINT('',(1.27,-3.556,2.54));
#5188 = VECTOR('',#5189,1.);
#5189 = DIRECTION('',(0.,1.,0.));
#5190 = ORIENTED_EDGE('',*,*,#5191,.T.);
#5191 = EDGE_CURVE('',#5184,#5192,#5194,.T.);
#5192 = VERTEX_POINT('',#5193);
#5193 = CARTESIAN_POINT('',(1.016,-1.27,2.54));
#5194 = LINE('',#5195,#5196);
#5195 = CARTESIAN_POINT('',(1.27,-1.524,2.54));
#5196 = VECTOR('',#5197,1.);
#5197 = DIRECTION('',(-0.707106781187,0.707106781187,0.));
#5198 = ORIENTED_EDGE('',*,*,#5199,.T.);
#5199 = EDGE_CURVE('',#5192,#5200,#5202,.T.);
#5200 = VERTEX_POINT('',#5201);
#5201 = CARTESIAN_POINT('',(1.27,-1.016,2.54));
#5202 = LINE('',#5203,#5204);
#5203 = CARTESIAN_POINT('',(1.016,-1.27,2.54));
#5204 = VECTOR('',#5205,1.);
#5205 = DIRECTION('',(0.707106781187,0.707106781187,0.));
#5206 = ORIENTED_EDGE('',*,*,#5207,.T.);
#5207 = EDGE_CURVE('',#5200,#5208,#5210,.T.);
#5208 = VERTEX_POINT('',#5209);
#5209 = CARTESIAN_POINT('',(1.27,1.016,2.54));
#5210 = LINE('',#5211,#5212);
#5211 = CARTESIAN_POINT('',(1.27,-1.016,2.54));
#5212 = VECTOR('',#5213,1.);
#5213 = DIRECTION('',(0.,1.,0.));
#5214 = ORIENTED_EDGE('',*,*,#5215,.T.);
#5215 = EDGE_CURVE('',#5208,#4389,#5216,.T.);
#5216 = LINE('',#5217,#5218);
#5217 = CARTESIAN_POINT('',(1.27,1.016,2.54));
#5218 = VECTOR('',#5219,1.);
#5219 = DIRECTION('',(-0.707106781187,0.707106781187,0.));
#5220 = ORIENTED_EDGE('',*,*,#4396,.T.);
#5221 = FACE_BOUND('',#5222,.T.);
#5222 = EDGE_LOOP('',(#5223,#5233,#5241,#5249));
#5223 = ORIENTED_EDGE('',*,*,#5224,.F.);
#5224 = EDGE_CURVE('',#5225,#5227,#5229,.T.);
#5225 = VERTEX_POINT('',#5226);
#5226 = CARTESIAN_POINT('',(0.32,-0.32,2.54));
#5227 = VERTEX_POINT('',#5228);
#5228 = CARTESIAN_POINT('',(0.32,0.32,2.54));
#5229 = LINE('',#5230,#5231);
#5230 = CARTESIAN_POINT('',(0.32,-3.335,2.54));
#5231 = VECTOR('',#5232,1.);
#5232 = DIRECTION('',(0.,1.,0.));
#5233 = ORIENTED_EDGE('',*,*,#5234,.T.);
#5234 = EDGE_CURVE('',#5225,#5235,#5237,.T.);
#5235 = VERTEX_POINT('',#5236);
#5236 = CARTESIAN_POINT('',(-0.32,-0.32,2.54));
#5237 = LINE('',#5238,#5239);
#5238 = CARTESIAN_POINT('',(-0.16,-0.32,2.54));
#5239 = VECTOR('',#5240,1.);
#5240 = DIRECTION('',(-1.,0.,0.));
#5241 = ORIENTED_EDGE('',*,*,#5242,.T.);
#5242 = EDGE_CURVE('',#5235,#5243,#5245,.T.);
#5243 = VERTEX_POINT('',#5244);
#5244 = CARTESIAN_POINT('',(-0.32,0.32,2.54));
#5245 = LINE('',#5246,#5247);
#5246 = CARTESIAN_POINT('',(-0.32,-3.335,2.54));
#5247 = VECTOR('',#5248,1.);
#5248 = DIRECTION('',(0.,1.,0.));
#5249 = ORIENTED_EDGE('',*,*,#5250,.F.);
#5250 = EDGE_CURVE('',#5227,#5243,#5251,.T.);
#5251 = LINE('',#5252,#5253);
#5252 = CARTESIAN_POINT('',(-0.16,0.32,2.54));
#5253 = VECTOR('',#5254,1.);
#5254 = DIRECTION('',(-1.,0.,0.));
#5255 = FACE_BOUND('',#5256,.T.);
#5256 = EDGE_LOOP('',(#5257,#5267,#5275,#5283));
#5257 = ORIENTED_EDGE('',*,*,#5258,.F.);
#5258 = EDGE_CURVE('',#5259,#5261,#5263,.T.);
#5259 = VERTEX_POINT('',#5260);
#5260 = CARTESIAN_POINT('',(0.32,-5.4,2.54));
#5261 = VERTEX_POINT('',#5262);
#5262 = CARTESIAN_POINT('',(0.32,-4.76,2.54));
#5263 = LINE('',#5264,#5265);
#5264 = CARTESIAN_POINT('',(0.32,-5.875,2.54));
#5265 = VECTOR('',#5266,1.);
#5266 = DIRECTION('',(0.,1.,0.));
#5267 = ORIENTED_EDGE('',*,*,#5268,.T.);
#5268 = EDGE_CURVE('',#5259,#5269,#5271,.T.);
#5269 = VERTEX_POINT('',#5270);
#5270 = CARTESIAN_POINT('',(-0.32,-5.4,2.54));
#5271 = LINE('',#5272,#5273);
#5272 = CARTESIAN_POINT('',(-0.16,-5.4,2.54));
#5273 = VECTOR('',#5274,1.);
#5274 = DIRECTION('',(-1.,0.,0.));
#5275 = ORIENTED_EDGE('',*,*,#5276,.T.);
#5276 = EDGE_CURVE('',#5269,#5277,#5279,.T.);
#5277 = VERTEX_POINT('',#5278);
#5278 = CARTESIAN_POINT('',(-0.32,-4.76,2.54));
#5279 = LINE('',#5280,#5281);
#5280 = CARTESIAN_POINT('',(-0.32,-5.875,2.54));
#5281 = VECTOR('',#5282,1.);
#5282 = DIRECTION('',(0.,1.,0.));
#5283 = ORIENTED_EDGE('',*,*,#5284,.F.);
#5284 = EDGE_CURVE('',#5261,#5277,#5285,.T.);
#5285 = LINE('',#5286,#5287);
#5286 = CARTESIAN_POINT('',(-0.16,-4.76,2.54));
#5287 = VECTOR('',#5288,1.);
#5288 = DIRECTION('',(-1.,0.,0.));
#5289 = FACE_BOUND('',#5290,.T.);
#5290 = EDGE_LOOP('',(#5291,#5301,#5309,#5317));
#5291 = ORIENTED_EDGE('',*,*,#5292,.F.);
#5292 = EDGE_CURVE('',#5293,#5295,#5297,.T.);
#5293 = VERTEX_POINT('',#5294);
#5294 = CARTESIAN_POINT('',(0.32,-2.86,2.54));
#5295 = VERTEX_POINT('',#5296);
#5296 = CARTESIAN_POINT('',(0.32,-2.22,2.54));
#5297 = LINE('',#5298,#5299);
#5298 = CARTESIAN_POINT('',(0.32,-4.605,2.54));
#5299 = VECTOR('',#5300,1.);
#5300 = DIRECTION('',(0.,1.,0.));
#5301 = ORIENTED_EDGE('',*,*,#5302,.T.);
#5302 = EDGE_CURVE('',#5293,#5303,#5305,.T.);
#5303 = VERTEX_POINT('',#5304);
#5304 = CARTESIAN_POINT('',(-0.32,-2.86,2.54));
#5305 = LINE('',#5306,#5307);
#5306 = CARTESIAN_POINT('',(-0.16,-2.86,2.54));
#5307 = VECTOR('',#5308,1.);
#5308 = DIRECTION('',(-1.,0.,0.));
#5309 = ORIENTED_EDGE('',*,*,#5310,.T.);
#5310 = EDGE_CURVE('',#5303,#5311,#5313,.T.);
#5311 = VERTEX_POINT('',#5312);
#5312 = CARTESIAN_POINT('',(-0.32,-2.22,2.54));
#5313 = LINE('',#5314,#5315);
#5314 = CARTESIAN_POINT('',(-0.32,-4.605,2.54));
#5315 = VECTOR('',#5316,1.);
#5316 = DIRECTION('',(0.,1.,0.));
#5317 = ORIENTED_EDGE('',*,*,#5318,.F.);
#5318 = EDGE_CURVE('',#5295,#5311,#5319,.T.);
#5319 = LINE('',#5320,#5321);
#5320 = CARTESIAN_POINT('',(-0.16,-2.22,2.54));
#5321 = VECTOR('',#5322,1.);
#5322 = DIRECTION('',(-1.,0.,0.));
#5323 = FACE_BOUND('',#5324,.T.);
#5324 = EDGE_LOOP('',(#5325,#5335,#5343,#5351));
#5325 = ORIENTED_EDGE('',*,*,#5326,.T.);
#5326 = EDGE_CURVE('',#5327,#5329,#5331,.T.);
#5327 = VERTEX_POINT('',#5328);
#5328 = CARTESIAN_POINT('',(0.32,-13.02,2.54));
#5329 = VERTEX_POINT('',#5330);
#5330 = CARTESIAN_POINT('',(-0.32,-13.02,2.54));
#5331 = LINE('',#5332,#5333);
#5332 = CARTESIAN_POINT('',(-0.16,-13.02,2.54));
#5333 = VECTOR('',#5334,1.);
#5334 = DIRECTION('',(-1.,0.,0.));
#5335 = ORIENTED_EDGE('',*,*,#5336,.T.);
#5336 = EDGE_CURVE('',#5329,#5337,#5339,.T.);
#5337 = VERTEX_POINT('',#5338);
#5338 = CARTESIAN_POINT('',(-0.32,-12.38,2.54));
#5339 = LINE('',#5340,#5341);
#5340 = CARTESIAN_POINT('',(-0.32,-9.685,2.54));
#5341 = VECTOR('',#5342,1.);
#5342 = DIRECTION('',(0.,1.,0.));
#5343 = ORIENTED_EDGE('',*,*,#5344,.F.);
#5344 = EDGE_CURVE('',#5345,#5337,#5347,.T.);
#5345 = VERTEX_POINT('',#5346);
#5346 = CARTESIAN_POINT('',(0.32,-12.38,2.54));
#5347 = LINE('',#5348,#5349);
#5348 = CARTESIAN_POINT('',(-0.16,-12.38,2.54));
#5349 = VECTOR('',#5350,1.);
#5350 = DIRECTION('',(-1.,0.,0.));
#5351 = ORIENTED_EDGE('',*,*,#5352,.F.);
#5352 = EDGE_CURVE('',#5327,#5345,#5353,.T.);
#5353 = LINE('',#5354,#5355);
#5354 = CARTESIAN_POINT('',(0.32,-9.685,2.54));
#5355 = VECTOR('',#5356,1.);
#5356 = DIRECTION('',(0.,1.,0.));
#5357 = FACE_BOUND('',#5358,.T.);
#5358 = EDGE_LOOP('',(#5359,#5369,#5377,#5385));
#5359 = ORIENTED_EDGE('',*,*,#5360,.F.);
#5360 = EDGE_CURVE('',#5361,#5363,#5365,.T.);
#5361 = VERTEX_POINT('',#5362);
#5362 = CARTESIAN_POINT('',(0.32,-9.84,2.54));
#5363 = VERTEX_POINT('',#5364);
#5364 = CARTESIAN_POINT('',(-0.32,-9.84,2.54));
#5365 = LINE('',#5366,#5367);
#5366 = CARTESIAN_POINT('',(-0.16,-9.84,2.54));
#5367 = VECTOR('',#5368,1.);
#5368 = DIRECTION('',(-1.,0.,0.));
#5369 = ORIENTED_EDGE('',*,*,#5370,.F.);
#5370 = EDGE_CURVE('',#5371,#5361,#5373,.T.);
#5371 = VERTEX_POINT('',#5372);
#5372 = CARTESIAN_POINT('',(0.32,-10.48,2.54));
#5373 = LINE('',#5374,#5375);
#5374 = CARTESIAN_POINT('',(0.32,-8.415,2.54));
#5375 = VECTOR('',#5376,1.);
#5376 = DIRECTION('',(0.,1.,0.));
#5377 = ORIENTED_EDGE('',*,*,#5378,.T.);
#5378 = EDGE_CURVE('',#5371,#5379,#5381,.T.);
#5379 = VERTEX_POINT('',#5380);
#5380 = CARTESIAN_POINT('',(-0.32,-10.48,2.54));
#5381 = LINE('',#5382,#5383);
#5382 = CARTESIAN_POINT('',(-0.16,-10.48,2.54));
#5383 = VECTOR('',#5384,1.);
#5384 = DIRECTION('',(-1.,0.,0.));
#5385 = ORIENTED_EDGE('',*,*,#5386,.T.);
#5386 = EDGE_CURVE('',#5379,#5363,#5387,.T.);
#5387 = LINE('',#5388,#5389);
#5388 = CARTESIAN_POINT('',(-0.32,-8.415,2.54));
#5389 = VECTOR('',#5390,1.);
#5390 = DIRECTION('',(0.,1.,0.));
#5391 = FACE_BOUND('',#5392,.T.);
#5392 = EDGE_LOOP('',(#5393,#5403,#5411,#5419));
#5393 = ORIENTED_EDGE('',*,*,#5394,.T.);
#5394 = EDGE_CURVE('',#5395,#5397,#5399,.T.);
#5395 = VERTEX_POINT('',#5396);
#5396 = CARTESIAN_POINT('',(0.32,-7.94,2.54));
#5397 = VERTEX_POINT('',#5398);
#5398 = CARTESIAN_POINT('',(-0.32,-7.94,2.54));
#5399 = LINE('',#5400,#5401);
#5400 = CARTESIAN_POINT('',(-0.16,-7.94,2.54));
#5401 = VECTOR('',#5402,1.);
#5402 = DIRECTION('',(-1.,0.,0.));
#5403 = ORIENTED_EDGE('',*,*,#5404,.T.);
#5404 = EDGE_CURVE('',#5397,#5405,#5407,.T.);
#5405 = VERTEX_POINT('',#5406);
#5406 = CARTESIAN_POINT('',(-0.32,-7.3,2.54));
#5407 = LINE('',#5408,#5409);
#5408 = CARTESIAN_POINT('',(-0.32,-7.145,2.54));
#5409 = VECTOR('',#5410,1.);
#5410 = DIRECTION('',(0.,1.,0.));
#5411 = ORIENTED_EDGE('',*,*,#5412,.F.);
#5412 = EDGE_CURVE('',#5413,#5405,#5415,.T.);
#5413 = VERTEX_POINT('',#5414);
#5414 = CARTESIAN_POINT('',(0.32,-7.3,2.54));
#5415 = LINE('',#5416,#5417);
#5416 = CARTESIAN_POINT('',(-0.16,-7.3,2.54));
#5417 = VECTOR('',#5418,1.);
#5418 = DIRECTION('',(-1.,0.,0.));
#5419 = ORIENTED_EDGE('',*,*,#5420,.F.);
#5420 = EDGE_CURVE('',#5395,#5413,#5421,.T.);
#5421 = LINE('',#5422,#5423);
#5422 = CARTESIAN_POINT('',(0.32,-7.145,2.54));
#5423 = VECTOR('',#5424,1.);
#5424 = DIRECTION('',(0.,1.,0.));
#5425 = PLANE('',#5426);
#5426 = AXIS2_PLACEMENT_3D('',#5427,#5428,#5429);
#5427 = CARTESIAN_POINT('',(-1.797008255889E-17,-6.35,2.54));
#5428 = DIRECTION('',(0.,0.,1.));
#5429 = DIRECTION('',(1.,0.,-0.));
#5430 = ADVANCED_FACE('',(#5431),#5442,.F.);
#5431 = FACE_BOUND('',#5432,.F.);
#5432 = EDGE_LOOP('',(#5433,#5439,#5440,#5441));
#5433 = ORIENTED_EDGE('',*,*,#5434,.T.);
#5434 = EDGE_CURVE('',#4715,#5208,#5435,.T.);
#5435 = LINE('',#5436,#5437);
#5436 = CARTESIAN_POINT('',(1.27,1.016,0.));
#5437 = VECTOR('',#5438,1.);
#5438 = DIRECTION('',(0.,0.,1.));
#5439 = ORIENTED_EDGE('',*,*,#5215,.T.);
#5440 = ORIENTED_EDGE('',*,*,#4386,.F.);
#5441 = ORIENTED_EDGE('',*,*,#4722,.F.);
#5442 = PLANE('',#5443);
#5443 = AXIS2_PLACEMENT_3D('',#5444,#5445,#5446);
#5444 = CARTESIAN_POINT('',(1.27,1.016,0.));
#5445 = DIRECTION('',(-0.707106781187,-0.707106781187,0.));
#5446 = DIRECTION('',(-0.707106781187,0.707106781187,0.));
#5447 = ADVANCED_FACE('',(#5448),#5459,.F.);
#5448 = FACE_BOUND('',#5449,.F.);
#5449 = EDGE_LOOP('',(#5450,#5451,#5452,#5458));
#5450 = ORIENTED_EDGE('',*,*,#4426,.T.);
#5451 = ORIENTED_EDGE('',*,*,#4943,.T.);
#5452 = ORIENTED_EDGE('',*,*,#5453,.F.);
#5453 = EDGE_CURVE('',#4451,#4944,#5454,.T.);
#5454 = LINE('',#5455,#5456);
#5455 = CARTESIAN_POINT('',(-1.016,-1.27,0.));
#5456 = VECTOR('',#5457,1.);
#5457 = DIRECTION('',(0.,0.,1.));
#5458 = ORIENTED_EDGE('',*,*,#4450,.F.);
#5459 = PLANE('',#5460);
#5460 = AXIS2_PLACEMENT_3D('',#5461,#5462,#5463);
#5461 = CARTESIAN_POINT('',(-1.27,-1.016,0.));
#5462 = DIRECTION('',(0.707106781187,0.707106781187,0.));
#5463 = DIRECTION('',(0.707106781187,-0.707106781187,0.));
#5464 = ADVANCED_FACE('',(#5465),#5476,.F.);
#5465 = FACE_BOUND('',#5466,.F.);
#5466 = EDGE_LOOP('',(#5467,#5473,#5474,#5475));
#5467 = ORIENTED_EDGE('',*,*,#5468,.T.);
#5468 = EDGE_CURVE('',#4707,#5200,#5469,.T.);
#5469 = LINE('',#5470,#5471);
#5470 = CARTESIAN_POINT('',(1.27,-1.016,0.));
#5471 = VECTOR('',#5472,1.);
#5472 = DIRECTION('',(0.,0.,1.));
#5473 = ORIENTED_EDGE('',*,*,#5207,.T.);
#5474 = ORIENTED_EDGE('',*,*,#5434,.F.);
#5475 = ORIENTED_EDGE('',*,*,#4714,.F.);
#5476 = PLANE('',#5477);
#5477 = AXIS2_PLACEMENT_3D('',#5478,#5479,#5480);
#5478 = CARTESIAN_POINT('',(1.27,-1.016,0.));
#5479 = DIRECTION('',(-1.,0.,0.));
#5480 = DIRECTION('',(0.,1.,0.));
#5481 = ADVANCED_FACE('',(#5482),#5493,.F.);
#5482 = FACE_BOUND('',#5483,.F.);
#5483 = EDGE_LOOP('',(#5484,#5485,#5486,#5492));
#5484 = ORIENTED_EDGE('',*,*,#5453,.T.);
#5485 = ORIENTED_EDGE('',*,*,#4951,.T.);
#5486 = ORIENTED_EDGE('',*,*,#5487,.F.);
#5487 = EDGE_CURVE('',#4459,#4952,#5488,.T.);
#5488 = LINE('',#5489,#5490);
#5489 = CARTESIAN_POINT('',(-1.27,-1.524,0.));
#5490 = VECTOR('',#5491,1.);
#5491 = DIRECTION('',(0.,0.,1.));
#5492 = ORIENTED_EDGE('',*,*,#4458,.F.);
#5493 = PLANE('',#5494);
#5494 = AXIS2_PLACEMENT_3D('',#5495,#5496,#5497);
#5495 = CARTESIAN_POINT('',(-1.016,-1.27,0.));
#5496 = DIRECTION('',(0.707106781187,-0.707106781187,0.));
#5497 = DIRECTION('',(-0.707106781187,-0.707106781187,0.));
#5498 = ADVANCED_FACE('',(#5499),#5510,.F.);
#5499 = FACE_BOUND('',#5500,.F.);
#5500 = EDGE_LOOP('',(#5501,#5507,#5508,#5509));
#5501 = ORIENTED_EDGE('',*,*,#5502,.T.);
#5502 = EDGE_CURVE('',#4699,#5192,#5503,.T.);
#5503 = LINE('',#5504,#5505);
#5504 = CARTESIAN_POINT('',(1.016,-1.27,0.));
#5505 = VECTOR('',#5506,1.);
#5506 = DIRECTION('',(0.,0.,1.));
#5507 = ORIENTED_EDGE('',*,*,#5199,.T.);
#5508 = ORIENTED_EDGE('',*,*,#5468,.F.);
#5509 = ORIENTED_EDGE('',*,*,#4706,.F.);
#5510 = PLANE('',#5511);
#5511 = AXIS2_PLACEMENT_3D('',#5512,#5513,#5514);
#5512 = CARTESIAN_POINT('',(1.016,-1.27,0.));
#5513 = DIRECTION('',(-0.707106781187,0.707106781187,0.));
#5514 = DIRECTION('',(0.707106781187,0.707106781187,0.));
#5515 = ADVANCED_FACE('',(#5516),#5527,.F.);
#5516 = FACE_BOUND('',#5517,.F.);
#5517 = EDGE_LOOP('',(#5518,#5519,#5520,#5526));
#5518 = ORIENTED_EDGE('',*,*,#5487,.T.);
#5519 = ORIENTED_EDGE('',*,*,#4959,.T.);
#5520 = ORIENTED_EDGE('',*,*,#5521,.F.);
#5521 = EDGE_CURVE('',#4467,#4960,#5522,.T.);
#5522 = LINE('',#5523,#5524);
#5523 = CARTESIAN_POINT('',(-1.27,-3.556,0.));
#5524 = VECTOR('',#5525,1.);
#5525 = DIRECTION('',(0.,0.,1.));
#5526 = ORIENTED_EDGE('',*,*,#4466,.F.);
#5527 = PLANE('',#5528);
#5528 = AXIS2_PLACEMENT_3D('',#5529,#5530,#5531);
#5529 = CARTESIAN_POINT('',(-1.27,-1.524,0.));
#5530 = DIRECTION('',(1.,0.,0.));
#5531 = DIRECTION('',(0.,-1.,0.));
#5532 = ADVANCED_FACE('',(#5533),#5544,.F.);
#5533 = FACE_BOUND('',#5534,.F.);
#5534 = EDGE_LOOP('',(#5535,#5541,#5542,#5543));
#5535 = ORIENTED_EDGE('',*,*,#5536,.T.);
#5536 = EDGE_CURVE('',#4691,#5184,#5537,.T.);
#5537 = LINE('',#5538,#5539);
#5538 = CARTESIAN_POINT('',(1.27,-1.524,0.));
#5539 = VECTOR('',#5540,1.);
#5540 = DIRECTION('',(0.,0.,1.));
#5541 = ORIENTED_EDGE('',*,*,#5191,.T.);
#5542 = ORIENTED_EDGE('',*,*,#5502,.F.);
#5543 = ORIENTED_EDGE('',*,*,#4698,.F.);
#5544 = PLANE('',#5545);
#5545 = AXIS2_PLACEMENT_3D('',#5546,#5547,#5548);
#5546 = CARTESIAN_POINT('',(1.27,-1.524,0.));
#5547 = DIRECTION('',(-0.707106781187,-0.707106781187,0.));
#5548 = DIRECTION('',(-0.707106781187,0.707106781187,0.));
#5549 = ADVANCED_FACE('',(#5550),#5561,.F.);
#5550 = FACE_BOUND('',#5551,.F.);
#5551 = EDGE_LOOP('',(#5552,#5553,#5554,#5560));
#5552 = ORIENTED_EDGE('',*,*,#5521,.T.);
#5553 = ORIENTED_EDGE('',*,*,#4967,.T.);
#5554 = ORIENTED_EDGE('',*,*,#5555,.F.);
#5555 = EDGE_CURVE('',#4475,#4968,#5556,.T.);
#5556 = LINE('',#5557,#5558);
#5557 = CARTESIAN_POINT('',(-1.016,-3.81,0.));
#5558 = VECTOR('',#5559,1.);
#5559 = DIRECTION('',(0.,0.,1.));
#5560 = ORIENTED_EDGE('',*,*,#4474,.F.);
#5561 = PLANE('',#5562);
#5562 = AXIS2_PLACEMENT_3D('',#5563,#5564,#5565);
#5563 = CARTESIAN_POINT('',(-1.27,-3.556,0.));
#5564 = DIRECTION('',(0.707106781187,0.707106781187,0.));
#5565 = DIRECTION('',(0.707106781187,-0.707106781187,0.));
#5566 = ADVANCED_FACE('',(#5567),#5578,.F.);
#5567 = FACE_BOUND('',#5568,.F.);
#5568 = EDGE_LOOP('',(#5569,#5575,#5576,#5577));
#5569 = ORIENTED_EDGE('',*,*,#5570,.T.);
#5570 = EDGE_CURVE('',#4683,#5176,#5571,.T.);
#5571 = LINE('',#5572,#5573);
#5572 = CARTESIAN_POINT('',(1.27,-3.556,0.));
#5573 = VECTOR('',#5574,1.);
#5574 = DIRECTION('',(0.,0.,1.));
#5575 = ORIENTED_EDGE('',*,*,#5183,.T.);
#5576 = ORIENTED_EDGE('',*,*,#5536,.F.);
#5577 = ORIENTED_EDGE('',*,*,#4690,.F.);
#5578 = PLANE('',#5579);
#5579 = AXIS2_PLACEMENT_3D('',#5580,#5581,#5582);
#5580 = CARTESIAN_POINT('',(1.27,-3.556,0.));
#5581 = DIRECTION('',(-1.,0.,0.));
#5582 = DIRECTION('',(0.,1.,0.));
#5583 = ADVANCED_FACE('',(#5584),#5595,.F.);
#5584 = FACE_BOUND('',#5585,.F.);
#5585 = EDGE_LOOP('',(#5586,#5587,#5588,#5594));
#5586 = ORIENTED_EDGE('',*,*,#5555,.T.);
#5587 = ORIENTED_EDGE('',*,*,#4975,.T.);
#5588 = ORIENTED_EDGE('',*,*,#5589,.F.);
#5589 = EDGE_CURVE('',#4483,#4976,#5590,.T.);
#5590 = LINE('',#5591,#5592);
#5591 = CARTESIAN_POINT('',(-1.27,-4.064,0.));
#5592 = VECTOR('',#5593,1.);
#5593 = DIRECTION('',(0.,0.,1.));
#5594 = ORIENTED_EDGE('',*,*,#4482,.F.);
#5595 = PLANE('',#5596);
#5596 = AXIS2_PLACEMENT_3D('',#5597,#5598,#5599);
#5597 = CARTESIAN_POINT('',(-1.016,-3.81,0.));
#5598 = DIRECTION('',(0.707106781187,-0.707106781187,0.));
#5599 = DIRECTION('',(-0.707106781187,-0.707106781187,0.));
#5600 = ADVANCED_FACE('',(#5601),#5612,.F.);
#5601 = FACE_BOUND('',#5602,.F.);
#5602 = EDGE_LOOP('',(#5603,#5609,#5610,#5611));
#5603 = ORIENTED_EDGE('',*,*,#5604,.T.);
#5604 = EDGE_CURVE('',#4675,#5168,#5605,.T.);
#5605 = LINE('',#5606,#5607);
#5606 = CARTESIAN_POINT('',(1.016,-3.81,0.));
#5607 = VECTOR('',#5608,1.);
#5608 = DIRECTION('',(0.,0.,1.));
#5609 = ORIENTED_EDGE('',*,*,#5175,.T.);
#5610 = ORIENTED_EDGE('',*,*,#5570,.F.);
#5611 = ORIENTED_EDGE('',*,*,#4682,.F.);
#5612 = PLANE('',#5613);
#5613 = AXIS2_PLACEMENT_3D('',#5614,#5615,#5616);
#5614 = CARTESIAN_POINT('',(1.016,-3.81,0.));
#5615 = DIRECTION('',(-0.707106781187,0.707106781187,0.));
#5616 = DIRECTION('',(0.707106781187,0.707106781187,0.));
#5617 = ADVANCED_FACE('',(#5618),#5629,.F.);
#5618 = FACE_BOUND('',#5619,.F.);
#5619 = EDGE_LOOP('',(#5620,#5621,#5622,#5628));
#5620 = ORIENTED_EDGE('',*,*,#5589,.T.);
#5621 = ORIENTED_EDGE('',*,*,#4983,.T.);
#5622 = ORIENTED_EDGE('',*,*,#5623,.F.);
#5623 = EDGE_CURVE('',#4491,#4984,#5624,.T.);
#5624 = LINE('',#5625,#5626);
#5625 = CARTESIAN_POINT('',(-1.27,-6.096,0.));
#5626 = VECTOR('',#5627,1.);
#5627 = DIRECTION('',(0.,0.,1.));
#5628 = ORIENTED_EDGE('',*,*,#4490,.F.);
#5629 = PLANE('',#5630);
#5630 = AXIS2_PLACEMENT_3D('',#5631,#5632,#5633);
#5631 = CARTESIAN_POINT('',(-1.27,-4.064,0.));
#5632 = DIRECTION('',(1.,0.,0.));
#5633 = DIRECTION('',(0.,-1.,0.));
#5634 = ADVANCED_FACE('',(#5635),#5646,.F.);
#5635 = FACE_BOUND('',#5636,.F.);
#5636 = EDGE_LOOP('',(#5637,#5643,#5644,#5645));
#5637 = ORIENTED_EDGE('',*,*,#5638,.T.);
#5638 = EDGE_CURVE('',#4667,#5160,#5639,.T.);
#5639 = LINE('',#5640,#5641);
#5640 = CARTESIAN_POINT('',(1.27,-4.064,0.));
#5641 = VECTOR('',#5642,1.);
#5642 = DIRECTION('',(0.,0.,1.));
#5643 = ORIENTED_EDGE('',*,*,#5167,.T.);
#5644 = ORIENTED_EDGE('',*,*,#5604,.F.);
#5645 = ORIENTED_EDGE('',*,*,#4674,.F.);
#5646 = PLANE('',#5647);
#5647 = AXIS2_PLACEMENT_3D('',#5648,#5649,#5650);
#5648 = CARTESIAN_POINT('',(1.27,-4.064,0.));
#5649 = DIRECTION('',(-0.707106781187,-0.707106781187,0.));
#5650 = DIRECTION('',(-0.707106781187,0.707106781187,0.));
#5651 = ADVANCED_FACE('',(#5652),#5663,.F.);
#5652 = FACE_BOUND('',#5653,.F.);
#5653 = EDGE_LOOP('',(#5654,#5655,#5656,#5662));
#5654 = ORIENTED_EDGE('',*,*,#5623,.T.);
#5655 = ORIENTED_EDGE('',*,*,#4991,.T.);
#5656 = ORIENTED_EDGE('',*,*,#5657,.F.);
#5657 = EDGE_CURVE('',#4499,#4992,#5658,.T.);
#5658 = LINE('',#5659,#5660);
#5659 = CARTESIAN_POINT('',(-1.016,-6.35,0.));
#5660 = VECTOR('',#5661,1.);
#5661 = DIRECTION('',(0.,0.,1.));
#5662 = ORIENTED_EDGE('',*,*,#4498,.F.);
#5663 = PLANE('',#5664);
#5664 = AXIS2_PLACEMENT_3D('',#5665,#5666,#5667);
#5665 = CARTESIAN_POINT('',(-1.27,-6.096,0.));
#5666 = DIRECTION('',(0.707106781187,0.707106781187,0.));
#5667 = DIRECTION('',(0.707106781187,-0.707106781187,0.));
#5668 = ADVANCED_FACE('',(#5669),#5680,.F.);
#5669 = FACE_BOUND('',#5670,.F.);
#5670 = EDGE_LOOP('',(#5671,#5677,#5678,#5679));
#5671 = ORIENTED_EDGE('',*,*,#5672,.T.);
#5672 = EDGE_CURVE('',#4659,#5152,#5673,.T.);
#5673 = LINE('',#5674,#5675);
#5674 = CARTESIAN_POINT('',(1.27,-6.096,0.));
#5675 = VECTOR('',#5676,1.);
#5676 = DIRECTION('',(0.,0.,1.));
#5677 = ORIENTED_EDGE('',*,*,#5159,.T.);
#5678 = ORIENTED_EDGE('',*,*,#5638,.F.);
#5679 = ORIENTED_EDGE('',*,*,#4666,.F.);
#5680 = PLANE('',#5681);
#5681 = AXIS2_PLACEMENT_3D('',#5682,#5683,#5684);
#5682 = CARTESIAN_POINT('',(1.27,-6.096,0.));
#5683 = DIRECTION('',(-1.,0.,0.));
#5684 = DIRECTION('',(0.,1.,0.));
#5685 = ADVANCED_FACE('',(#5686),#5697,.F.);
#5686 = FACE_BOUND('',#5687,.F.);
#5687 = EDGE_LOOP('',(#5688,#5689,#5690,#5696));
#5688 = ORIENTED_EDGE('',*,*,#5657,.T.);
#5689 = ORIENTED_EDGE('',*,*,#4999,.T.);
#5690 = ORIENTED_EDGE('',*,*,#5691,.F.);
#5691 = EDGE_CURVE('',#4507,#5000,#5692,.T.);
#5692 = LINE('',#5693,#5694);
#5693 = CARTESIAN_POINT('',(-1.27,-6.604,0.));
#5694 = VECTOR('',#5695,1.);
#5695 = DIRECTION('',(0.,0.,1.));
#5696 = ORIENTED_EDGE('',*,*,#4506,.F.);
#5697 = PLANE('',#5698);
#5698 = AXIS2_PLACEMENT_3D('',#5699,#5700,#5701);
#5699 = CARTESIAN_POINT('',(-1.016,-6.35,0.));
#5700 = DIRECTION('',(0.707106781187,-0.707106781187,0.));
#5701 = DIRECTION('',(-0.707106781187,-0.707106781187,0.));
#5702 = ADVANCED_FACE('',(#5703),#5714,.F.);
#5703 = FACE_BOUND('',#5704,.F.);
#5704 = EDGE_LOOP('',(#5705,#5711,#5712,#5713));
#5705 = ORIENTED_EDGE('',*,*,#5706,.T.);
#5706 = EDGE_CURVE('',#4651,#5144,#5707,.T.);
#5707 = LINE('',#5708,#5709);
#5708 = CARTESIAN_POINT('',(1.016,-6.35,0.));
#5709 = VECTOR('',#5710,1.);
#5710 = DIRECTION('',(0.,0.,1.));
#5711 = ORIENTED_EDGE('',*,*,#5151,.T.);
#5712 = ORIENTED_EDGE('',*,*,#5672,.F.);
#5713 = ORIENTED_EDGE('',*,*,#4658,.F.);
#5714 = PLANE('',#5715);
#5715 = AXIS2_PLACEMENT_3D('',#5716,#5717,#5718);
#5716 = CARTESIAN_POINT('',(1.016,-6.35,0.));
#5717 = DIRECTION('',(-0.707106781187,0.707106781187,0.));
#5718 = DIRECTION('',(0.707106781187,0.707106781187,0.));
#5719 = ADVANCED_FACE('',(#5720),#5731,.F.);
#5720 = FACE_BOUND('',#5721,.F.);
#5721 = EDGE_LOOP('',(#5722,#5723,#5724,#5730));
#5722 = ORIENTED_EDGE('',*,*,#5691,.T.);
#5723 = ORIENTED_EDGE('',*,*,#5007,.T.);
#5724 = ORIENTED_EDGE('',*,*,#5725,.F.);
#5725 = EDGE_CURVE('',#4515,#5008,#5726,.T.);
#5726 = LINE('',#5727,#5728);
#5727 = CARTESIAN_POINT('',(-1.27,-8.636,0.));
#5728 = VECTOR('',#5729,1.);
#5729 = DIRECTION('',(0.,0.,1.));
#5730 = ORIENTED_EDGE('',*,*,#4514,.F.);
#5731 = PLANE('',#5732);
#5732 = AXIS2_PLACEMENT_3D('',#5733,#5734,#5735);
#5733 = CARTESIAN_POINT('',(-1.27,-6.604,0.));
#5734 = DIRECTION('',(1.,0.,0.));
#5735 = DIRECTION('',(0.,-1.,0.));
#5736 = ADVANCED_FACE('',(#5737),#5748,.F.);
#5737 = FACE_BOUND('',#5738,.F.);
#5738 = EDGE_LOOP('',(#5739,#5745,#5746,#5747));
#5739 = ORIENTED_EDGE('',*,*,#5740,.T.);
#5740 = EDGE_CURVE('',#4643,#5136,#5741,.T.);
#5741 = LINE('',#5742,#5743);
#5742 = CARTESIAN_POINT('',(1.27,-6.604,0.));
#5743 = VECTOR('',#5744,1.);
#5744 = DIRECTION('',(0.,0.,1.));
#5745 = ORIENTED_EDGE('',*,*,#5143,.T.);
#5746 = ORIENTED_EDGE('',*,*,#5706,.F.);
#5747 = ORIENTED_EDGE('',*,*,#4650,.F.);
#5748 = PLANE('',#5749);
#5749 = AXIS2_PLACEMENT_3D('',#5750,#5751,#5752);
#5750 = CARTESIAN_POINT('',(1.27,-6.604,0.));
#5751 = DIRECTION('',(-0.707106781187,-0.707106781187,0.));
#5752 = DIRECTION('',(-0.707106781187,0.707106781187,0.));
#5753 = ADVANCED_FACE('',(#5754),#5765,.F.);
#5754 = FACE_BOUND('',#5755,.F.);
#5755 = EDGE_LOOP('',(#5756,#5757,#5758,#5764));
#5756 = ORIENTED_EDGE('',*,*,#5725,.T.);
#5757 = ORIENTED_EDGE('',*,*,#5015,.T.);
#5758 = ORIENTED_EDGE('',*,*,#5759,.F.);
#5759 = EDGE_CURVE('',#4523,#5016,#5760,.T.);
#5760 = LINE('',#5761,#5762);
#5761 = CARTESIAN_POINT('',(-1.016,-8.89,0.));
#5762 = VECTOR('',#5763,1.);
#5763 = DIRECTION('',(0.,0.,1.));
#5764 = ORIENTED_EDGE('',*,*,#4522,.F.);
#5765 = PLANE('',#5766);
#5766 = AXIS2_PLACEMENT_3D('',#5767,#5768,#5769);
#5767 = CARTESIAN_POINT('',(-1.27,-8.636,0.));
#5768 = DIRECTION('',(0.707106781187,0.707106781187,0.));
#5769 = DIRECTION('',(0.707106781187,-0.707106781187,0.));
#5770 = ADVANCED_FACE('',(#5771),#5782,.F.);
#5771 = FACE_BOUND('',#5772,.F.);
#5772 = EDGE_LOOP('',(#5773,#5779,#5780,#5781));
#5773 = ORIENTED_EDGE('',*,*,#5774,.T.);
#5774 = EDGE_CURVE('',#4635,#5128,#5775,.T.);
#5775 = LINE('',#5776,#5777);
#5776 = CARTESIAN_POINT('',(1.27,-8.636,0.));
#5777 = VECTOR('',#5778,1.);
#5778 = DIRECTION('',(0.,0.,1.));
#5779 = ORIENTED_EDGE('',*,*,#5135,.T.);
#5780 = ORIENTED_EDGE('',*,*,#5740,.F.);
#5781 = ORIENTED_EDGE('',*,*,#4642,.F.);
#5782 = PLANE('',#5783);
#5783 = AXIS2_PLACEMENT_3D('',#5784,#5785,#5786);
#5784 = CARTESIAN_POINT('',(1.27,-8.636,0.));
#5785 = DIRECTION('',(-1.,0.,0.));
#5786 = DIRECTION('',(0.,1.,0.));
#5787 = ADVANCED_FACE('',(#5788),#5799,.F.);
#5788 = FACE_BOUND('',#5789,.F.);
#5789 = EDGE_LOOP('',(#5790,#5791,#5792,#5798));
#5790 = ORIENTED_EDGE('',*,*,#5759,.T.);
#5791 = ORIENTED_EDGE('',*,*,#5023,.T.);
#5792 = ORIENTED_EDGE('',*,*,#5793,.F.);
#5793 = EDGE_CURVE('',#4531,#5024,#5794,.T.);
#5794 = LINE('',#5795,#5796);
#5795 = CARTESIAN_POINT('',(-1.27,-9.144,0.));
#5796 = VECTOR('',#5797,1.);
#5797 = DIRECTION('',(0.,0.,1.));
#5798 = ORIENTED_EDGE('',*,*,#4530,.F.);
#5799 = PLANE('',#5800);
#5800 = AXIS2_PLACEMENT_3D('',#5801,#5802,#5803);
#5801 = CARTESIAN_POINT('',(-1.016,-8.89,0.));
#5802 = DIRECTION('',(0.707106781187,-0.707106781187,0.));
#5803 = DIRECTION('',(-0.707106781187,-0.707106781187,0.));
#5804 = ADVANCED_FACE('',(#5805),#5816,.F.);
#5805 = FACE_BOUND('',#5806,.F.);
#5806 = EDGE_LOOP('',(#5807,#5813,#5814,#5815));
#5807 = ORIENTED_EDGE('',*,*,#5808,.T.);
#5808 = EDGE_CURVE('',#4627,#5120,#5809,.T.);
#5809 = LINE('',#5810,#5811);
#5810 = CARTESIAN_POINT('',(1.016,-8.89,0.));
#5811 = VECTOR('',#5812,1.);
#5812 = DIRECTION('',(0.,0.,1.));
#5813 = ORIENTED_EDGE('',*,*,#5127,.T.);
#5814 = ORIENTED_EDGE('',*,*,#5774,.F.);
#5815 = ORIENTED_EDGE('',*,*,#4634,.F.);
#5816 = PLANE('',#5817);
#5817 = AXIS2_PLACEMENT_3D('',#5818,#5819,#5820);
#5818 = CARTESIAN_POINT('',(1.016,-8.89,0.));
#5819 = DIRECTION('',(-0.707106781187,0.707106781187,0.));
#5820 = DIRECTION('',(0.707106781187,0.707106781187,0.));
#5821 = ADVANCED_FACE('',(#5822),#5833,.F.);
#5822 = FACE_BOUND('',#5823,.F.);
#5823 = EDGE_LOOP('',(#5824,#5825,#5826,#5832));
#5824 = ORIENTED_EDGE('',*,*,#5793,.T.);
#5825 = ORIENTED_EDGE('',*,*,#5031,.T.);
#5826 = ORIENTED_EDGE('',*,*,#5827,.F.);
#5827 = EDGE_CURVE('',#4539,#5032,#5828,.T.);
#5828 = LINE('',#5829,#5830);
#5829 = CARTESIAN_POINT('',(-1.27,-11.176,0.));
#5830 = VECTOR('',#5831,1.);
#5831 = DIRECTION('',(0.,0.,1.));
#5832 = ORIENTED_EDGE('',*,*,#4538,.F.);
#5833 = PLANE('',#5834);
#5834 = AXIS2_PLACEMENT_3D('',#5835,#5836,#5837);
#5835 = CARTESIAN_POINT('',(-1.27,-9.144,0.));
#5836 = DIRECTION('',(1.,0.,0.));
#5837 = DIRECTION('',(0.,-1.,0.));
#5838 = ADVANCED_FACE('',(#5839),#5850,.F.);
#5839 = FACE_BOUND('',#5840,.F.);
#5840 = EDGE_LOOP('',(#5841,#5847,#5848,#5849));
#5841 = ORIENTED_EDGE('',*,*,#5842,.T.);
#5842 = EDGE_CURVE('',#4619,#5112,#5843,.T.);
#5843 = LINE('',#5844,#5845);
#5844 = CARTESIAN_POINT('',(1.27,-9.144,0.));
#5845 = VECTOR('',#5846,1.);
#5846 = DIRECTION('',(0.,0.,1.));
#5847 = ORIENTED_EDGE('',*,*,#5119,.T.);
#5848 = ORIENTED_EDGE('',*,*,#5808,.F.);
#5849 = ORIENTED_EDGE('',*,*,#4626,.F.);
#5850 = PLANE('',#5851);
#5851 = AXIS2_PLACEMENT_3D('',#5852,#5853,#5854);
#5852 = CARTESIAN_POINT('',(1.27,-9.144,0.));
#5853 = DIRECTION('',(-0.707106781187,-0.707106781187,0.));
#5854 = DIRECTION('',(-0.707106781187,0.707106781187,0.));
#5855 = ADVANCED_FACE('',(#5856),#5867,.F.);
#5856 = FACE_BOUND('',#5857,.F.);
#5857 = EDGE_LOOP('',(#5858,#5859,#5860,#5866));
#5858 = ORIENTED_EDGE('',*,*,#5827,.T.);
#5859 = ORIENTED_EDGE('',*,*,#5039,.T.);
#5860 = ORIENTED_EDGE('',*,*,#5861,.F.);
#5861 = EDGE_CURVE('',#4547,#5040,#5862,.T.);
#5862 = LINE('',#5863,#5864);
#5863 = CARTESIAN_POINT('',(-1.016,-11.43,0.));
#5864 = VECTOR('',#5865,1.);
#5865 = DIRECTION('',(0.,0.,1.));
#5866 = ORIENTED_EDGE('',*,*,#4546,.F.);
#5867 = PLANE('',#5868);
#5868 = AXIS2_PLACEMENT_3D('',#5869,#5870,#5871);
#5869 = CARTESIAN_POINT('',(-1.27,-11.176,0.));
#5870 = DIRECTION('',(0.707106781187,0.707106781187,0.));
#5871 = DIRECTION('',(0.707106781187,-0.707106781187,0.));
#5872 = ADVANCED_FACE('',(#5873),#5884,.F.);
#5873 = FACE_BOUND('',#5874,.F.);
#5874 = EDGE_LOOP('',(#5875,#5881,#5882,#5883));
#5875 = ORIENTED_EDGE('',*,*,#5876,.T.);
#5876 = EDGE_CURVE('',#4611,#5104,#5877,.T.);
#5877 = LINE('',#5878,#5879);
#5878 = CARTESIAN_POINT('',(1.27,-11.176,0.));
#5879 = VECTOR('',#5880,1.);
#5880 = DIRECTION('',(0.,0.,1.));
#5881 = ORIENTED_EDGE('',*,*,#5111,.T.);
#5882 = ORIENTED_EDGE('',*,*,#5842,.F.);
#5883 = ORIENTED_EDGE('',*,*,#4618,.F.);
#5884 = PLANE('',#5885);
#5885 = AXIS2_PLACEMENT_3D('',#5886,#5887,#5888);
#5886 = CARTESIAN_POINT('',(1.27,-11.176,0.));
#5887 = DIRECTION('',(-1.,0.,0.));
#5888 = DIRECTION('',(0.,1.,0.));
#5889 = ADVANCED_FACE('',(#5890),#5901,.F.);
#5890 = FACE_BOUND('',#5891,.F.);
#5891 = EDGE_LOOP('',(#5892,#5893,#5894,#5900));
#5892 = ORIENTED_EDGE('',*,*,#5861,.T.);
#5893 = ORIENTED_EDGE('',*,*,#5047,.T.);
#5894 = ORIENTED_EDGE('',*,*,#5895,.F.);
#5895 = EDGE_CURVE('',#4555,#5048,#5896,.T.);
#5896 = LINE('',#5897,#5898);
#5897 = CARTESIAN_POINT('',(-1.27,-11.684,0.));
#5898 = VECTOR('',#5899,1.);
#5899 = DIRECTION('',(0.,0.,1.));
#5900 = ORIENTED_EDGE('',*,*,#4554,.F.);
#5901 = PLANE('',#5902);
#5902 = AXIS2_PLACEMENT_3D('',#5903,#5904,#5905);
#5903 = CARTESIAN_POINT('',(-1.016,-11.43,0.));
#5904 = DIRECTION('',(0.707106781187,-0.707106781187,0.));
#5905 = DIRECTION('',(-0.707106781187,-0.707106781187,0.));
#5906 = ADVANCED_FACE('',(#5907),#5918,.F.);
#5907 = FACE_BOUND('',#5908,.F.);
#5908 = EDGE_LOOP('',(#5909,#5915,#5916,#5917));
#5909 = ORIENTED_EDGE('',*,*,#5910,.T.);
#5910 = EDGE_CURVE('',#4603,#5096,#5911,.T.);
#5911 = LINE('',#5912,#5913);
#5912 = CARTESIAN_POINT('',(1.016,-11.43,0.));
#5913 = VECTOR('',#5914,1.);
#5914 = DIRECTION('',(0.,0.,1.));
#5915 = ORIENTED_EDGE('',*,*,#5103,.T.);
#5916 = ORIENTED_EDGE('',*,*,#5876,.F.);
#5917 = ORIENTED_EDGE('',*,*,#4610,.F.);
#5918 = PLANE('',#5919);
#5919 = AXIS2_PLACEMENT_3D('',#5920,#5921,#5922);
#5920 = CARTESIAN_POINT('',(1.016,-11.43,0.));
#5921 = DIRECTION('',(-0.707106781187,0.707106781187,0.));
#5922 = DIRECTION('',(0.707106781187,0.707106781187,0.));
#5923 = ADVANCED_FACE('',(#5924),#5935,.F.);
#5924 = FACE_BOUND('',#5925,.F.);
#5925 = EDGE_LOOP('',(#5926,#5927,#5928,#5934));
#5926 = ORIENTED_EDGE('',*,*,#5895,.T.);
#5927 = ORIENTED_EDGE('',*,*,#5055,.T.);
#5928 = ORIENTED_EDGE('',*,*,#5929,.F.);
#5929 = EDGE_CURVE('',#4563,#5056,#5930,.T.);
#5930 = LINE('',#5931,#5932);
#5931 = CARTESIAN_POINT('',(-1.27,-13.716,0.));
#5932 = VECTOR('',#5933,1.);
#5933 = DIRECTION('',(0.,0.,1.));
#5934 = ORIENTED_EDGE('',*,*,#4562,.F.);
#5935 = PLANE('',#5936);
#5936 = AXIS2_PLACEMENT_3D('',#5937,#5938,#5939);
#5937 = CARTESIAN_POINT('',(-1.27,-11.684,0.));
#5938 = DIRECTION('',(1.,0.,0.));
#5939 = DIRECTION('',(0.,-1.,0.));
#5940 = ADVANCED_FACE('',(#5941),#5952,.F.);
#5941 = FACE_BOUND('',#5942,.F.);
#5942 = EDGE_LOOP('',(#5943,#5949,#5950,#5951));
#5943 = ORIENTED_EDGE('',*,*,#5944,.T.);
#5944 = EDGE_CURVE('',#4595,#5088,#5945,.T.);
#5945 = LINE('',#5946,#5947);
#5946 = CARTESIAN_POINT('',(1.27,-11.684,0.));
#5947 = VECTOR('',#5948,1.);
#5948 = DIRECTION('',(0.,0.,1.));
#5949 = ORIENTED_EDGE('',*,*,#5095,.T.);
#5950 = ORIENTED_EDGE('',*,*,#5910,.F.);
#5951 = ORIENTED_EDGE('',*,*,#4602,.F.);
#5952 = PLANE('',#5953);
#5953 = AXIS2_PLACEMENT_3D('',#5954,#5955,#5956);
#5954 = CARTESIAN_POINT('',(1.27,-11.684,0.));
#5955 = DIRECTION('',(-0.707106781187,-0.707106781187,0.));
#5956 = DIRECTION('',(-0.707106781187,0.707106781187,0.));
#5957 = ADVANCED_FACE('',(#5958),#5969,.F.);
#5958 = FACE_BOUND('',#5959,.F.);
#5959 = EDGE_LOOP('',(#5960,#5961,#5962,#5968));
#5960 = ORIENTED_EDGE('',*,*,#5929,.T.);
#5961 = ORIENTED_EDGE('',*,*,#5063,.T.);
#5962 = ORIENTED_EDGE('',*,*,#5963,.F.);
#5963 = EDGE_CURVE('',#4571,#5064,#5964,.T.);
#5964 = LINE('',#5965,#5966);
#5965 = CARTESIAN_POINT('',(-1.016,-13.97,0.));
#5966 = VECTOR('',#5967,1.);
#5967 = DIRECTION('',(0.,0.,1.));
#5968 = ORIENTED_EDGE('',*,*,#4570,.F.);
#5969 = PLANE('',#5970);
#5970 = AXIS2_PLACEMENT_3D('',#5971,#5972,#5973);
#5971 = CARTESIAN_POINT('',(-1.27,-13.716,0.));
#5972 = DIRECTION('',(0.707106781187,0.707106781187,0.));
#5973 = DIRECTION('',(0.707106781187,-0.707106781187,0.));
#5974 = ADVANCED_FACE('',(#5975),#5986,.F.);
#5975 = FACE_BOUND('',#5976,.F.);
#5976 = EDGE_LOOP('',(#5977,#5983,#5984,#5985));
#5977 = ORIENTED_EDGE('',*,*,#5978,.T.);
#5978 = EDGE_CURVE('',#4587,#5080,#5979,.T.);
#5979 = LINE('',#5980,#5981);
#5980 = CARTESIAN_POINT('',(1.27,-13.716,0.));
#5981 = VECTOR('',#5982,1.);
#5982 = DIRECTION('',(0.,0.,1.));
#5983 = ORIENTED_EDGE('',*,*,#5087,.T.);
#5984 = ORIENTED_EDGE('',*,*,#5944,.F.);
#5985 = ORIENTED_EDGE('',*,*,#4594,.F.);
#5986 = PLANE('',#5987);
#5987 = AXIS2_PLACEMENT_3D('',#5988,#5989,#5990);
#5988 = CARTESIAN_POINT('',(1.27,-13.716,0.));
#5989 = DIRECTION('',(-1.,0.,0.));
#5990 = DIRECTION('',(0.,1.,0.));
#5991 = ADVANCED_FACE('',(#5992),#6003,.F.);
#5992 = FACE_BOUND('',#5993,.F.);
#5993 = EDGE_LOOP('',(#5994,#5995,#5996,#6002));
#5994 = ORIENTED_EDGE('',*,*,#5963,.T.);
#5995 = ORIENTED_EDGE('',*,*,#5071,.T.);
#5996 = ORIENTED_EDGE('',*,*,#5997,.F.);
#5997 = EDGE_CURVE('',#4579,#5072,#5998,.T.);
#5998 = LINE('',#5999,#6000);
#5999 = CARTESIAN_POINT('',(1.016,-13.97,0.));
#6000 = VECTOR('',#6001,1.);
#6001 = DIRECTION('',(0.,0.,1.));
#6002 = ORIENTED_EDGE('',*,*,#4578,.F.);
#6003 = PLANE('',#6004);
#6004 = AXIS2_PLACEMENT_3D('',#6005,#6006,#6007);
#6005 = CARTESIAN_POINT('',(-1.016,-13.97,0.));
#6006 = DIRECTION('',(0.,1.,0.));
#6007 = DIRECTION('',(1.,0.,0.));
#6008 = ADVANCED_FACE('',(#6009),#6015,.F.);
#6009 = FACE_BOUND('',#6010,.F.);
#6010 = EDGE_LOOP('',(#6011,#6012,#6013,#6014));
#6011 = ORIENTED_EDGE('',*,*,#5997,.T.);
#6012 = ORIENTED_EDGE('',*,*,#5079,.T.);
#6013 = ORIENTED_EDGE('',*,*,#5978,.F.);
#6014 = ORIENTED_EDGE('',*,*,#4586,.F.);
#6015 = PLANE('',#6016);
#6016 = AXIS2_PLACEMENT_3D('',#6017,#6018,#6019);
#6017 = CARTESIAN_POINT('',(1.016,-13.97,0.));
#6018 = DIRECTION('',(-0.707106781187,0.707106781187,0.));
#6019 = DIRECTION('',(0.707106781187,0.707106781187,0.));
#6020 = ADVANCED_FACE('',(#6021),#6046,.T.);
#6021 = FACE_BOUND('',#6022,.T.);
#6022 = EDGE_LOOP('',(#6023,#6031,#6039,#6045));
#6023 = ORIENTED_EDGE('',*,*,#6024,.F.);
#6024 = EDGE_CURVE('',#6025,#4732,#6027,.T.);
#6025 = VERTEX_POINT('',#6026);
#6026 = CARTESIAN_POINT('',(0.32,-0.32,-2.84));
#6027 = LINE('',#6028,#6029);
#6028 = CARTESIAN_POINT('',(0.32,-0.32,-3.));
#6029 = VECTOR('',#6030,1.);
#6030 = DIRECTION('',(0.,0.,1.));
#6031 = ORIENTED_EDGE('',*,*,#6032,.T.);
#6032 = EDGE_CURVE('',#6025,#6033,#6035,.T.);
#6033 = VERTEX_POINT('',#6034);
#6034 = CARTESIAN_POINT('',(0.32,0.32,-2.84));
#6035 = LINE('',#6036,#6037);
#6036 = CARTESIAN_POINT('',(0.32,-0.32,-2.84));
#6037 = VECTOR('',#6038,1.);
#6038 = DIRECTION('',(0.,1.,0.));
#6039 = ORIENTED_EDGE('',*,*,#6040,.T.);
#6040 = EDGE_CURVE('',#6033,#4734,#6041,.T.);
#6041 = LINE('',#6042,#6043);
#6042 = CARTESIAN_POINT('',(0.32,0.32,-3.));
#6043 = VECTOR('',#6044,1.);
#6044 = DIRECTION('',(0.,0.,1.));
#6045 = ORIENTED_EDGE('',*,*,#4731,.F.);
#6046 = PLANE('',#6047);
#6047 = AXIS2_PLACEMENT_3D('',#6048,#6049,#6050);
#6048 = CARTESIAN_POINT('',(0.32,-0.32,-3.));
#6049 = DIRECTION('',(1.,0.,0.));
#6050 = DIRECTION('',(0.,0.,1.));
#6051 = ADVANCED_FACE('',(#6052),#6070,.T.);
#6052 = FACE_BOUND('',#6053,.T.);
#6053 = EDGE_LOOP('',(#6054,#6055,#6063,#6069));
#6054 = ORIENTED_EDGE('',*,*,#6040,.F.);
#6055 = ORIENTED_EDGE('',*,*,#6056,.F.);
#6056 = EDGE_CURVE('',#6057,#6033,#6059,.T.);
#6057 = VERTEX_POINT('',#6058);
#6058 = CARTESIAN_POINT('',(-0.32,0.32,-2.84));
#6059 = LINE('',#6060,#6061);
#6060 = CARTESIAN_POINT('',(-0.32,0.32,-2.84));
#6061 = VECTOR('',#6062,1.);
#6062 = DIRECTION('',(1.,0.,0.));
#6063 = ORIENTED_EDGE('',*,*,#6064,.T.);
#6064 = EDGE_CURVE('',#6057,#4750,#6065,.T.);
#6065 = LINE('',#6066,#6067);
#6066 = CARTESIAN_POINT('',(-0.32,0.32,-3.));
#6067 = VECTOR('',#6068,1.);
#6068 = DIRECTION('',(0.,0.,1.));
#6069 = ORIENTED_EDGE('',*,*,#4757,.F.);
#6070 = PLANE('',#6071);
#6071 = AXIS2_PLACEMENT_3D('',#6072,#6073,#6074);
#6072 = CARTESIAN_POINT('',(-0.32,0.32,-3.));
#6073 = DIRECTION('',(0.,1.,0.));
#6074 = DIRECTION('',(0.,-0.,1.));
#6075 = ADVANCED_FACE('',(#6076),#6094,.F.);
#6076 = FACE_BOUND('',#6077,.F.);
#6077 = EDGE_LOOP('',(#6078,#6086,#6092,#6093));
#6078 = ORIENTED_EDGE('',*,*,#6079,.F.);
#6079 = EDGE_CURVE('',#6080,#4742,#6082,.T.);
#6080 = VERTEX_POINT('',#6081);
#6081 = CARTESIAN_POINT('',(-0.32,-0.32,-2.84));
#6082 = LINE('',#6083,#6084);
#6083 = CARTESIAN_POINT('',(-0.32,-0.32,-3.));
#6084 = VECTOR('',#6085,1.);
#6085 = DIRECTION('',(0.,0.,1.));
#6086 = ORIENTED_EDGE('',*,*,#6087,.T.);
#6087 = EDGE_CURVE('',#6080,#6057,#6088,.T.);
#6088 = LINE('',#6089,#6090);
#6089 = CARTESIAN_POINT('',(-0.32,-0.32,-2.84));
#6090 = VECTOR('',#6091,1.);
#6091 = DIRECTION('',(0.,1.,0.));
#6092 = ORIENTED_EDGE('',*,*,#6064,.T.);
#6093 = ORIENTED_EDGE('',*,*,#4749,.F.);
#6094 = PLANE('',#6095);
#6095 = AXIS2_PLACEMENT_3D('',#6096,#6097,#6098);
#6096 = CARTESIAN_POINT('',(-0.32,-0.32,-3.));
#6097 = DIRECTION('',(1.,0.,0.));
#6098 = DIRECTION('',(0.,0.,1.));
#6099 = ADVANCED_FACE('',(#6100),#6111,.F.);
#6100 = FACE_BOUND('',#6101,.F.);
#6101 = EDGE_LOOP('',(#6102,#6103,#6109,#6110));
#6102 = ORIENTED_EDGE('',*,*,#6024,.F.);
#6103 = ORIENTED_EDGE('',*,*,#6104,.F.);
#6104 = EDGE_CURVE('',#6080,#6025,#6105,.T.);
#6105 = LINE('',#6106,#6107);
#6106 = CARTESIAN_POINT('',(-0.32,-0.32,-2.84));
#6107 = VECTOR('',#6108,1.);
#6108 = DIRECTION('',(1.,0.,0.));
#6109 = ORIENTED_EDGE('',*,*,#6079,.T.);
#6110 = ORIENTED_EDGE('',*,*,#4741,.F.);
#6111 = PLANE('',#6112);
#6112 = AXIS2_PLACEMENT_3D('',#6113,#6114,#6115);
#6113 = CARTESIAN_POINT('',(-0.32,-0.32,-3.));
#6114 = DIRECTION('',(0.,1.,0.));
#6115 = DIRECTION('',(0.,-0.,1.));
#6116 = ADVANCED_FACE('',(#6117),#6142,.T.);
#6117 = FACE_BOUND('',#6118,.T.);
#6118 = EDGE_LOOP('',(#6119,#6127,#6135,#6141));
#6119 = ORIENTED_EDGE('',*,*,#6120,.F.);
#6120 = EDGE_CURVE('',#6121,#4766,#6123,.T.);
#6121 = VERTEX_POINT('',#6122);
#6122 = CARTESIAN_POINT('',(0.32,-5.4,-2.84));
#6123 = LINE('',#6124,#6125);
#6124 = CARTESIAN_POINT('',(0.32,-5.4,-3.));
#6125 = VECTOR('',#6126,1.);
#6126 = DIRECTION('',(0.,0.,1.));
#6127 = ORIENTED_EDGE('',*,*,#6128,.T.);
#6128 = EDGE_CURVE('',#6121,#6129,#6131,.T.);
#6129 = VERTEX_POINT('',#6130);
#6130 = CARTESIAN_POINT('',(0.32,-4.76,-2.84));
#6131 = LINE('',#6132,#6133);
#6132 = CARTESIAN_POINT('',(0.32,-5.4,-2.84));
#6133 = VECTOR('',#6134,1.);
#6134 = DIRECTION('',(0.,1.,0.));
#6135 = ORIENTED_EDGE('',*,*,#6136,.T.);
#6136 = EDGE_CURVE('',#6129,#4768,#6137,.T.);
#6137 = LINE('',#6138,#6139);
#6138 = CARTESIAN_POINT('',(0.32,-4.76,-3.));
#6139 = VECTOR('',#6140,1.);
#6140 = DIRECTION('',(0.,0.,1.));
#6141 = ORIENTED_EDGE('',*,*,#4765,.F.);
#6142 = PLANE('',#6143);
#6143 = AXIS2_PLACEMENT_3D('',#6144,#6145,#6146);
#6144 = CARTESIAN_POINT('',(0.32,-5.4,-3.));
#6145 = DIRECTION('',(1.,0.,0.));
#6146 = DIRECTION('',(0.,0.,1.));
#6147 = ADVANCED_FACE('',(#6148),#6166,.T.);
#6148 = FACE_BOUND('',#6149,.T.);
#6149 = EDGE_LOOP('',(#6150,#6151,#6159,#6165));
#6150 = ORIENTED_EDGE('',*,*,#6136,.F.);
#6151 = ORIENTED_EDGE('',*,*,#6152,.F.);
#6152 = EDGE_CURVE('',#6153,#6129,#6155,.T.);
#6153 = VERTEX_POINT('',#6154);
#6154 = CARTESIAN_POINT('',(-0.32,-4.76,-2.84));
#6155 = LINE('',#6156,#6157);
#6156 = CARTESIAN_POINT('',(-0.32,-4.76,-2.84));
#6157 = VECTOR('',#6158,1.);
#6158 = DIRECTION('',(1.,0.,0.));
#6159 = ORIENTED_EDGE('',*,*,#6160,.T.);
#6160 = EDGE_CURVE('',#6153,#4784,#6161,.T.);
#6161 = LINE('',#6162,#6163);
#6162 = CARTESIAN_POINT('',(-0.32,-4.76,-3.));
#6163 = VECTOR('',#6164,1.);
#6164 = DIRECTION('',(0.,0.,1.));
#6165 = ORIENTED_EDGE('',*,*,#4791,.F.);
#6166 = PLANE('',#6167);
#6167 = AXIS2_PLACEMENT_3D('',#6168,#6169,#6170);
#6168 = CARTESIAN_POINT('',(-0.32,-4.76,-3.));
#6169 = DIRECTION('',(0.,1.,0.));
#6170 = DIRECTION('',(0.,-0.,1.));
#6171 = ADVANCED_FACE('',(#6172),#6190,.F.);
#6172 = FACE_BOUND('',#6173,.F.);
#6173 = EDGE_LOOP('',(#6174,#6182,#6188,#6189));
#6174 = ORIENTED_EDGE('',*,*,#6175,.F.);
#6175 = EDGE_CURVE('',#6176,#4776,#6178,.T.);
#6176 = VERTEX_POINT('',#6177);
#6177 = CARTESIAN_POINT('',(-0.32,-5.4,-2.84));
#6178 = LINE('',#6179,#6180);
#6179 = CARTESIAN_POINT('',(-0.32,-5.4,-3.));
#6180 = VECTOR('',#6181,1.);
#6181 = DIRECTION('',(0.,0.,1.));
#6182 = ORIENTED_EDGE('',*,*,#6183,.T.);
#6183 = EDGE_CURVE('',#6176,#6153,#6184,.T.);
#6184 = LINE('',#6185,#6186);
#6185 = CARTESIAN_POINT('',(-0.32,-5.4,-2.84));
#6186 = VECTOR('',#6187,1.);
#6187 = DIRECTION('',(0.,1.,0.));
#6188 = ORIENTED_EDGE('',*,*,#6160,.T.);
#6189 = ORIENTED_EDGE('',*,*,#4783,.F.);
#6190 = PLANE('',#6191);
#6191 = AXIS2_PLACEMENT_3D('',#6192,#6193,#6194);
#6192 = CARTESIAN_POINT('',(-0.32,-5.4,-3.));
#6193 = DIRECTION('',(1.,0.,0.));
#6194 = DIRECTION('',(0.,0.,1.));
#6195 = ADVANCED_FACE('',(#6196),#6207,.F.);
#6196 = FACE_BOUND('',#6197,.F.);
#6197 = EDGE_LOOP('',(#6198,#6199,#6205,#6206));
#6198 = ORIENTED_EDGE('',*,*,#6120,.F.);
#6199 = ORIENTED_EDGE('',*,*,#6200,.F.);
#6200 = EDGE_CURVE('',#6176,#6121,#6201,.T.);
#6201 = LINE('',#6202,#6203);
#6202 = CARTESIAN_POINT('',(-0.32,-5.4,-2.84));
#6203 = VECTOR('',#6204,1.);
#6204 = DIRECTION('',(1.,0.,0.));
#6205 = ORIENTED_EDGE('',*,*,#6175,.T.);
#6206 = ORIENTED_EDGE('',*,*,#4775,.F.);
#6207 = PLANE('',#6208);
#6208 = AXIS2_PLACEMENT_3D('',#6209,#6210,#6211);
#6209 = CARTESIAN_POINT('',(-0.32,-5.4,-3.));
#6210 = DIRECTION('',(0.,1.,0.));
#6211 = DIRECTION('',(0.,-0.,1.));
#6212 = ADVANCED_FACE('',(#6213),#6238,.T.);
#6213 = FACE_BOUND('',#6214,.T.);
#6214 = EDGE_LOOP('',(#6215,#6223,#6231,#6237));
#6215 = ORIENTED_EDGE('',*,*,#6216,.F.);
#6216 = EDGE_CURVE('',#6217,#4800,#6219,.T.);
#6217 = VERTEX_POINT('',#6218);
#6218 = CARTESIAN_POINT('',(0.32,-2.86,-2.84));
#6219 = LINE('',#6220,#6221);
#6220 = CARTESIAN_POINT('',(0.32,-2.86,-3.));
#6221 = VECTOR('',#6222,1.);
#6222 = DIRECTION('',(0.,0.,1.));
#6223 = ORIENTED_EDGE('',*,*,#6224,.T.);
#6224 = EDGE_CURVE('',#6217,#6225,#6227,.T.);
#6225 = VERTEX_POINT('',#6226);
#6226 = CARTESIAN_POINT('',(0.32,-2.22,-2.84));
#6227 = LINE('',#6228,#6229);
#6228 = CARTESIAN_POINT('',(0.32,-2.86,-2.84));
#6229 = VECTOR('',#6230,1.);
#6230 = DIRECTION('',(0.,1.,0.));
#6231 = ORIENTED_EDGE('',*,*,#6232,.T.);
#6232 = EDGE_CURVE('',#6225,#4802,#6233,.T.);
#6233 = LINE('',#6234,#6235);
#6234 = CARTESIAN_POINT('',(0.32,-2.22,-3.));
#6235 = VECTOR('',#6236,1.);
#6236 = DIRECTION('',(0.,0.,1.));
#6237 = ORIENTED_EDGE('',*,*,#4799,.F.);
#6238 = PLANE('',#6239);
#6239 = AXIS2_PLACEMENT_3D('',#6240,#6241,#6242);
#6240 = CARTESIAN_POINT('',(0.32,-2.86,-3.));
#6241 = DIRECTION('',(1.,0.,0.));
#6242 = DIRECTION('',(0.,0.,1.));
#6243 = ADVANCED_FACE('',(#6244),#6262,.T.);
#6244 = FACE_BOUND('',#6245,.T.);
#6245 = EDGE_LOOP('',(#6246,#6247,#6255,#6261));
#6246 = ORIENTED_EDGE('',*,*,#6232,.F.);
#6247 = ORIENTED_EDGE('',*,*,#6248,.F.);
#6248 = EDGE_CURVE('',#6249,#6225,#6251,.T.);
#6249 = VERTEX_POINT('',#6250);
#6250 = CARTESIAN_POINT('',(-0.32,-2.22,-2.84));
#6251 = LINE('',#6252,#6253);
#6252 = CARTESIAN_POINT('',(-0.32,-2.22,-2.84));
#6253 = VECTOR('',#6254,1.);
#6254 = DIRECTION('',(1.,0.,0.));
#6255 = ORIENTED_EDGE('',*,*,#6256,.T.);
#6256 = EDGE_CURVE('',#6249,#4818,#6257,.T.);
#6257 = LINE('',#6258,#6259);
#6258 = CARTESIAN_POINT('',(-0.32,-2.22,-3.));
#6259 = VECTOR('',#6260,1.);
#6260 = DIRECTION('',(0.,0.,1.));
#6261 = ORIENTED_EDGE('',*,*,#4825,.F.);
#6262 = PLANE('',#6263);
#6263 = AXIS2_PLACEMENT_3D('',#6264,#6265,#6266);
#6264 = CARTESIAN_POINT('',(-0.32,-2.22,-3.));
#6265 = DIRECTION('',(0.,1.,0.));
#6266 = DIRECTION('',(0.,-0.,1.));
#6267 = ADVANCED_FACE('',(#6268),#6286,.F.);
#6268 = FACE_BOUND('',#6269,.F.);
#6269 = EDGE_LOOP('',(#6270,#6278,#6284,#6285));
#6270 = ORIENTED_EDGE('',*,*,#6271,.F.);
#6271 = EDGE_CURVE('',#6272,#4810,#6274,.T.);
#6272 = VERTEX_POINT('',#6273);
#6273 = CARTESIAN_POINT('',(-0.32,-2.86,-2.84));
#6274 = LINE('',#6275,#6276);
#6275 = CARTESIAN_POINT('',(-0.32,-2.86,-3.));
#6276 = VECTOR('',#6277,1.);
#6277 = DIRECTION('',(0.,0.,1.));
#6278 = ORIENTED_EDGE('',*,*,#6279,.T.);
#6279 = EDGE_CURVE('',#6272,#6249,#6280,.T.);
#6280 = LINE('',#6281,#6282);
#6281 = CARTESIAN_POINT('',(-0.32,-2.86,-2.84));
#6282 = VECTOR('',#6283,1.);
#6283 = DIRECTION('',(0.,1.,0.));
#6284 = ORIENTED_EDGE('',*,*,#6256,.T.);
#6285 = ORIENTED_EDGE('',*,*,#4817,.F.);
#6286 = PLANE('',#6287);
#6287 = AXIS2_PLACEMENT_3D('',#6288,#6289,#6290);
#6288 = CARTESIAN_POINT('',(-0.32,-2.86,-3.));
#6289 = DIRECTION('',(1.,0.,0.));
#6290 = DIRECTION('',(0.,0.,1.));
#6291 = ADVANCED_FACE('',(#6292),#6303,.F.);
#6292 = FACE_BOUND('',#6293,.F.);
#6293 = EDGE_LOOP('',(#6294,#6295,#6301,#6302));
#6294 = ORIENTED_EDGE('',*,*,#6216,.F.);
#6295 = ORIENTED_EDGE('',*,*,#6296,.F.);
#6296 = EDGE_CURVE('',#6272,#6217,#6297,.T.);
#6297 = LINE('',#6298,#6299);
#6298 = CARTESIAN_POINT('',(-0.32,-2.86,-2.84));
#6299 = VECTOR('',#6300,1.);
#6300 = DIRECTION('',(1.,0.,0.));
#6301 = ORIENTED_EDGE('',*,*,#6271,.T.);
#6302 = ORIENTED_EDGE('',*,*,#4809,.F.);
#6303 = PLANE('',#6304);
#6304 = AXIS2_PLACEMENT_3D('',#6305,#6306,#6307);
#6305 = CARTESIAN_POINT('',(-0.32,-2.86,-3.));
#6306 = DIRECTION('',(0.,1.,0.));
#6307 = DIRECTION('',(0.,-0.,1.));
#6308 = ADVANCED_FACE('',(#6309),#6334,.F.);
#6309 = FACE_BOUND('',#6310,.F.);
#6310 = EDGE_LOOP('',(#6311,#6319,#6327,#6333));
#6311 = ORIENTED_EDGE('',*,*,#6312,.F.);
#6312 = EDGE_CURVE('',#6313,#4834,#6315,.T.);
#6313 = VERTEX_POINT('',#6314);
#6314 = CARTESIAN_POINT('',(0.32,-13.02,-2.84));
#6315 = LINE('',#6316,#6317);
#6316 = CARTESIAN_POINT('',(0.32,-13.02,-3.));
#6317 = VECTOR('',#6318,1.);
#6318 = DIRECTION('',(0.,0.,1.));
#6319 = ORIENTED_EDGE('',*,*,#6320,.F.);
#6320 = EDGE_CURVE('',#6321,#6313,#6323,.T.);
#6321 = VERTEX_POINT('',#6322);
#6322 = CARTESIAN_POINT('',(-0.32,-13.02,-2.84));
#6323 = LINE('',#6324,#6325);
#6324 = CARTESIAN_POINT('',(-0.32,-13.02,-2.84));
#6325 = VECTOR('',#6326,1.);
#6326 = DIRECTION('',(1.,0.,0.));
#6327 = ORIENTED_EDGE('',*,*,#6328,.T.);
#6328 = EDGE_CURVE('',#6321,#4836,#6329,.T.);
#6329 = LINE('',#6330,#6331);
#6330 = CARTESIAN_POINT('',(-0.32,-13.02,-3.));
#6331 = VECTOR('',#6332,1.);
#6332 = DIRECTION('',(0.,0.,1.));
#6333 = ORIENTED_EDGE('',*,*,#4833,.F.);
#6334 = PLANE('',#6335);
#6335 = AXIS2_PLACEMENT_3D('',#6336,#6337,#6338);
#6336 = CARTESIAN_POINT('',(-0.32,-13.02,-3.));
#6337 = DIRECTION('',(0.,1.,0.));
#6338 = DIRECTION('',(0.,-0.,1.));
#6339 = ADVANCED_FACE('',(#6340),#6358,.T.);
#6340 = FACE_BOUND('',#6341,.T.);
#6341 = EDGE_LOOP('',(#6342,#6343,#6351,#6357));
#6342 = ORIENTED_EDGE('',*,*,#6312,.F.);
#6343 = ORIENTED_EDGE('',*,*,#6344,.T.);
#6344 = EDGE_CURVE('',#6313,#6345,#6347,.T.);
#6345 = VERTEX_POINT('',#6346);
#6346 = CARTESIAN_POINT('',(0.32,-12.38,-2.84));
#6347 = LINE('',#6348,#6349);
#6348 = CARTESIAN_POINT('',(0.32,-13.02,-2.84));
#6349 = VECTOR('',#6350,1.);
#6350 = DIRECTION('',(0.,1.,0.));
#6351 = ORIENTED_EDGE('',*,*,#6352,.T.);
#6352 = EDGE_CURVE('',#6345,#4852,#6353,.T.);
#6353 = LINE('',#6354,#6355);
#6354 = CARTESIAN_POINT('',(0.32,-12.38,-3.));
#6355 = VECTOR('',#6356,1.);
#6356 = DIRECTION('',(0.,0.,1.));
#6357 = ORIENTED_EDGE('',*,*,#4859,.F.);
#6358 = PLANE('',#6359);
#6359 = AXIS2_PLACEMENT_3D('',#6360,#6361,#6362);
#6360 = CARTESIAN_POINT('',(0.32,-13.02,-3.));
#6361 = DIRECTION('',(1.,0.,0.));
#6362 = DIRECTION('',(0.,0.,1.));
#6363 = ADVANCED_FACE('',(#6364),#6382,.T.);
#6364 = FACE_BOUND('',#6365,.T.);
#6365 = EDGE_LOOP('',(#6366,#6367,#6375,#6381));
#6366 = ORIENTED_EDGE('',*,*,#6352,.F.);
#6367 = ORIENTED_EDGE('',*,*,#6368,.F.);
#6368 = EDGE_CURVE('',#6369,#6345,#6371,.T.);
#6369 = VERTEX_POINT('',#6370);
#6370 = CARTESIAN_POINT('',(-0.32,-12.38,-2.84));
#6371 = LINE('',#6372,#6373);
#6372 = CARTESIAN_POINT('',(-0.32,-12.38,-2.84));
#6373 = VECTOR('',#6374,1.);
#6374 = DIRECTION('',(1.,0.,0.));
#6375 = ORIENTED_EDGE('',*,*,#6376,.T.);
#6376 = EDGE_CURVE('',#6369,#4844,#6377,.T.);
#6377 = LINE('',#6378,#6379);
#6378 = CARTESIAN_POINT('',(-0.32,-12.38,-3.));
#6379 = VECTOR('',#6380,1.);
#6380 = DIRECTION('',(0.,0.,1.));
#6381 = ORIENTED_EDGE('',*,*,#4851,.F.);
#6382 = PLANE('',#6383);
#6383 = AXIS2_PLACEMENT_3D('',#6384,#6385,#6386);
#6384 = CARTESIAN_POINT('',(-0.32,-12.38,-3.));
#6385 = DIRECTION('',(0.,1.,0.));
#6386 = DIRECTION('',(0.,-0.,1.));
#6387 = ADVANCED_FACE('',(#6388),#6399,.F.);
#6388 = FACE_BOUND('',#6389,.F.);
#6389 = EDGE_LOOP('',(#6390,#6391,#6397,#6398));
#6390 = ORIENTED_EDGE('',*,*,#6328,.F.);
#6391 = ORIENTED_EDGE('',*,*,#6392,.T.);
#6392 = EDGE_CURVE('',#6321,#6369,#6393,.T.);
#6393 = LINE('',#6394,#6395);
#6394 = CARTESIAN_POINT('',(-0.32,-13.02,-2.84));
#6395 = VECTOR('',#6396,1.);
#6396 = DIRECTION('',(0.,1.,0.));
#6397 = ORIENTED_EDGE('',*,*,#6376,.T.);
#6398 = ORIENTED_EDGE('',*,*,#4843,.F.);
#6399 = PLANE('',#6400);
#6400 = AXIS2_PLACEMENT_3D('',#6401,#6402,#6403);
#6401 = CARTESIAN_POINT('',(-0.32,-13.02,-3.));
#6402 = DIRECTION('',(1.,0.,0.));
#6403 = DIRECTION('',(0.,0.,1.));
#6404 = ADVANCED_FACE('',(#6405),#6430,.T.);
#6405 = FACE_BOUND('',#6406,.T.);
#6406 = EDGE_LOOP('',(#6407,#6415,#6423,#6429));
#6407 = ORIENTED_EDGE('',*,*,#6408,.F.);
#6408 = EDGE_CURVE('',#6409,#4868,#6411,.T.);
#6409 = VERTEX_POINT('',#6410);
#6410 = CARTESIAN_POINT('',(0.32,-9.84,-2.84));
#6411 = LINE('',#6412,#6413);
#6412 = CARTESIAN_POINT('',(0.32,-9.84,-3.));
#6413 = VECTOR('',#6414,1.);
#6414 = DIRECTION('',(0.,0.,1.));
#6415 = ORIENTED_EDGE('',*,*,#6416,.F.);
#6416 = EDGE_CURVE('',#6417,#6409,#6419,.T.);
#6417 = VERTEX_POINT('',#6418);
#6418 = CARTESIAN_POINT('',(-0.32,-9.84,-2.84));
#6419 = LINE('',#6420,#6421);
#6420 = CARTESIAN_POINT('',(-0.32,-9.84,-2.84));
#6421 = VECTOR('',#6422,1.);
#6422 = DIRECTION('',(1.,0.,0.));
#6423 = ORIENTED_EDGE('',*,*,#6424,.T.);
#6424 = EDGE_CURVE('',#6417,#4870,#6425,.T.);
#6425 = LINE('',#6426,#6427);
#6426 = CARTESIAN_POINT('',(-0.32,-9.84,-3.));
#6427 = VECTOR('',#6428,1.);
#6428 = DIRECTION('',(0.,0.,1.));
#6429 = ORIENTED_EDGE('',*,*,#4867,.F.);
#6430 = PLANE('',#6431);
#6431 = AXIS2_PLACEMENT_3D('',#6432,#6433,#6434);
#6432 = CARTESIAN_POINT('',(-0.32,-9.84,-3.));
#6433 = DIRECTION('',(0.,1.,0.));
#6434 = DIRECTION('',(0.,-0.,1.));
#6435 = ADVANCED_FACE('',(#6436),#6454,.F.);
#6436 = FACE_BOUND('',#6437,.F.);
#6437 = EDGE_LOOP('',(#6438,#6446,#6452,#6453));
#6438 = ORIENTED_EDGE('',*,*,#6439,.F.);
#6439 = EDGE_CURVE('',#6440,#4886,#6442,.T.);
#6440 = VERTEX_POINT('',#6441);
#6441 = CARTESIAN_POINT('',(-0.32,-10.48,-2.84));
#6442 = LINE('',#6443,#6444);
#6443 = CARTESIAN_POINT('',(-0.32,-10.48,-3.));
#6444 = VECTOR('',#6445,1.);
#6445 = DIRECTION('',(0.,0.,1.));
#6446 = ORIENTED_EDGE('',*,*,#6447,.T.);
#6447 = EDGE_CURVE('',#6440,#6417,#6448,.T.);
#6448 = LINE('',#6449,#6450);
#6449 = CARTESIAN_POINT('',(-0.32,-10.48,-2.84));
#6450 = VECTOR('',#6451,1.);
#6451 = DIRECTION('',(0.,1.,0.));
#6452 = ORIENTED_EDGE('',*,*,#6424,.T.);
#6453 = ORIENTED_EDGE('',*,*,#4893,.F.);
#6454 = PLANE('',#6455);
#6455 = AXIS2_PLACEMENT_3D('',#6456,#6457,#6458);
#6456 = CARTESIAN_POINT('',(-0.32,-10.48,-3.));
#6457 = DIRECTION('',(1.,0.,0.));
#6458 = DIRECTION('',(0.,0.,1.));
#6459 = ADVANCED_FACE('',(#6460),#6478,.F.);
#6460 = FACE_BOUND('',#6461,.F.);
#6461 = EDGE_LOOP('',(#6462,#6470,#6476,#6477));
#6462 = ORIENTED_EDGE('',*,*,#6463,.F.);
#6463 = EDGE_CURVE('',#6464,#4878,#6466,.T.);
#6464 = VERTEX_POINT('',#6465);
#6465 = CARTESIAN_POINT('',(0.32,-10.48,-2.84));
#6466 = LINE('',#6467,#6468);
#6467 = CARTESIAN_POINT('',(0.32,-10.48,-3.));
#6468 = VECTOR('',#6469,1.);
#6469 = DIRECTION('',(0.,0.,1.));
#6470 = ORIENTED_EDGE('',*,*,#6471,.F.);
#6471 = EDGE_CURVE('',#6440,#6464,#6472,.T.);
#6472 = LINE('',#6473,#6474);
#6473 = CARTESIAN_POINT('',(-0.32,-10.48,-2.84));
#6474 = VECTOR('',#6475,1.);
#6475 = DIRECTION('',(1.,0.,0.));
#6476 = ORIENTED_EDGE('',*,*,#6439,.T.);
#6477 = ORIENTED_EDGE('',*,*,#4885,.F.);
#6478 = PLANE('',#6479);
#6479 = AXIS2_PLACEMENT_3D('',#6480,#6481,#6482);
#6480 = CARTESIAN_POINT('',(-0.32,-10.48,-3.));
#6481 = DIRECTION('',(0.,1.,0.));
#6482 = DIRECTION('',(0.,-0.,1.));
#6483 = ADVANCED_FACE('',(#6484),#6495,.T.);
#6484 = FACE_BOUND('',#6485,.T.);
#6485 = EDGE_LOOP('',(#6486,#6487,#6493,#6494));
#6486 = ORIENTED_EDGE('',*,*,#6463,.F.);
#6487 = ORIENTED_EDGE('',*,*,#6488,.T.);
#6488 = EDGE_CURVE('',#6464,#6409,#6489,.T.);
#6489 = LINE('',#6490,#6491);
#6490 = CARTESIAN_POINT('',(0.32,-10.48,-2.84));
#6491 = VECTOR('',#6492,1.);
#6492 = DIRECTION('',(0.,1.,0.));
#6493 = ORIENTED_EDGE('',*,*,#6408,.T.);
#6494 = ORIENTED_EDGE('',*,*,#4877,.F.);
#6495 = PLANE('',#6496);
#6496 = AXIS2_PLACEMENT_3D('',#6497,#6498,#6499);
#6497 = CARTESIAN_POINT('',(0.32,-10.48,-3.));
#6498 = DIRECTION('',(1.,0.,0.));
#6499 = DIRECTION('',(0.,0.,1.));
#6500 = ADVANCED_FACE('',(#6501),#6526,.F.);
#6501 = FACE_BOUND('',#6502,.F.);
#6502 = EDGE_LOOP('',(#6503,#6511,#6519,#6525));
#6503 = ORIENTED_EDGE('',*,*,#6504,.F.);
#6504 = EDGE_CURVE('',#6505,#4902,#6507,.T.);
#6505 = VERTEX_POINT('',#6506);
#6506 = CARTESIAN_POINT('',(0.32,-7.94,-2.84));
#6507 = LINE('',#6508,#6509);
#6508 = CARTESIAN_POINT('',(0.32,-7.94,-3.));
#6509 = VECTOR('',#6510,1.);
#6510 = DIRECTION('',(0.,0.,1.));
#6511 = ORIENTED_EDGE('',*,*,#6512,.F.);
#6512 = EDGE_CURVE('',#6513,#6505,#6515,.T.);
#6513 = VERTEX_POINT('',#6514);
#6514 = CARTESIAN_POINT('',(-0.32,-7.94,-2.84));
#6515 = LINE('',#6516,#6517);
#6516 = CARTESIAN_POINT('',(-0.32,-7.94,-2.84));
#6517 = VECTOR('',#6518,1.);
#6518 = DIRECTION('',(1.,0.,0.));
#6519 = ORIENTED_EDGE('',*,*,#6520,.T.);
#6520 = EDGE_CURVE('',#6513,#4904,#6521,.T.);
#6521 = LINE('',#6522,#6523);
#6522 = CARTESIAN_POINT('',(-0.32,-7.94,-3.));
#6523 = VECTOR('',#6524,1.);
#6524 = DIRECTION('',(0.,0.,1.));
#6525 = ORIENTED_EDGE('',*,*,#4901,.F.);
#6526 = PLANE('',#6527);
#6527 = AXIS2_PLACEMENT_3D('',#6528,#6529,#6530);
#6528 = CARTESIAN_POINT('',(-0.32,-7.94,-3.));
#6529 = DIRECTION('',(0.,1.,0.));
#6530 = DIRECTION('',(0.,-0.,1.));
#6531 = ADVANCED_FACE('',(#6532),#6550,.T.);
#6532 = FACE_BOUND('',#6533,.T.);
#6533 = EDGE_LOOP('',(#6534,#6535,#6543,#6549));
#6534 = ORIENTED_EDGE('',*,*,#6504,.F.);
#6535 = ORIENTED_EDGE('',*,*,#6536,.T.);
#6536 = EDGE_CURVE('',#6505,#6537,#6539,.T.);
#6537 = VERTEX_POINT('',#6538);
#6538 = CARTESIAN_POINT('',(0.32,-7.3,-2.84));
#6539 = LINE('',#6540,#6541);
#6540 = CARTESIAN_POINT('',(0.32,-7.94,-2.84));
#6541 = VECTOR('',#6542,1.);
#6542 = DIRECTION('',(0.,1.,0.));
#6543 = ORIENTED_EDGE('',*,*,#6544,.T.);
#6544 = EDGE_CURVE('',#6537,#4920,#6545,.T.);
#6545 = LINE('',#6546,#6547);
#6546 = CARTESIAN_POINT('',(0.32,-7.3,-3.));
#6547 = VECTOR('',#6548,1.);
#6548 = DIRECTION('',(0.,0.,1.));
#6549 = ORIENTED_EDGE('',*,*,#4927,.F.);
#6550 = PLANE('',#6551);
#6551 = AXIS2_PLACEMENT_3D('',#6552,#6553,#6554);
#6552 = CARTESIAN_POINT('',(0.32,-7.94,-3.));
#6553 = DIRECTION('',(1.,0.,0.));
#6554 = DIRECTION('',(0.,0.,1.));
#6555 = ADVANCED_FACE('',(#6556),#6574,.T.);
#6556 = FACE_BOUND('',#6557,.T.);
#6557 = EDGE_LOOP('',(#6558,#6559,#6567,#6573));
#6558 = ORIENTED_EDGE('',*,*,#6544,.F.);
#6559 = ORIENTED_EDGE('',*,*,#6560,.F.);
#6560 = EDGE_CURVE('',#6561,#6537,#6563,.T.);
#6561 = VERTEX_POINT('',#6562);
#6562 = CARTESIAN_POINT('',(-0.32,-7.3,-2.84));
#6563 = LINE('',#6564,#6565);
#6564 = CARTESIAN_POINT('',(-0.32,-7.3,-2.84));
#6565 = VECTOR('',#6566,1.);
#6566 = DIRECTION('',(1.,0.,0.));
#6567 = ORIENTED_EDGE('',*,*,#6568,.T.);
#6568 = EDGE_CURVE('',#6561,#4912,#6569,.T.);
#6569 = LINE('',#6570,#6571);
#6570 = CARTESIAN_POINT('',(-0.32,-7.3,-3.));
#6571 = VECTOR('',#6572,1.);
#6572 = DIRECTION('',(0.,0.,1.));
#6573 = ORIENTED_EDGE('',*,*,#4919,.F.);
#6574 = PLANE('',#6575);
#6575 = AXIS2_PLACEMENT_3D('',#6576,#6577,#6578);
#6576 = CARTESIAN_POINT('',(-0.32,-7.3,-3.));
#6577 = DIRECTION('',(0.,1.,0.));
#6578 = DIRECTION('',(0.,-0.,1.));
#6579 = ADVANCED_FACE('',(#6580),#6591,.F.);
#6580 = FACE_BOUND('',#6581,.F.);
#6581 = EDGE_LOOP('',(#6582,#6583,#6589,#6590));
#6582 = ORIENTED_EDGE('',*,*,#6520,.F.);
#6583 = ORIENTED_EDGE('',*,*,#6584,.T.);
#6584 = EDGE_CURVE('',#6513,#6561,#6585,.T.);
#6585 = LINE('',#6586,#6587);
#6586 = CARTESIAN_POINT('',(-0.32,-7.94,-2.84));
#6587 = VECTOR('',#6588,1.);
#6588 = DIRECTION('',(0.,1.,0.));
#6589 = ORIENTED_EDGE('',*,*,#6568,.T.);
#6590 = ORIENTED_EDGE('',*,*,#4911,.F.);
#6591 = PLANE('',#6592);
#6592 = AXIS2_PLACEMENT_3D('',#6593,#6594,#6595);
#6593 = CARTESIAN_POINT('',(-0.32,-7.94,-3.));
#6594 = DIRECTION('',(1.,0.,0.));
#6595 = DIRECTION('',(0.,0.,1.));
#6596 = ADVANCED_FACE('',(#6597),#6622,.T.);
#6597 = FACE_BOUND('',#6598,.T.);
#6598 = EDGE_LOOP('',(#6599,#6607,#6608,#6616));
#6599 = ORIENTED_EDGE('',*,*,#6600,.F.);
#6600 = EDGE_CURVE('',#5225,#6601,#6603,.T.);
#6601 = VERTEX_POINT('',#6602);
#6602 = CARTESIAN_POINT('',(0.32,-0.32,8.38));
#6603 = LINE('',#6604,#6605);
#6604 = CARTESIAN_POINT('',(0.32,-0.32,-3.));
#6605 = VECTOR('',#6606,1.);
#6606 = DIRECTION('',(0.,0.,1.));
#6607 = ORIENTED_EDGE('',*,*,#5224,.T.);
#6608 = ORIENTED_EDGE('',*,*,#6609,.T.);
#6609 = EDGE_CURVE('',#5227,#6610,#6612,.T.);
#6610 = VERTEX_POINT('',#6611);
#6611 = CARTESIAN_POINT('',(0.32,0.32,8.38));
#6612 = LINE('',#6613,#6614);
#6613 = CARTESIAN_POINT('',(0.32,0.32,-3.));
#6614 = VECTOR('',#6615,1.);
#6615 = DIRECTION('',(0.,0.,1.));
#6616 = ORIENTED_EDGE('',*,*,#6617,.F.);
#6617 = EDGE_CURVE('',#6601,#6610,#6618,.T.);
#6618 = LINE('',#6619,#6620);
#6619 = CARTESIAN_POINT('',(0.32,-0.32,8.38));
#6620 = VECTOR('',#6621,1.);
#6621 = DIRECTION('',(0.,1.,0.));
#6622 = PLANE('',#6623);
#6623 = AXIS2_PLACEMENT_3D('',#6624,#6625,#6626);
#6624 = CARTESIAN_POINT('',(0.32,-0.32,-3.));
#6625 = DIRECTION('',(1.,0.,0.));
#6626 = DIRECTION('',(0.,0.,1.));
#6627 = ADVANCED_FACE('',(#6628),#6646,.T.);
#6628 = FACE_BOUND('',#6629,.T.);
#6629 = EDGE_LOOP('',(#6630,#6631,#6632,#6640));
#6630 = ORIENTED_EDGE('',*,*,#6609,.F.);
#6631 = ORIENTED_EDGE('',*,*,#5250,.T.);
#6632 = ORIENTED_EDGE('',*,*,#6633,.T.);
#6633 = EDGE_CURVE('',#5243,#6634,#6636,.T.);
#6634 = VERTEX_POINT('',#6635);
#6635 = CARTESIAN_POINT('',(-0.32,0.32,8.38));
#6636 = LINE('',#6637,#6638);
#6637 = CARTESIAN_POINT('',(-0.32,0.32,-3.));
#6638 = VECTOR('',#6639,1.);
#6639 = DIRECTION('',(0.,0.,1.));
#6640 = ORIENTED_EDGE('',*,*,#6641,.T.);
#6641 = EDGE_CURVE('',#6634,#6610,#6642,.T.);
#6642 = LINE('',#6643,#6644);
#6643 = CARTESIAN_POINT('',(-0.32,0.32,8.38));
#6644 = VECTOR('',#6645,1.);
#6645 = DIRECTION('',(1.,0.,0.));
#6646 = PLANE('',#6647);
#6647 = AXIS2_PLACEMENT_3D('',#6648,#6649,#6650);
#6648 = CARTESIAN_POINT('',(-0.32,0.32,-3.));
#6649 = DIRECTION('',(0.,1.,0.));
#6650 = DIRECTION('',(0.,-0.,1.));
#6651 = ADVANCED_FACE('',(#6652),#6670,.F.);
#6652 = FACE_BOUND('',#6653,.F.);
#6653 = EDGE_LOOP('',(#6654,#6662,#6663,#6664));
#6654 = ORIENTED_EDGE('',*,*,#6655,.F.);
#6655 = EDGE_CURVE('',#5235,#6656,#6658,.T.);
#6656 = VERTEX_POINT('',#6657);
#6657 = CARTESIAN_POINT('',(-0.32,-0.32,8.38));
#6658 = LINE('',#6659,#6660);
#6659 = CARTESIAN_POINT('',(-0.32,-0.32,-3.));
#6660 = VECTOR('',#6661,1.);
#6661 = DIRECTION('',(0.,0.,1.));
#6662 = ORIENTED_EDGE('',*,*,#5242,.T.);
#6663 = ORIENTED_EDGE('',*,*,#6633,.T.);
#6664 = ORIENTED_EDGE('',*,*,#6665,.F.);
#6665 = EDGE_CURVE('',#6656,#6634,#6666,.T.);
#6666 = LINE('',#6667,#6668);
#6667 = CARTESIAN_POINT('',(-0.32,-0.32,8.38));
#6668 = VECTOR('',#6669,1.);
#6669 = DIRECTION('',(0.,1.,0.));
#6670 = PLANE('',#6671);
#6671 = AXIS2_PLACEMENT_3D('',#6672,#6673,#6674);
#6672 = CARTESIAN_POINT('',(-0.32,-0.32,-3.));
#6673 = DIRECTION('',(1.,0.,0.));
#6674 = DIRECTION('',(0.,0.,1.));
#6675 = ADVANCED_FACE('',(#6676),#6687,.F.);
#6676 = FACE_BOUND('',#6677,.F.);
#6677 = EDGE_LOOP('',(#6678,#6679,#6680,#6681));
#6678 = ORIENTED_EDGE('',*,*,#6600,.F.);
#6679 = ORIENTED_EDGE('',*,*,#5234,.T.);
#6680 = ORIENTED_EDGE('',*,*,#6655,.T.);
#6681 = ORIENTED_EDGE('',*,*,#6682,.T.);
#6682 = EDGE_CURVE('',#6656,#6601,#6683,.T.);
#6683 = LINE('',#6684,#6685);
#6684 = CARTESIAN_POINT('',(-0.32,-0.32,8.38));
#6685 = VECTOR('',#6686,1.);
#6686 = DIRECTION('',(1.,0.,0.));
#6687 = PLANE('',#6688);
#6688 = AXIS2_PLACEMENT_3D('',#6689,#6690,#6691);
#6689 = CARTESIAN_POINT('',(-0.32,-0.32,-3.));
#6690 = DIRECTION('',(0.,1.,0.));
#6691 = DIRECTION('',(0.,-0.,1.));
#6692 = ADVANCED_FACE('',(#6693),#6718,.T.);
#6693 = FACE_BOUND('',#6694,.T.);
#6694 = EDGE_LOOP('',(#6695,#6703,#6704,#6712));
#6695 = ORIENTED_EDGE('',*,*,#6696,.F.);
#6696 = EDGE_CURVE('',#5259,#6697,#6699,.T.);
#6697 = VERTEX_POINT('',#6698);
#6698 = CARTESIAN_POINT('',(0.32,-5.4,8.38));
#6699 = LINE('',#6700,#6701);
#6700 = CARTESIAN_POINT('',(0.32,-5.4,-3.));
#6701 = VECTOR('',#6702,1.);
#6702 = DIRECTION('',(0.,0.,1.));
#6703 = ORIENTED_EDGE('',*,*,#5258,.T.);
#6704 = ORIENTED_EDGE('',*,*,#6705,.T.);
#6705 = EDGE_CURVE('',#5261,#6706,#6708,.T.);
#6706 = VERTEX_POINT('',#6707);
#6707 = CARTESIAN_POINT('',(0.32,-4.76,8.38));
#6708 = LINE('',#6709,#6710);
#6709 = CARTESIAN_POINT('',(0.32,-4.76,-3.));
#6710 = VECTOR('',#6711,1.);
#6711 = DIRECTION('',(0.,0.,1.));
#6712 = ORIENTED_EDGE('',*,*,#6713,.F.);
#6713 = EDGE_CURVE('',#6697,#6706,#6714,.T.);
#6714 = LINE('',#6715,#6716);
#6715 = CARTESIAN_POINT('',(0.32,-5.4,8.38));
#6716 = VECTOR('',#6717,1.);
#6717 = DIRECTION('',(0.,1.,0.));
#6718 = PLANE('',#6719);
#6719 = AXIS2_PLACEMENT_3D('',#6720,#6721,#6722);
#6720 = CARTESIAN_POINT('',(0.32,-5.4,-3.));
#6721 = DIRECTION('',(1.,0.,0.));
#6722 = DIRECTION('',(0.,0.,1.));
#6723 = ADVANCED_FACE('',(#6724),#6742,.T.);
#6724 = FACE_BOUND('',#6725,.T.);
#6725 = EDGE_LOOP('',(#6726,#6727,#6728,#6736));
#6726 = ORIENTED_EDGE('',*,*,#6705,.F.);
#6727 = ORIENTED_EDGE('',*,*,#5284,.T.);
#6728 = ORIENTED_EDGE('',*,*,#6729,.T.);
#6729 = EDGE_CURVE('',#5277,#6730,#6732,.T.);
#6730 = VERTEX_POINT('',#6731);
#6731 = CARTESIAN_POINT('',(-0.32,-4.76,8.38));
#6732 = LINE('',#6733,#6734);
#6733 = CARTESIAN_POINT('',(-0.32,-4.76,-3.));
#6734 = VECTOR('',#6735,1.);
#6735 = DIRECTION('',(0.,0.,1.));
#6736 = ORIENTED_EDGE('',*,*,#6737,.T.);
#6737 = EDGE_CURVE('',#6730,#6706,#6738,.T.);
#6738 = LINE('',#6739,#6740);
#6739 = CARTESIAN_POINT('',(-0.32,-4.76,8.38));
#6740 = VECTOR('',#6741,1.);
#6741 = DIRECTION('',(1.,0.,0.));
#6742 = PLANE('',#6743);
#6743 = AXIS2_PLACEMENT_3D('',#6744,#6745,#6746);
#6744 = CARTESIAN_POINT('',(-0.32,-4.76,-3.));
#6745 = DIRECTION('',(0.,1.,0.));
#6746 = DIRECTION('',(0.,-0.,1.));
#6747 = ADVANCED_FACE('',(#6748),#6766,.F.);
#6748 = FACE_BOUND('',#6749,.F.);
#6749 = EDGE_LOOP('',(#6750,#6758,#6759,#6760));
#6750 = ORIENTED_EDGE('',*,*,#6751,.F.);
#6751 = EDGE_CURVE('',#5269,#6752,#6754,.T.);
#6752 = VERTEX_POINT('',#6753);
#6753 = CARTESIAN_POINT('',(-0.32,-5.4,8.38));
#6754 = LINE('',#6755,#6756);
#6755 = CARTESIAN_POINT('',(-0.32,-5.4,-3.));
#6756 = VECTOR('',#6757,1.);
#6757 = DIRECTION('',(0.,0.,1.));
#6758 = ORIENTED_EDGE('',*,*,#5276,.T.);
#6759 = ORIENTED_EDGE('',*,*,#6729,.T.);
#6760 = ORIENTED_EDGE('',*,*,#6761,.F.);
#6761 = EDGE_CURVE('',#6752,#6730,#6762,.T.);
#6762 = LINE('',#6763,#6764);
#6763 = CARTESIAN_POINT('',(-0.32,-5.4,8.38));
#6764 = VECTOR('',#6765,1.);
#6765 = DIRECTION('',(0.,1.,0.));
#6766 = PLANE('',#6767);
#6767 = AXIS2_PLACEMENT_3D('',#6768,#6769,#6770);
#6768 = CARTESIAN_POINT('',(-0.32,-5.4,-3.));
#6769 = DIRECTION('',(1.,0.,0.));
#6770 = DIRECTION('',(0.,0.,1.));
#6771 = ADVANCED_FACE('',(#6772),#6783,.F.);
#6772 = FACE_BOUND('',#6773,.F.);
#6773 = EDGE_LOOP('',(#6774,#6775,#6776,#6777));
#6774 = ORIENTED_EDGE('',*,*,#6696,.F.);
#6775 = ORIENTED_EDGE('',*,*,#5268,.T.);
#6776 = ORIENTED_EDGE('',*,*,#6751,.T.);
#6777 = ORIENTED_EDGE('',*,*,#6778,.T.);
#6778 = EDGE_CURVE('',#6752,#6697,#6779,.T.);
#6779 = LINE('',#6780,#6781);
#6780 = CARTESIAN_POINT('',(-0.32,-5.4,8.38));
#6781 = VECTOR('',#6782,1.);
#6782 = DIRECTION('',(1.,0.,0.));
#6783 = PLANE('',#6784);
#6784 = AXIS2_PLACEMENT_3D('',#6785,#6786,#6787);
#6785 = CARTESIAN_POINT('',(-0.32,-5.4,-3.));
#6786 = DIRECTION('',(0.,1.,0.));
#6787 = DIRECTION('',(0.,-0.,1.));
#6788 = ADVANCED_FACE('',(#6789),#6814,.T.);
#6789 = FACE_BOUND('',#6790,.T.);
#6790 = EDGE_LOOP('',(#6791,#6799,#6800,#6808));
#6791 = ORIENTED_EDGE('',*,*,#6792,.F.);
#6792 = EDGE_CURVE('',#5293,#6793,#6795,.T.);
#6793 = VERTEX_POINT('',#6794);
#6794 = CARTESIAN_POINT('',(0.32,-2.86,8.38));
#6795 = LINE('',#6796,#6797);
#6796 = CARTESIAN_POINT('',(0.32,-2.86,-3.));
#6797 = VECTOR('',#6798,1.);
#6798 = DIRECTION('',(0.,0.,1.));
#6799 = ORIENTED_EDGE('',*,*,#5292,.T.);
#6800 = ORIENTED_EDGE('',*,*,#6801,.T.);
#6801 = EDGE_CURVE('',#5295,#6802,#6804,.T.);
#6802 = VERTEX_POINT('',#6803);
#6803 = CARTESIAN_POINT('',(0.32,-2.22,8.38));
#6804 = LINE('',#6805,#6806);
#6805 = CARTESIAN_POINT('',(0.32,-2.22,-3.));
#6806 = VECTOR('',#6807,1.);
#6807 = DIRECTION('',(0.,0.,1.));
#6808 = ORIENTED_EDGE('',*,*,#6809,.F.);
#6809 = EDGE_CURVE('',#6793,#6802,#6810,.T.);
#6810 = LINE('',#6811,#6812);
#6811 = CARTESIAN_POINT('',(0.32,-2.86,8.38));
#6812 = VECTOR('',#6813,1.);
#6813 = DIRECTION('',(0.,1.,0.));
#6814 = PLANE('',#6815);
#6815 = AXIS2_PLACEMENT_3D('',#6816,#6817,#6818);
#6816 = CARTESIAN_POINT('',(0.32,-2.86,-3.));
#6817 = DIRECTION('',(1.,0.,0.));
#6818 = DIRECTION('',(0.,0.,1.));
#6819 = ADVANCED_FACE('',(#6820),#6838,.T.);
#6820 = FACE_BOUND('',#6821,.T.);
#6821 = EDGE_LOOP('',(#6822,#6823,#6824,#6832));
#6822 = ORIENTED_EDGE('',*,*,#6801,.F.);
#6823 = ORIENTED_EDGE('',*,*,#5318,.T.);
#6824 = ORIENTED_EDGE('',*,*,#6825,.T.);
#6825 = EDGE_CURVE('',#5311,#6826,#6828,.T.);
#6826 = VERTEX_POINT('',#6827);
#6827 = CARTESIAN_POINT('',(-0.32,-2.22,8.38));
#6828 = LINE('',#6829,#6830);
#6829 = CARTESIAN_POINT('',(-0.32,-2.22,-3.));
#6830 = VECTOR('',#6831,1.);
#6831 = DIRECTION('',(0.,0.,1.));
#6832 = ORIENTED_EDGE('',*,*,#6833,.T.);
#6833 = EDGE_CURVE('',#6826,#6802,#6834,.T.);
#6834 = LINE('',#6835,#6836);
#6835 = CARTESIAN_POINT('',(-0.32,-2.22,8.38));
#6836 = VECTOR('',#6837,1.);
#6837 = DIRECTION('',(1.,0.,0.));
#6838 = PLANE('',#6839);
#6839 = AXIS2_PLACEMENT_3D('',#6840,#6841,#6842);
#6840 = CARTESIAN_POINT('',(-0.32,-2.22,-3.));
#6841 = DIRECTION('',(0.,1.,0.));
#6842 = DIRECTION('',(0.,-0.,1.));
#6843 = ADVANCED_FACE('',(#6844),#6862,.F.);
#6844 = FACE_BOUND('',#6845,.F.);
#6845 = EDGE_LOOP('',(#6846,#6854,#6855,#6856));
#6846 = ORIENTED_EDGE('',*,*,#6847,.F.);
#6847 = EDGE_CURVE('',#5303,#6848,#6850,.T.);
#6848 = VERTEX_POINT('',#6849);
#6849 = CARTESIAN_POINT('',(-0.32,-2.86,8.38));
#6850 = LINE('',#6851,#6852);
#6851 = CARTESIAN_POINT('',(-0.32,-2.86,-3.));
#6852 = VECTOR('',#6853,1.);
#6853 = DIRECTION('',(0.,0.,1.));
#6854 = ORIENTED_EDGE('',*,*,#5310,.T.);
#6855 = ORIENTED_EDGE('',*,*,#6825,.T.);
#6856 = ORIENTED_EDGE('',*,*,#6857,.F.);
#6857 = EDGE_CURVE('',#6848,#6826,#6858,.T.);
#6858 = LINE('',#6859,#6860);
#6859 = CARTESIAN_POINT('',(-0.32,-2.86,8.38));
#6860 = VECTOR('',#6861,1.);
#6861 = DIRECTION('',(0.,1.,0.));
#6862 = PLANE('',#6863);
#6863 = AXIS2_PLACEMENT_3D('',#6864,#6865,#6866);
#6864 = CARTESIAN_POINT('',(-0.32,-2.86,-3.));
#6865 = DIRECTION('',(1.,0.,0.));
#6866 = DIRECTION('',(0.,0.,1.));
#6867 = ADVANCED_FACE('',(#6868),#6879,.F.);
#6868 = FACE_BOUND('',#6869,.F.);
#6869 = EDGE_LOOP('',(#6870,#6871,#6872,#6873));
#6870 = ORIENTED_EDGE('',*,*,#6792,.F.);
#6871 = ORIENTED_EDGE('',*,*,#5302,.T.);
#6872 = ORIENTED_EDGE('',*,*,#6847,.T.);
#6873 = ORIENTED_EDGE('',*,*,#6874,.T.);
#6874 = EDGE_CURVE('',#6848,#6793,#6875,.T.);
#6875 = LINE('',#6876,#6877);
#6876 = CARTESIAN_POINT('',(-0.32,-2.86,8.38));
#6877 = VECTOR('',#6878,1.);
#6878 = DIRECTION('',(1.,0.,0.));
#6879 = PLANE('',#6880);
#6880 = AXIS2_PLACEMENT_3D('',#6881,#6882,#6883);
#6881 = CARTESIAN_POINT('',(-0.32,-2.86,-3.));
#6882 = DIRECTION('',(0.,1.,0.));
#6883 = DIRECTION('',(0.,-0.,1.));
#6884 = ADVANCED_FACE('',(#6885),#6910,.F.);
#6885 = FACE_BOUND('',#6886,.F.);
#6886 = EDGE_LOOP('',(#6887,#6895,#6896,#6904));
#6887 = ORIENTED_EDGE('',*,*,#6888,.F.);
#6888 = EDGE_CURVE('',#5327,#6889,#6891,.T.);
#6889 = VERTEX_POINT('',#6890);
#6890 = CARTESIAN_POINT('',(0.32,-13.02,8.38));
#6891 = LINE('',#6892,#6893);
#6892 = CARTESIAN_POINT('',(0.32,-13.02,-3.));
#6893 = VECTOR('',#6894,1.);
#6894 = DIRECTION('',(0.,0.,1.));
#6895 = ORIENTED_EDGE('',*,*,#5326,.T.);
#6896 = ORIENTED_EDGE('',*,*,#6897,.T.);
#6897 = EDGE_CURVE('',#5329,#6898,#6900,.T.);
#6898 = VERTEX_POINT('',#6899);
#6899 = CARTESIAN_POINT('',(-0.32,-13.02,8.38));
#6900 = LINE('',#6901,#6902);
#6901 = CARTESIAN_POINT('',(-0.32,-13.02,-3.));
#6902 = VECTOR('',#6903,1.);
#6903 = DIRECTION('',(0.,0.,1.));
#6904 = ORIENTED_EDGE('',*,*,#6905,.T.);
#6905 = EDGE_CURVE('',#6898,#6889,#6906,.T.);
#6906 = LINE('',#6907,#6908);
#6907 = CARTESIAN_POINT('',(-0.32,-13.02,8.38));
#6908 = VECTOR('',#6909,1.);
#6909 = DIRECTION('',(1.,0.,0.));
#6910 = PLANE('',#6911);
#6911 = AXIS2_PLACEMENT_3D('',#6912,#6913,#6914);
#6912 = CARTESIAN_POINT('',(-0.32,-13.02,-3.));
#6913 = DIRECTION('',(0.,1.,0.));
#6914 = DIRECTION('',(0.,-0.,1.));
#6915 = ADVANCED_FACE('',(#6916),#6934,.T.);
#6916 = FACE_BOUND('',#6917,.T.);
#6917 = EDGE_LOOP('',(#6918,#6919,#6920,#6928));
#6918 = ORIENTED_EDGE('',*,*,#6888,.F.);
#6919 = ORIENTED_EDGE('',*,*,#5352,.T.);
#6920 = ORIENTED_EDGE('',*,*,#6921,.T.);
#6921 = EDGE_CURVE('',#5345,#6922,#6924,.T.);
#6922 = VERTEX_POINT('',#6923);
#6923 = CARTESIAN_POINT('',(0.32,-12.38,8.38));
#6924 = LINE('',#6925,#6926);
#6925 = CARTESIAN_POINT('',(0.32,-12.38,-3.));
#6926 = VECTOR('',#6927,1.);
#6927 = DIRECTION('',(0.,0.,1.));
#6928 = ORIENTED_EDGE('',*,*,#6929,.F.);
#6929 = EDGE_CURVE('',#6889,#6922,#6930,.T.);
#6930 = LINE('',#6931,#6932);
#6931 = CARTESIAN_POINT('',(0.32,-13.02,8.38));
#6932 = VECTOR('',#6933,1.);
#6933 = DIRECTION('',(0.,1.,0.));
#6934 = PLANE('',#6935);
#6935 = AXIS2_PLACEMENT_3D('',#6936,#6937,#6938);
#6936 = CARTESIAN_POINT('',(0.32,-13.02,-3.));
#6937 = DIRECTION('',(1.,0.,0.));
#6938 = DIRECTION('',(0.,0.,1.));
#6939 = ADVANCED_FACE('',(#6940),#6958,.T.);
#6940 = FACE_BOUND('',#6941,.T.);
#6941 = EDGE_LOOP('',(#6942,#6943,#6944,#6952));
#6942 = ORIENTED_EDGE('',*,*,#6921,.F.);
#6943 = ORIENTED_EDGE('',*,*,#5344,.T.);
#6944 = ORIENTED_EDGE('',*,*,#6945,.T.);
#6945 = EDGE_CURVE('',#5337,#6946,#6948,.T.);
#6946 = VERTEX_POINT('',#6947);
#6947 = CARTESIAN_POINT('',(-0.32,-12.38,8.38));
#6948 = LINE('',#6949,#6950);
#6949 = CARTESIAN_POINT('',(-0.32,-12.38,-3.));
#6950 = VECTOR('',#6951,1.);
#6951 = DIRECTION('',(0.,0.,1.));
#6952 = ORIENTED_EDGE('',*,*,#6953,.T.);
#6953 = EDGE_CURVE('',#6946,#6922,#6954,.T.);
#6954 = LINE('',#6955,#6956);
#6955 = CARTESIAN_POINT('',(-0.32,-12.38,8.38));
#6956 = VECTOR('',#6957,1.);
#6957 = DIRECTION('',(1.,0.,0.));
#6958 = PLANE('',#6959);
#6959 = AXIS2_PLACEMENT_3D('',#6960,#6961,#6962);
#6960 = CARTESIAN_POINT('',(-0.32,-12.38,-3.));
#6961 = DIRECTION('',(0.,1.,0.));
#6962 = DIRECTION('',(0.,-0.,1.));
#6963 = ADVANCED_FACE('',(#6964),#6975,.F.);
#6964 = FACE_BOUND('',#6965,.F.);
#6965 = EDGE_LOOP('',(#6966,#6967,#6968,#6969));
#6966 = ORIENTED_EDGE('',*,*,#6897,.F.);
#6967 = ORIENTED_EDGE('',*,*,#5336,.T.);
#6968 = ORIENTED_EDGE('',*,*,#6945,.T.);
#6969 = ORIENTED_EDGE('',*,*,#6970,.F.);
#6970 = EDGE_CURVE('',#6898,#6946,#6971,.T.);
#6971 = LINE('',#6972,#6973);
#6972 = CARTESIAN_POINT('',(-0.32,-13.02,8.38));
#6973 = VECTOR('',#6974,1.);
#6974 = DIRECTION('',(0.,1.,0.));
#6975 = PLANE('',#6976);
#6976 = AXIS2_PLACEMENT_3D('',#6977,#6978,#6979);
#6977 = CARTESIAN_POINT('',(-0.32,-13.02,-3.));
#6978 = DIRECTION('',(1.,0.,0.));
#6979 = DIRECTION('',(0.,0.,1.));
#6980 = ADVANCED_FACE('',(#6981),#7006,.T.);
#6981 = FACE_BOUND('',#6982,.T.);
#6982 = EDGE_LOOP('',(#6983,#6991,#6992,#7000));
#6983 = ORIENTED_EDGE('',*,*,#6984,.F.);
#6984 = EDGE_CURVE('',#5361,#6985,#6987,.T.);
#6985 = VERTEX_POINT('',#6986);
#6986 = CARTESIAN_POINT('',(0.32,-9.84,8.38));
#6987 = LINE('',#6988,#6989);
#6988 = CARTESIAN_POINT('',(0.32,-9.84,-3.));
#6989 = VECTOR('',#6990,1.);
#6990 = DIRECTION('',(0.,0.,1.));
#6991 = ORIENTED_EDGE('',*,*,#5360,.T.);
#6992 = ORIENTED_EDGE('',*,*,#6993,.T.);
#6993 = EDGE_CURVE('',#5363,#6994,#6996,.T.);
#6994 = VERTEX_POINT('',#6995);
#6995 = CARTESIAN_POINT('',(-0.32,-9.84,8.38));
#6996 = LINE('',#6997,#6998);
#6997 = CARTESIAN_POINT('',(-0.32,-9.84,-3.));
#6998 = VECTOR('',#6999,1.);
#6999 = DIRECTION('',(0.,0.,1.));
#7000 = ORIENTED_EDGE('',*,*,#7001,.T.);
#7001 = EDGE_CURVE('',#6994,#6985,#7002,.T.);
#7002 = LINE('',#7003,#7004);
#7003 = CARTESIAN_POINT('',(-0.32,-9.84,8.38));
#7004 = VECTOR('',#7005,1.);
#7005 = DIRECTION('',(1.,0.,0.));
#7006 = PLANE('',#7007);
#7007 = AXIS2_PLACEMENT_3D('',#7008,#7009,#7010);
#7008 = CARTESIAN_POINT('',(-0.32,-9.84,-3.));
#7009 = DIRECTION('',(0.,1.,0.));
#7010 = DIRECTION('',(0.,-0.,1.));
#7011 = ADVANCED_FACE('',(#7012),#7030,.F.);
#7012 = FACE_BOUND('',#7013,.F.);
#7013 = EDGE_LOOP('',(#7014,#7022,#7023,#7024));
#7014 = ORIENTED_EDGE('',*,*,#7015,.F.);
#7015 = EDGE_CURVE('',#5379,#7016,#7018,.T.);
#7016 = VERTEX_POINT('',#7017);
#7017 = CARTESIAN_POINT('',(-0.32,-10.48,8.38));
#7018 = LINE('',#7019,#7020);
#7019 = CARTESIAN_POINT('',(-0.32,-10.48,-3.));
#7020 = VECTOR('',#7021,1.);
#7021 = DIRECTION('',(0.,0.,1.));
#7022 = ORIENTED_EDGE('',*,*,#5386,.T.);
#7023 = ORIENTED_EDGE('',*,*,#6993,.T.);
#7024 = ORIENTED_EDGE('',*,*,#7025,.F.);
#7025 = EDGE_CURVE('',#7016,#6994,#7026,.T.);
#7026 = LINE('',#7027,#7028);
#7027 = CARTESIAN_POINT('',(-0.32,-10.48,8.38));
#7028 = VECTOR('',#7029,1.);
#7029 = DIRECTION('',(0.,1.,0.));
#7030 = PLANE('',#7031);
#7031 = AXIS2_PLACEMENT_3D('',#7032,#7033,#7034);
#7032 = CARTESIAN_POINT('',(-0.32,-10.48,-3.));
#7033 = DIRECTION('',(1.,0.,0.));
#7034 = DIRECTION('',(0.,0.,1.));
#7035 = ADVANCED_FACE('',(#7036),#7054,.F.);
#7036 = FACE_BOUND('',#7037,.F.);
#7037 = EDGE_LOOP('',(#7038,#7046,#7047,#7048));
#7038 = ORIENTED_EDGE('',*,*,#7039,.F.);
#7039 = EDGE_CURVE('',#5371,#7040,#7042,.T.);
#7040 = VERTEX_POINT('',#7041);
#7041 = CARTESIAN_POINT('',(0.32,-10.48,8.38));
#7042 = LINE('',#7043,#7044);
#7043 = CARTESIAN_POINT('',(0.32,-10.48,-3.));
#7044 = VECTOR('',#7045,1.);
#7045 = DIRECTION('',(0.,0.,1.));
#7046 = ORIENTED_EDGE('',*,*,#5378,.T.);
#7047 = ORIENTED_EDGE('',*,*,#7015,.T.);
#7048 = ORIENTED_EDGE('',*,*,#7049,.T.);
#7049 = EDGE_CURVE('',#7016,#7040,#7050,.T.);
#7050 = LINE('',#7051,#7052);
#7051 = CARTESIAN_POINT('',(-0.32,-10.48,8.38));
#7052 = VECTOR('',#7053,1.);
#7053 = DIRECTION('',(1.,0.,0.));
#7054 = PLANE('',#7055);
#7055 = AXIS2_PLACEMENT_3D('',#7056,#7057,#7058);
#7056 = CARTESIAN_POINT('',(-0.32,-10.48,-3.));
#7057 = DIRECTION('',(0.,1.,0.));
#7058 = DIRECTION('',(0.,-0.,1.));
#7059 = ADVANCED_FACE('',(#7060),#7071,.T.);
#7060 = FACE_BOUND('',#7061,.T.);
#7061 = EDGE_LOOP('',(#7062,#7063,#7064,#7065));
#7062 = ORIENTED_EDGE('',*,*,#7039,.F.);
#7063 = ORIENTED_EDGE('',*,*,#5370,.T.);
#7064 = ORIENTED_EDGE('',*,*,#6984,.T.);
#7065 = ORIENTED_EDGE('',*,*,#7066,.F.);
#7066 = EDGE_CURVE('',#7040,#6985,#7067,.T.);
#7067 = LINE('',#7068,#7069);
#7068 = CARTESIAN_POINT('',(0.32,-10.48,8.38));
#7069 = VECTOR('',#7070,1.);
#7070 = DIRECTION('',(0.,1.,0.));
#7071 = PLANE('',#7072);
#7072 = AXIS2_PLACEMENT_3D('',#7073,#7074,#7075);
#7073 = CARTESIAN_POINT('',(0.32,-10.48,-3.));
#7074 = DIRECTION('',(1.,0.,0.));
#7075 = DIRECTION('',(0.,0.,1.));
#7076 = ADVANCED_FACE('',(#7077),#7102,.F.);
#7077 = FACE_BOUND('',#7078,.F.);
#7078 = EDGE_LOOP('',(#7079,#7087,#7088,#7096));
#7079 = ORIENTED_EDGE('',*,*,#7080,.F.);
#7080 = EDGE_CURVE('',#5395,#7081,#7083,.T.);
#7081 = VERTEX_POINT('',#7082);
#7082 = CARTESIAN_POINT('',(0.32,-7.94,8.38));
#7083 = LINE('',#7084,#7085);
#7084 = CARTESIAN_POINT('',(0.32,-7.94,-3.));
#7085 = VECTOR('',#7086,1.);
#7086 = DIRECTION('',(0.,0.,1.));
#7087 = ORIENTED_EDGE('',*,*,#5394,.T.);
#7088 = ORIENTED_EDGE('',*,*,#7089,.T.);
#7089 = EDGE_CURVE('',#5397,#7090,#7092,.T.);
#7090 = VERTEX_POINT('',#7091);
#7091 = CARTESIAN_POINT('',(-0.32,-7.94,8.38));
#7092 = LINE('',#7093,#7094);
#7093 = CARTESIAN_POINT('',(-0.32,-7.94,-3.));
#7094 = VECTOR('',#7095,1.);
#7095 = DIRECTION('',(0.,0.,1.));
#7096 = ORIENTED_EDGE('',*,*,#7097,.T.);
#7097 = EDGE_CURVE('',#7090,#7081,#7098,.T.);
#7098 = LINE('',#7099,#7100);
#7099 = CARTESIAN_POINT('',(-0.32,-7.94,8.38));
#7100 = VECTOR('',#7101,1.);
#7101 = DIRECTION('',(1.,0.,0.));
#7102 = PLANE('',#7103);
#7103 = AXIS2_PLACEMENT_3D('',#7104,#7105,#7106);
#7104 = CARTESIAN_POINT('',(-0.32,-7.94,-3.));
#7105 = DIRECTION('',(0.,1.,0.));
#7106 = DIRECTION('',(0.,-0.,1.));
#7107 = ADVANCED_FACE('',(#7108),#7126,.T.);
#7108 = FACE_BOUND('',#7109,.T.);
#7109 = EDGE_LOOP('',(#7110,#7111,#7112,#7120));
#7110 = ORIENTED_EDGE('',*,*,#7080,.F.);
#7111 = ORIENTED_EDGE('',*,*,#5420,.T.);
#7112 = ORIENTED_EDGE('',*,*,#7113,.T.);
#7113 = EDGE_CURVE('',#5413,#7114,#7116,.T.);
#7114 = VERTEX_POINT('',#7115);
#7115 = CARTESIAN_POINT('',(0.32,-7.3,8.38));
#7116 = LINE('',#7117,#7118);
#7117 = CARTESIAN_POINT('',(0.32,-7.3,-3.));
#7118 = VECTOR('',#7119,1.);
#7119 = DIRECTION('',(0.,0.,1.));
#7120 = ORIENTED_EDGE('',*,*,#7121,.F.);
#7121 = EDGE_CURVE('',#7081,#7114,#7122,.T.);
#7122 = LINE('',#7123,#7124);
#7123 = CARTESIAN_POINT('',(0.32,-7.94,8.38));
#7124 = VECTOR('',#7125,1.);
#7125 = DIRECTION('',(0.,1.,0.));
#7126 = PLANE('',#7127);
#7127 = AXIS2_PLACEMENT_3D('',#7128,#7129,#7130);
#7128 = CARTESIAN_POINT('',(0.32,-7.94,-3.));
#7129 = DIRECTION('',(1.,0.,0.));
#7130 = DIRECTION('',(0.,0.,1.));
#7131 = ADVANCED_FACE('',(#7132),#7150,.T.);
#7132 = FACE_BOUND('',#7133,.T.);
#7133 = EDGE_LOOP('',(#7134,#7135,#7136,#7144));
#7134 = ORIENTED_EDGE('',*,*,#7113,.F.);
#7135 = ORIENTED_EDGE('',*,*,#5412,.T.);
#7136 = ORIENTED_EDGE('',*,*,#7137,.T.);
#7137 = EDGE_CURVE('',#5405,#7138,#7140,.T.);
#7138 = VERTEX_POINT('',#7139);
#7139 = CARTESIAN_POINT('',(-0.32,-7.3,8.38));
#7140 = LINE('',#7141,#7142);
#7141 = CARTESIAN_POINT('',(-0.32,-7.3,-3.));
#7142 = VECTOR('',#7143,1.);
#7143 = DIRECTION('',(0.,0.,1.));
#7144 = ORIENTED_EDGE('',*,*,#7145,.T.);
#7145 = EDGE_CURVE('',#7138,#7114,#7146,.T.);
#7146 = LINE('',#7147,#7148);
#7147 = CARTESIAN_POINT('',(-0.32,-7.3,8.38));
#7148 = VECTOR('',#7149,1.);
#7149 = DIRECTION('',(1.,0.,0.));
#7150 = PLANE('',#7151);
#7151 = AXIS2_PLACEMENT_3D('',#7152,#7153,#7154);
#7152 = CARTESIAN_POINT('',(-0.32,-7.3,-3.));
#7153 = DIRECTION('',(0.,1.,0.));
#7154 = DIRECTION('',(0.,-0.,1.));
#7155 = ADVANCED_FACE('',(#7156),#7167,.F.);
#7156 = FACE_BOUND('',#7157,.F.);
#7157 = EDGE_LOOP('',(#7158,#7159,#7160,#7161));
#7158 = ORIENTED_EDGE('',*,*,#7089,.F.);
#7159 = ORIENTED_EDGE('',*,*,#5404,.T.);
#7160 = ORIENTED_EDGE('',*,*,#7137,.T.);
#7161 = ORIENTED_EDGE('',*,*,#7162,.F.);
#7162 = EDGE_CURVE('',#7090,#7138,#7163,.T.);
#7163 = LINE('',#7164,#7165);
#7164 = CARTESIAN_POINT('',(-0.32,-7.94,8.38));
#7165 = VECTOR('',#7166,1.);
#7166 = DIRECTION('',(0.,1.,0.));
#7167 = PLANE('',#7168);
#7168 = AXIS2_PLACEMENT_3D('',#7169,#7170,#7171);
#7169 = CARTESIAN_POINT('',(-0.32,-7.94,-3.));
#7170 = DIRECTION('',(1.,0.,0.));
#7171 = DIRECTION('',(0.,0.,1.));
#7172 = ADVANCED_FACE('',(#7173),#7198,.F.);
#7173 = FACE_BOUND('',#7174,.F.);
#7174 = EDGE_LOOP('',(#7175,#7183,#7184,#7192));
#7175 = ORIENTED_EDGE('',*,*,#7176,.F.);
#7176 = EDGE_CURVE('',#6025,#7177,#7179,.T.);
#7177 = VERTEX_POINT('',#7178);
#7178 = CARTESIAN_POINT('',(0.16,-0.16,-3.));
#7179 = LINE('',#7180,#7181);
#7180 = CARTESIAN_POINT('',(0.16,-0.16,-3.));
#7181 = VECTOR('',#7182,1.);
#7182 = DIRECTION('',(-0.57735026919,0.57735026919,-0.57735026919));
#7183 = ORIENTED_EDGE('',*,*,#6032,.T.);
#7184 = ORIENTED_EDGE('',*,*,#7185,.T.);
#7185 = EDGE_CURVE('',#6033,#7186,#7188,.T.);
#7186 = VERTEX_POINT('',#7187);
#7187 = CARTESIAN_POINT('',(0.16,0.16,-3.));
#7188 = LINE('',#7189,#7190);
#7189 = CARTESIAN_POINT('',(5.333333333333E-02,5.333333333333E-02,
    -3.106666666667));
#7190 = VECTOR('',#7191,1.);
#7191 = DIRECTION('',(-0.57735026919,-0.57735026919,-0.57735026919));
#7192 = ORIENTED_EDGE('',*,*,#7193,.F.);
#7193 = EDGE_CURVE('',#7177,#7186,#7194,.T.);
#7194 = LINE('',#7195,#7196);
#7195 = CARTESIAN_POINT('',(0.16,-0.32,-3.));
#7196 = VECTOR('',#7197,1.);
#7197 = DIRECTION('',(0.,1.,0.));
#7198 = PLANE('',#7199);
#7199 = AXIS2_PLACEMENT_3D('',#7200,#7201,#7202);
#7200 = CARTESIAN_POINT('',(0.24,-0.32,-2.92));
#7201 = DIRECTION('',(-0.707106781187,1.735167508357E-18,0.707106781187)
  );
#7202 = DIRECTION('',(1.226948711654E-18,1.,-1.226948711654E-18));
#7203 = ADVANCED_FACE('',(#7204),#7222,.F.);
#7204 = FACE_BOUND('',#7205,.T.);
#7205 = EDGE_LOOP('',(#7206,#7214,#7215,#7216));
#7206 = ORIENTED_EDGE('',*,*,#7207,.F.);
#7207 = EDGE_CURVE('',#6057,#7208,#7210,.T.);
#7208 = VERTEX_POINT('',#7209);
#7209 = CARTESIAN_POINT('',(-0.16,0.16,-3.));
#7210 = LINE('',#7211,#7212);
#7211 = CARTESIAN_POINT('',(-0.16,0.16,-3.));
#7212 = VECTOR('',#7213,1.);
#7213 = DIRECTION('',(0.57735026919,-0.57735026919,-0.57735026919));
#7214 = ORIENTED_EDGE('',*,*,#6056,.T.);
#7215 = ORIENTED_EDGE('',*,*,#7185,.T.);
#7216 = ORIENTED_EDGE('',*,*,#7217,.F.);
#7217 = EDGE_CURVE('',#7208,#7186,#7218,.T.);
#7218 = LINE('',#7219,#7220);
#7219 = CARTESIAN_POINT('',(-0.32,0.16,-3.));
#7220 = VECTOR('',#7221,1.);
#7221 = DIRECTION('',(1.,0.,0.));
#7222 = PLANE('',#7223);
#7223 = AXIS2_PLACEMENT_3D('',#7224,#7225,#7226);
#7224 = CARTESIAN_POINT('',(-0.32,0.24,-2.92));
#7225 = DIRECTION('',(-1.735167508357E-18,-0.707106781187,0.707106781187
    ));
#7226 = DIRECTION('',(-1.,1.226948711654E-18,-1.226948711654E-18));
#7227 = ADVANCED_FACE('',(#7228),#7246,.T.);
#7228 = FACE_BOUND('',#7229,.T.);
#7229 = EDGE_LOOP('',(#7230,#7238,#7239,#7240));
#7230 = ORIENTED_EDGE('',*,*,#7231,.F.);
#7231 = EDGE_CURVE('',#6080,#7232,#7234,.T.);
#7232 = VERTEX_POINT('',#7233);
#7233 = CARTESIAN_POINT('',(-0.16,-0.16,-3.));
#7234 = LINE('',#7235,#7236);
#7235 = CARTESIAN_POINT('',(-0.266666666667,-0.266666666667,
    -2.893333333333));
#7236 = VECTOR('',#7237,1.);
#7237 = DIRECTION('',(0.57735026919,0.57735026919,-0.57735026919));
#7238 = ORIENTED_EDGE('',*,*,#6087,.T.);
#7239 = ORIENTED_EDGE('',*,*,#7207,.T.);
#7240 = ORIENTED_EDGE('',*,*,#7241,.F.);
#7241 = EDGE_CURVE('',#7232,#7208,#7242,.T.);
#7242 = LINE('',#7243,#7244);
#7243 = CARTESIAN_POINT('',(-0.16,-0.32,-3.));
#7244 = VECTOR('',#7245,1.);
#7245 = DIRECTION('',(0.,1.,0.));
#7246 = PLANE('',#7247);
#7247 = AXIS2_PLACEMENT_3D('',#7248,#7249,#7250);
#7248 = CARTESIAN_POINT('',(-0.24,-0.32,-2.92));
#7249 = DIRECTION('',(-0.707106781187,-1.735167508357E-18,
    -0.707106781187));
#7250 = DIRECTION('',(-1.226948711654E-18,1.,-1.226948711654E-18));
#7251 = ADVANCED_FACE('',(#7252),#7263,.T.);
#7252 = FACE_BOUND('',#7253,.F.);
#7253 = EDGE_LOOP('',(#7254,#7255,#7256,#7257));
#7254 = ORIENTED_EDGE('',*,*,#7231,.F.);
#7255 = ORIENTED_EDGE('',*,*,#6104,.T.);
#7256 = ORIENTED_EDGE('',*,*,#7176,.T.);
#7257 = ORIENTED_EDGE('',*,*,#7258,.F.);
#7258 = EDGE_CURVE('',#7232,#7177,#7259,.T.);
#7259 = LINE('',#7260,#7261);
#7260 = CARTESIAN_POINT('',(-0.32,-0.16,-3.));
#7261 = VECTOR('',#7262,1.);
#7262 = DIRECTION('',(1.,0.,0.));
#7263 = PLANE('',#7264);
#7264 = AXIS2_PLACEMENT_3D('',#7265,#7266,#7267);
#7265 = CARTESIAN_POINT('',(-0.32,-0.24,-2.92));
#7266 = DIRECTION('',(1.735167508357E-18,-0.707106781187,-0.707106781187
    ));
#7267 = DIRECTION('',(-1.,-1.226948711654E-18,-1.226948711654E-18));
#7268 = ADVANCED_FACE('',(#7269),#7294,.F.);
#7269 = FACE_BOUND('',#7270,.F.);
#7270 = EDGE_LOOP('',(#7271,#7279,#7280,#7288));
#7271 = ORIENTED_EDGE('',*,*,#7272,.F.);
#7272 = EDGE_CURVE('',#6121,#7273,#7275,.T.);
#7273 = VERTEX_POINT('',#7274);
#7274 = CARTESIAN_POINT('',(0.16,-5.24,-3.));
#7275 = LINE('',#7276,#7277);
#7276 = CARTESIAN_POINT('',(0.16,-5.24,-3.));
#7277 = VECTOR('',#7278,1.);
#7278 = DIRECTION('',(-0.57735026919,0.57735026919,-0.57735026919));
#7279 = ORIENTED_EDGE('',*,*,#6128,.T.);
#7280 = ORIENTED_EDGE('',*,*,#7281,.T.);
#7281 = EDGE_CURVE('',#6129,#7282,#7284,.T.);
#7282 = VERTEX_POINT('',#7283);
#7283 = CARTESIAN_POINT('',(0.16,-4.92,-3.));
#7284 = LINE('',#7285,#7286);
#7285 = CARTESIAN_POINT('',(5.333333333333E-02,-5.026666666667,
    -3.106666666667));
#7286 = VECTOR('',#7287,1.);
#7287 = DIRECTION('',(-0.57735026919,-0.57735026919,-0.57735026919));
#7288 = ORIENTED_EDGE('',*,*,#7289,.F.);
#7289 = EDGE_CURVE('',#7273,#7282,#7290,.T.);
#7290 = LINE('',#7291,#7292);
#7291 = CARTESIAN_POINT('',(0.16,-5.4,-3.));
#7292 = VECTOR('',#7293,1.);
#7293 = DIRECTION('',(0.,1.,0.));
#7294 = PLANE('',#7295);
#7295 = AXIS2_PLACEMENT_3D('',#7296,#7297,#7298);
#7296 = CARTESIAN_POINT('',(0.24,-5.4,-2.92));
#7297 = DIRECTION('',(-0.707106781187,1.735167508357E-18,0.707106781187)
  );
#7298 = DIRECTION('',(1.226948711654E-18,1.,-1.226948711654E-18));
#7299 = ADVANCED_FACE('',(#7300),#7318,.F.);
#7300 = FACE_BOUND('',#7301,.T.);
#7301 = EDGE_LOOP('',(#7302,#7310,#7311,#7312));
#7302 = ORIENTED_EDGE('',*,*,#7303,.F.);
#7303 = EDGE_CURVE('',#6153,#7304,#7306,.T.);
#7304 = VERTEX_POINT('',#7305);
#7305 = CARTESIAN_POINT('',(-0.16,-4.92,-3.));
#7306 = LINE('',#7307,#7308);
#7307 = CARTESIAN_POINT('',(-0.16,-4.92,-3.));
#7308 = VECTOR('',#7309,1.);
#7309 = DIRECTION('',(0.57735026919,-0.57735026919,-0.57735026919));
#7310 = ORIENTED_EDGE('',*,*,#6152,.T.);
#7311 = ORIENTED_EDGE('',*,*,#7281,.T.);
#7312 = ORIENTED_EDGE('',*,*,#7313,.F.);
#7313 = EDGE_CURVE('',#7304,#7282,#7314,.T.);
#7314 = LINE('',#7315,#7316);
#7315 = CARTESIAN_POINT('',(-0.32,-4.92,-3.));
#7316 = VECTOR('',#7317,1.);
#7317 = DIRECTION('',(1.,0.,0.));
#7318 = PLANE('',#7319);
#7319 = AXIS2_PLACEMENT_3D('',#7320,#7321,#7322);
#7320 = CARTESIAN_POINT('',(-0.32,-4.84,-2.92));
#7321 = DIRECTION('',(-1.735167508357E-18,-0.707106781187,0.707106781187
    ));
#7322 = DIRECTION('',(-1.,1.226948711654E-18,-1.226948711654E-18));
#7323 = ADVANCED_FACE('',(#7324),#7342,.T.);
#7324 = FACE_BOUND('',#7325,.T.);
#7325 = EDGE_LOOP('',(#7326,#7334,#7335,#7336));
#7326 = ORIENTED_EDGE('',*,*,#7327,.F.);
#7327 = EDGE_CURVE('',#6176,#7328,#7330,.T.);
#7328 = VERTEX_POINT('',#7329);
#7329 = CARTESIAN_POINT('',(-0.16,-5.24,-3.));
#7330 = LINE('',#7331,#7332);
#7331 = CARTESIAN_POINT('',(-0.266666666667,-5.346666666667,
    -2.893333333333));
#7332 = VECTOR('',#7333,1.);
#7333 = DIRECTION('',(0.57735026919,0.57735026919,-0.57735026919));
#7334 = ORIENTED_EDGE('',*,*,#6183,.T.);
#7335 = ORIENTED_EDGE('',*,*,#7303,.T.);
#7336 = ORIENTED_EDGE('',*,*,#7337,.F.);
#7337 = EDGE_CURVE('',#7328,#7304,#7338,.T.);
#7338 = LINE('',#7339,#7340);
#7339 = CARTESIAN_POINT('',(-0.16,-5.4,-3.));
#7340 = VECTOR('',#7341,1.);
#7341 = DIRECTION('',(0.,1.,0.));
#7342 = PLANE('',#7343);
#7343 = AXIS2_PLACEMENT_3D('',#7344,#7345,#7346);
#7344 = CARTESIAN_POINT('',(-0.24,-5.4,-2.92));
#7345 = DIRECTION('',(-0.707106781187,-1.735167508357E-18,
    -0.707106781187));
#7346 = DIRECTION('',(-1.226948711654E-18,1.,-1.226948711654E-18));
#7347 = ADVANCED_FACE('',(#7348),#7359,.T.);
#7348 = FACE_BOUND('',#7349,.F.);
#7349 = EDGE_LOOP('',(#7350,#7351,#7352,#7353));
#7350 = ORIENTED_EDGE('',*,*,#7327,.F.);
#7351 = ORIENTED_EDGE('',*,*,#6200,.T.);
#7352 = ORIENTED_EDGE('',*,*,#7272,.T.);
#7353 = ORIENTED_EDGE('',*,*,#7354,.F.);
#7354 = EDGE_CURVE('',#7328,#7273,#7355,.T.);
#7355 = LINE('',#7356,#7357);
#7356 = CARTESIAN_POINT('',(-0.32,-5.24,-3.));
#7357 = VECTOR('',#7358,1.);
#7358 = DIRECTION('',(1.,0.,0.));
#7359 = PLANE('',#7360);
#7360 = AXIS2_PLACEMENT_3D('',#7361,#7362,#7363);
#7361 = CARTESIAN_POINT('',(-0.32,-5.32,-2.92));
#7362 = DIRECTION('',(1.735167508357E-18,-0.707106781187,-0.707106781187
    ));
#7363 = DIRECTION('',(-1.,-1.226948711654E-18,-1.226948711654E-18));
#7364 = ADVANCED_FACE('',(#7365),#7390,.F.);
#7365 = FACE_BOUND('',#7366,.F.);
#7366 = EDGE_LOOP('',(#7367,#7375,#7376,#7384));
#7367 = ORIENTED_EDGE('',*,*,#7368,.F.);
#7368 = EDGE_CURVE('',#6217,#7369,#7371,.T.);
#7369 = VERTEX_POINT('',#7370);
#7370 = CARTESIAN_POINT('',(0.16,-2.7,-3.));
#7371 = LINE('',#7372,#7373);
#7372 = CARTESIAN_POINT('',(0.16,-2.7,-3.));
#7373 = VECTOR('',#7374,1.);
#7374 = DIRECTION('',(-0.57735026919,0.57735026919,-0.57735026919));
#7375 = ORIENTED_EDGE('',*,*,#6224,.T.);
#7376 = ORIENTED_EDGE('',*,*,#7377,.T.);
#7377 = EDGE_CURVE('',#6225,#7378,#7380,.T.);
#7378 = VERTEX_POINT('',#7379);
#7379 = CARTESIAN_POINT('',(0.16,-2.38,-3.));
#7380 = LINE('',#7381,#7382);
#7381 = CARTESIAN_POINT('',(5.333333333333E-02,-2.486666666667,
    -3.106666666667));
#7382 = VECTOR('',#7383,1.);
#7383 = DIRECTION('',(-0.57735026919,-0.57735026919,-0.57735026919));
#7384 = ORIENTED_EDGE('',*,*,#7385,.F.);
#7385 = EDGE_CURVE('',#7369,#7378,#7386,.T.);
#7386 = LINE('',#7387,#7388);
#7387 = CARTESIAN_POINT('',(0.16,-2.86,-3.));
#7388 = VECTOR('',#7389,1.);
#7389 = DIRECTION('',(0.,1.,0.));
#7390 = PLANE('',#7391);
#7391 = AXIS2_PLACEMENT_3D('',#7392,#7393,#7394);
#7392 = CARTESIAN_POINT('',(0.24,-2.86,-2.92));
#7393 = DIRECTION('',(-0.707106781187,1.735167508357E-18,0.707106781187)
  );
#7394 = DIRECTION('',(1.226948711654E-18,1.,-1.226948711654E-18));
#7395 = ADVANCED_FACE('',(#7396),#7414,.F.);
#7396 = FACE_BOUND('',#7397,.T.);
#7397 = EDGE_LOOP('',(#7398,#7406,#7407,#7408));
#7398 = ORIENTED_EDGE('',*,*,#7399,.F.);
#7399 = EDGE_CURVE('',#6249,#7400,#7402,.T.);
#7400 = VERTEX_POINT('',#7401);
#7401 = CARTESIAN_POINT('',(-0.16,-2.38,-3.));
#7402 = LINE('',#7403,#7404);
#7403 = CARTESIAN_POINT('',(-0.16,-2.38,-3.));
#7404 = VECTOR('',#7405,1.);
#7405 = DIRECTION('',(0.57735026919,-0.57735026919,-0.57735026919));
#7406 = ORIENTED_EDGE('',*,*,#6248,.T.);
#7407 = ORIENTED_EDGE('',*,*,#7377,.T.);
#7408 = ORIENTED_EDGE('',*,*,#7409,.F.);
#7409 = EDGE_CURVE('',#7400,#7378,#7410,.T.);
#7410 = LINE('',#7411,#7412);
#7411 = CARTESIAN_POINT('',(-0.32,-2.38,-3.));
#7412 = VECTOR('',#7413,1.);
#7413 = DIRECTION('',(1.,0.,0.));
#7414 = PLANE('',#7415);
#7415 = AXIS2_PLACEMENT_3D('',#7416,#7417,#7418);
#7416 = CARTESIAN_POINT('',(-0.32,-2.3,-2.92));
#7417 = DIRECTION('',(-1.735167508357E-18,-0.707106781187,0.707106781187
    ));
#7418 = DIRECTION('',(-1.,1.226948711654E-18,-1.226948711654E-18));
#7419 = ADVANCED_FACE('',(#7420),#7438,.T.);
#7420 = FACE_BOUND('',#7421,.T.);
#7421 = EDGE_LOOP('',(#7422,#7430,#7431,#7432));
#7422 = ORIENTED_EDGE('',*,*,#7423,.F.);
#7423 = EDGE_CURVE('',#6272,#7424,#7426,.T.);
#7424 = VERTEX_POINT('',#7425);
#7425 = CARTESIAN_POINT('',(-0.16,-2.7,-3.));
#7426 = LINE('',#7427,#7428);
#7427 = CARTESIAN_POINT('',(-0.266666666667,-2.806666666667,
    -2.893333333333));
#7428 = VECTOR('',#7429,1.);
#7429 = DIRECTION('',(0.57735026919,0.57735026919,-0.57735026919));
#7430 = ORIENTED_EDGE('',*,*,#6279,.T.);
#7431 = ORIENTED_EDGE('',*,*,#7399,.T.);
#7432 = ORIENTED_EDGE('',*,*,#7433,.F.);
#7433 = EDGE_CURVE('',#7424,#7400,#7434,.T.);
#7434 = LINE('',#7435,#7436);
#7435 = CARTESIAN_POINT('',(-0.16,-2.86,-3.));
#7436 = VECTOR('',#7437,1.);
#7437 = DIRECTION('',(0.,1.,0.));
#7438 = PLANE('',#7439);
#7439 = AXIS2_PLACEMENT_3D('',#7440,#7441,#7442);
#7440 = CARTESIAN_POINT('',(-0.24,-2.86,-2.92));
#7441 = DIRECTION('',(-0.707106781187,-1.735167508357E-18,
    -0.707106781187));
#7442 = DIRECTION('',(-1.226948711654E-18,1.,-1.226948711654E-18));
#7443 = ADVANCED_FACE('',(#7444),#7455,.T.);
#7444 = FACE_BOUND('',#7445,.F.);
#7445 = EDGE_LOOP('',(#7446,#7447,#7448,#7449));
#7446 = ORIENTED_EDGE('',*,*,#7423,.F.);
#7447 = ORIENTED_EDGE('',*,*,#6296,.T.);
#7448 = ORIENTED_EDGE('',*,*,#7368,.T.);
#7449 = ORIENTED_EDGE('',*,*,#7450,.F.);
#7450 = EDGE_CURVE('',#7424,#7369,#7451,.T.);
#7451 = LINE('',#7452,#7453);
#7452 = CARTESIAN_POINT('',(-0.32,-2.7,-3.));
#7453 = VECTOR('',#7454,1.);
#7454 = DIRECTION('',(1.,0.,0.));
#7455 = PLANE('',#7456);
#7456 = AXIS2_PLACEMENT_3D('',#7457,#7458,#7459);
#7457 = CARTESIAN_POINT('',(-0.32,-2.78,-2.92));
#7458 = DIRECTION('',(1.735167508357E-18,-0.707106781187,-0.707106781187
    ));
#7459 = DIRECTION('',(-1.,-1.226948711654E-18,-1.226948711654E-18));
#7460 = ADVANCED_FACE('',(#7461),#7486,.T.);
#7461 = FACE_BOUND('',#7462,.F.);
#7462 = EDGE_LOOP('',(#7463,#7471,#7472,#7480));
#7463 = ORIENTED_EDGE('',*,*,#7464,.F.);
#7464 = EDGE_CURVE('',#6321,#7465,#7467,.T.);
#7465 = VERTEX_POINT('',#7466);
#7466 = CARTESIAN_POINT('',(-0.16,-12.86,-3.));
#7467 = LINE('',#7468,#7469);
#7468 = CARTESIAN_POINT('',(-0.266666666667,-12.96666666666,
    -2.893333333333));
#7469 = VECTOR('',#7470,1.);
#7470 = DIRECTION('',(0.57735026919,0.57735026919,-0.57735026919));
#7471 = ORIENTED_EDGE('',*,*,#6320,.T.);
#7472 = ORIENTED_EDGE('',*,*,#7473,.T.);
#7473 = EDGE_CURVE('',#6313,#7474,#7476,.T.);
#7474 = VERTEX_POINT('',#7475);
#7475 = CARTESIAN_POINT('',(0.16,-12.86,-3.));
#7476 = LINE('',#7477,#7478);
#7477 = CARTESIAN_POINT('',(0.16,-12.86,-3.));
#7478 = VECTOR('',#7479,1.);
#7479 = DIRECTION('',(-0.57735026919,0.57735026919,-0.57735026919));
#7480 = ORIENTED_EDGE('',*,*,#7481,.F.);
#7481 = EDGE_CURVE('',#7465,#7474,#7482,.T.);
#7482 = LINE('',#7483,#7484);
#7483 = CARTESIAN_POINT('',(-0.32,-12.86,-3.));
#7484 = VECTOR('',#7485,1.);
#7485 = DIRECTION('',(1.,0.,0.));
#7486 = PLANE('',#7487);
#7487 = AXIS2_PLACEMENT_3D('',#7488,#7489,#7490);
#7488 = CARTESIAN_POINT('',(-0.32,-12.94,-2.92));
#7489 = DIRECTION('',(1.735167508357E-18,-0.707106781187,-0.707106781187
    ));
#7490 = DIRECTION('',(-1.,-1.226948711654E-18,-1.226948711654E-18));
#7491 = ADVANCED_FACE('',(#7492),#7510,.F.);
#7492 = FACE_BOUND('',#7493,.F.);
#7493 = EDGE_LOOP('',(#7494,#7495,#7496,#7504));
#7494 = ORIENTED_EDGE('',*,*,#7473,.F.);
#7495 = ORIENTED_EDGE('',*,*,#6344,.T.);
#7496 = ORIENTED_EDGE('',*,*,#7497,.T.);
#7497 = EDGE_CURVE('',#6345,#7498,#7500,.T.);
#7498 = VERTEX_POINT('',#7499);
#7499 = CARTESIAN_POINT('',(0.16,-12.54,-3.));
#7500 = LINE('',#7501,#7502);
#7501 = CARTESIAN_POINT('',(5.333333333333E-02,-12.64666666666,
    -3.106666666667));
#7502 = VECTOR('',#7503,1.);
#7503 = DIRECTION('',(-0.57735026919,-0.57735026919,-0.57735026919));
#7504 = ORIENTED_EDGE('',*,*,#7505,.F.);
#7505 = EDGE_CURVE('',#7474,#7498,#7506,.T.);
#7506 = LINE('',#7507,#7508);
#7507 = CARTESIAN_POINT('',(0.16,-13.02,-3.));
#7508 = VECTOR('',#7509,1.);
#7509 = DIRECTION('',(0.,1.,0.));
#7510 = PLANE('',#7511);
#7511 = AXIS2_PLACEMENT_3D('',#7512,#7513,#7514);
#7512 = CARTESIAN_POINT('',(0.24,-13.02,-2.92));
#7513 = DIRECTION('',(-0.707106781187,1.735167508357E-18,0.707106781187)
  );
#7514 = DIRECTION('',(1.226948711654E-18,1.,-1.226948711654E-18));
#7515 = ADVANCED_FACE('',(#7516),#7534,.F.);
#7516 = FACE_BOUND('',#7517,.T.);
#7517 = EDGE_LOOP('',(#7518,#7526,#7527,#7528));
#7518 = ORIENTED_EDGE('',*,*,#7519,.F.);
#7519 = EDGE_CURVE('',#6369,#7520,#7522,.T.);
#7520 = VERTEX_POINT('',#7521);
#7521 = CARTESIAN_POINT('',(-0.16,-12.54,-3.));
#7522 = LINE('',#7523,#7524);
#7523 = CARTESIAN_POINT('',(-0.16,-12.54,-3.));
#7524 = VECTOR('',#7525,1.);
#7525 = DIRECTION('',(0.57735026919,-0.57735026919,-0.57735026919));
#7526 = ORIENTED_EDGE('',*,*,#6368,.T.);
#7527 = ORIENTED_EDGE('',*,*,#7497,.T.);
#7528 = ORIENTED_EDGE('',*,*,#7529,.F.);
#7529 = EDGE_CURVE('',#7520,#7498,#7530,.T.);
#7530 = LINE('',#7531,#7532);
#7531 = CARTESIAN_POINT('',(-0.32,-12.54,-3.));
#7532 = VECTOR('',#7533,1.);
#7533 = DIRECTION('',(1.,0.,0.));
#7534 = PLANE('',#7535);
#7535 = AXIS2_PLACEMENT_3D('',#7536,#7537,#7538);
#7536 = CARTESIAN_POINT('',(-0.32,-12.46,-2.92));
#7537 = DIRECTION('',(-1.735167508357E-18,-0.707106781187,0.707106781187
    ));
#7538 = DIRECTION('',(-1.,1.226948711654E-18,-1.226948711654E-18));
#7539 = ADVANCED_FACE('',(#7540),#7551,.T.);
#7540 = FACE_BOUND('',#7541,.T.);
#7541 = EDGE_LOOP('',(#7542,#7543,#7544,#7545));
#7542 = ORIENTED_EDGE('',*,*,#7464,.F.);
#7543 = ORIENTED_EDGE('',*,*,#6392,.T.);
#7544 = ORIENTED_EDGE('',*,*,#7519,.T.);
#7545 = ORIENTED_EDGE('',*,*,#7546,.F.);
#7546 = EDGE_CURVE('',#7465,#7520,#7547,.T.);
#7547 = LINE('',#7548,#7549);
#7548 = CARTESIAN_POINT('',(-0.16,-13.02,-3.));
#7549 = VECTOR('',#7550,1.);
#7550 = DIRECTION('',(0.,1.,0.));
#7551 = PLANE('',#7552);
#7552 = AXIS2_PLACEMENT_3D('',#7553,#7554,#7555);
#7553 = CARTESIAN_POINT('',(-0.24,-13.02,-2.92));
#7554 = DIRECTION('',(-0.707106781187,-1.735167508357E-18,
    -0.707106781187));
#7555 = DIRECTION('',(-1.226948711654E-18,1.,-1.226948711654E-18));
#7556 = ADVANCED_FACE('',(#7557),#7582,.F.);
#7557 = FACE_BOUND('',#7558,.T.);
#7558 = EDGE_LOOP('',(#7559,#7567,#7568,#7576));
#7559 = ORIENTED_EDGE('',*,*,#7560,.F.);
#7560 = EDGE_CURVE('',#6417,#7561,#7563,.T.);
#7561 = VERTEX_POINT('',#7562);
#7562 = CARTESIAN_POINT('',(-0.16,-10.,-3.));
#7563 = LINE('',#7564,#7565);
#7564 = CARTESIAN_POINT('',(-0.16,-10.,-3.));
#7565 = VECTOR('',#7566,1.);
#7566 = DIRECTION('',(0.57735026919,-0.57735026919,-0.57735026919));
#7567 = ORIENTED_EDGE('',*,*,#6416,.T.);
#7568 = ORIENTED_EDGE('',*,*,#7569,.T.);
#7569 = EDGE_CURVE('',#6409,#7570,#7572,.T.);
#7570 = VERTEX_POINT('',#7571);
#7571 = CARTESIAN_POINT('',(0.16,-10.,-3.));
#7572 = LINE('',#7573,#7574);
#7573 = CARTESIAN_POINT('',(5.333333333333E-02,-10.10666666666,
    -3.106666666667));
#7574 = VECTOR('',#7575,1.);
#7575 = DIRECTION('',(-0.57735026919,-0.57735026919,-0.57735026919));
#7576 = ORIENTED_EDGE('',*,*,#7577,.F.);
#7577 = EDGE_CURVE('',#7561,#7570,#7578,.T.);
#7578 = LINE('',#7579,#7580);
#7579 = CARTESIAN_POINT('',(-0.32,-10.,-3.));
#7580 = VECTOR('',#7581,1.);
#7581 = DIRECTION('',(1.,0.,0.));
#7582 = PLANE('',#7583);
#7583 = AXIS2_PLACEMENT_3D('',#7584,#7585,#7586);
#7584 = CARTESIAN_POINT('',(-0.32,-9.92,-2.92));
#7585 = DIRECTION('',(-1.735167508357E-18,-0.707106781187,0.707106781187
    ));
#7586 = DIRECTION('',(-1.,1.226948711654E-18,-1.226948711654E-18));
#7587 = ADVANCED_FACE('',(#7588),#7606,.T.);
#7588 = FACE_BOUND('',#7589,.T.);
#7589 = EDGE_LOOP('',(#7590,#7598,#7599,#7600));
#7590 = ORIENTED_EDGE('',*,*,#7591,.F.);
#7591 = EDGE_CURVE('',#6440,#7592,#7594,.T.);
#7592 = VERTEX_POINT('',#7593);
#7593 = CARTESIAN_POINT('',(-0.16,-10.32,-3.));
#7594 = LINE('',#7595,#7596);
#7595 = CARTESIAN_POINT('',(-0.266666666667,-10.42666666666,
    -2.893333333333));
#7596 = VECTOR('',#7597,1.);
#7597 = DIRECTION('',(0.57735026919,0.57735026919,-0.57735026919));
#7598 = ORIENTED_EDGE('',*,*,#6447,.T.);
#7599 = ORIENTED_EDGE('',*,*,#7560,.T.);
#7600 = ORIENTED_EDGE('',*,*,#7601,.F.);
#7601 = EDGE_CURVE('',#7592,#7561,#7602,.T.);
#7602 = LINE('',#7603,#7604);
#7603 = CARTESIAN_POINT('',(-0.16,-10.48,-3.));
#7604 = VECTOR('',#7605,1.);
#7605 = DIRECTION('',(0.,1.,0.));
#7606 = PLANE('',#7607);
#7607 = AXIS2_PLACEMENT_3D('',#7608,#7609,#7610);
#7608 = CARTESIAN_POINT('',(-0.24,-10.48,-2.92));
#7609 = DIRECTION('',(-0.707106781187,-1.735167508357E-18,
    -0.707106781187));
#7610 = DIRECTION('',(-1.226948711654E-18,1.,-1.226948711654E-18));
#7611 = ADVANCED_FACE('',(#7612),#7630,.T.);
#7612 = FACE_BOUND('',#7613,.F.);
#7613 = EDGE_LOOP('',(#7614,#7615,#7616,#7624));
#7614 = ORIENTED_EDGE('',*,*,#7591,.F.);
#7615 = ORIENTED_EDGE('',*,*,#6471,.T.);
#7616 = ORIENTED_EDGE('',*,*,#7617,.T.);
#7617 = EDGE_CURVE('',#6464,#7618,#7620,.T.);
#7618 = VERTEX_POINT('',#7619);
#7619 = CARTESIAN_POINT('',(0.16,-10.32,-3.));
#7620 = LINE('',#7621,#7622);
#7621 = CARTESIAN_POINT('',(0.16,-10.32,-3.));
#7622 = VECTOR('',#7623,1.);
#7623 = DIRECTION('',(-0.57735026919,0.57735026919,-0.57735026919));
#7624 = ORIENTED_EDGE('',*,*,#7625,.F.);
#7625 = EDGE_CURVE('',#7592,#7618,#7626,.T.);
#7626 = LINE('',#7627,#7628);
#7627 = CARTESIAN_POINT('',(-0.32,-10.32,-3.));
#7628 = VECTOR('',#7629,1.);
#7629 = DIRECTION('',(1.,0.,0.));
#7630 = PLANE('',#7631);
#7631 = AXIS2_PLACEMENT_3D('',#7632,#7633,#7634);
#7632 = CARTESIAN_POINT('',(-0.32,-10.4,-2.92));
#7633 = DIRECTION('',(1.735167508357E-18,-0.707106781187,-0.707106781187
    ));
#7634 = DIRECTION('',(-1.,-1.226948711654E-18,-1.226948711654E-18));
#7635 = ADVANCED_FACE('',(#7636),#7647,.F.);
#7636 = FACE_BOUND('',#7637,.F.);
#7637 = EDGE_LOOP('',(#7638,#7639,#7640,#7641));
#7638 = ORIENTED_EDGE('',*,*,#7617,.F.);
#7639 = ORIENTED_EDGE('',*,*,#6488,.T.);
#7640 = ORIENTED_EDGE('',*,*,#7569,.T.);
#7641 = ORIENTED_EDGE('',*,*,#7642,.F.);
#7642 = EDGE_CURVE('',#7618,#7570,#7643,.T.);
#7643 = LINE('',#7644,#7645);
#7644 = CARTESIAN_POINT('',(0.16,-10.48,-3.));
#7645 = VECTOR('',#7646,1.);
#7646 = DIRECTION('',(0.,1.,0.));
#7647 = PLANE('',#7648);
#7648 = AXIS2_PLACEMENT_3D('',#7649,#7650,#7651);
#7649 = CARTESIAN_POINT('',(0.24,-10.48,-2.92));
#7650 = DIRECTION('',(-0.707106781187,1.735167508357E-18,0.707106781187)
  );
#7651 = DIRECTION('',(1.226948711654E-18,1.,-1.226948711654E-18));
#7652 = ADVANCED_FACE('',(#7653),#7678,.T.);
#7653 = FACE_BOUND('',#7654,.F.);
#7654 = EDGE_LOOP('',(#7655,#7663,#7664,#7672));
#7655 = ORIENTED_EDGE('',*,*,#7656,.F.);
#7656 = EDGE_CURVE('',#6513,#7657,#7659,.T.);
#7657 = VERTEX_POINT('',#7658);
#7658 = CARTESIAN_POINT('',(-0.16,-7.78,-3.));
#7659 = LINE('',#7660,#7661);
#7660 = CARTESIAN_POINT('',(-0.266666666667,-7.886666666667,
    -2.893333333333));
#7661 = VECTOR('',#7662,1.);
#7662 = DIRECTION('',(0.57735026919,0.57735026919,-0.57735026919));
#7663 = ORIENTED_EDGE('',*,*,#6512,.T.);
#7664 = ORIENTED_EDGE('',*,*,#7665,.T.);
#7665 = EDGE_CURVE('',#6505,#7666,#7668,.T.);
#7666 = VERTEX_POINT('',#7667);
#7667 = CARTESIAN_POINT('',(0.16,-7.78,-3.));
#7668 = LINE('',#7669,#7670);
#7669 = CARTESIAN_POINT('',(0.16,-7.78,-3.));
#7670 = VECTOR('',#7671,1.);
#7671 = DIRECTION('',(-0.57735026919,0.57735026919,-0.57735026919));
#7672 = ORIENTED_EDGE('',*,*,#7673,.F.);
#7673 = EDGE_CURVE('',#7657,#7666,#7674,.T.);
#7674 = LINE('',#7675,#7676);
#7675 = CARTESIAN_POINT('',(-0.32,-7.78,-3.));
#7676 = VECTOR('',#7677,1.);
#7677 = DIRECTION('',(1.,0.,0.));
#7678 = PLANE('',#7679);
#7679 = AXIS2_PLACEMENT_3D('',#7680,#7681,#7682);
#7680 = CARTESIAN_POINT('',(-0.32,-7.86,-2.92));
#7681 = DIRECTION('',(1.735167508357E-18,-0.707106781187,-0.707106781187
    ));
#7682 = DIRECTION('',(-1.,-1.226948711654E-18,-1.226948711654E-18));
#7683 = ADVANCED_FACE('',(#7684),#7702,.F.);
#7684 = FACE_BOUND('',#7685,.F.);
#7685 = EDGE_LOOP('',(#7686,#7687,#7688,#7696));
#7686 = ORIENTED_EDGE('',*,*,#7665,.F.);
#7687 = ORIENTED_EDGE('',*,*,#6536,.T.);
#7688 = ORIENTED_EDGE('',*,*,#7689,.T.);
#7689 = EDGE_CURVE('',#6537,#7690,#7692,.T.);
#7690 = VERTEX_POINT('',#7691);
#7691 = CARTESIAN_POINT('',(0.16,-7.46,-3.));
#7692 = LINE('',#7693,#7694);
#7693 = CARTESIAN_POINT('',(5.333333333333E-02,-7.566666666667,
    -3.106666666667));
#7694 = VECTOR('',#7695,1.);
#7695 = DIRECTION('',(-0.57735026919,-0.57735026919,-0.57735026919));
#7696 = ORIENTED_EDGE('',*,*,#7697,.F.);
#7697 = EDGE_CURVE('',#7666,#7690,#7698,.T.);
#7698 = LINE('',#7699,#7700);
#7699 = CARTESIAN_POINT('',(0.16,-7.94,-3.));
#7700 = VECTOR('',#7701,1.);
#7701 = DIRECTION('',(0.,1.,0.));
#7702 = PLANE('',#7703);
#7703 = AXIS2_PLACEMENT_3D('',#7704,#7705,#7706);
#7704 = CARTESIAN_POINT('',(0.24,-7.94,-2.92));
#7705 = DIRECTION('',(-0.707106781187,1.735167508357E-18,0.707106781187)
  );
#7706 = DIRECTION('',(1.226948711654E-18,1.,-1.226948711654E-18));
#7707 = ADVANCED_FACE('',(#7708),#7726,.F.);
#7708 = FACE_BOUND('',#7709,.T.);
#7709 = EDGE_LOOP('',(#7710,#7718,#7719,#7720));
#7710 = ORIENTED_EDGE('',*,*,#7711,.F.);
#7711 = EDGE_CURVE('',#6561,#7712,#7714,.T.);
#7712 = VERTEX_POINT('',#7713);
#7713 = CARTESIAN_POINT('',(-0.16,-7.46,-3.));
#7714 = LINE('',#7715,#7716);
#7715 = CARTESIAN_POINT('',(-0.16,-7.46,-3.));
#7716 = VECTOR('',#7717,1.);
#7717 = DIRECTION('',(0.57735026919,-0.57735026919,-0.57735026919));
#7718 = ORIENTED_EDGE('',*,*,#6560,.T.);
#7719 = ORIENTED_EDGE('',*,*,#7689,.T.);
#7720 = ORIENTED_EDGE('',*,*,#7721,.F.);
#7721 = EDGE_CURVE('',#7712,#7690,#7722,.T.);
#7722 = LINE('',#7723,#7724);
#7723 = CARTESIAN_POINT('',(-0.32,-7.46,-3.));
#7724 = VECTOR('',#7725,1.);
#7725 = DIRECTION('',(1.,0.,0.));
#7726 = PLANE('',#7727);
#7727 = AXIS2_PLACEMENT_3D('',#7728,#7729,#7730);
#7728 = CARTESIAN_POINT('',(-0.32,-7.38,-2.92));
#7729 = DIRECTION('',(-1.735167508357E-18,-0.707106781187,0.707106781187
    ));
#7730 = DIRECTION('',(-1.,1.226948711654E-18,-1.226948711654E-18));
#7731 = ADVANCED_FACE('',(#7732),#7743,.T.);
#7732 = FACE_BOUND('',#7733,.T.);
#7733 = EDGE_LOOP('',(#7734,#7735,#7736,#7737));
#7734 = ORIENTED_EDGE('',*,*,#7656,.F.);
#7735 = ORIENTED_EDGE('',*,*,#6584,.T.);
#7736 = ORIENTED_EDGE('',*,*,#7711,.T.);
#7737 = ORIENTED_EDGE('',*,*,#7738,.F.);
#7738 = EDGE_CURVE('',#7657,#7712,#7739,.T.);
#7739 = LINE('',#7740,#7741);
#7740 = CARTESIAN_POINT('',(-0.16,-7.94,-3.));
#7741 = VECTOR('',#7742,1.);
#7742 = DIRECTION('',(0.,1.,0.));
#7743 = PLANE('',#7744);
#7744 = AXIS2_PLACEMENT_3D('',#7745,#7746,#7747);
#7745 = CARTESIAN_POINT('',(-0.24,-7.94,-2.92));
#7746 = DIRECTION('',(-0.707106781187,-1.735167508357E-18,
    -0.707106781187));
#7747 = DIRECTION('',(-1.226948711654E-18,1.,-1.226948711654E-18));
#7748 = ADVANCED_FACE('',(#7749),#7774,.T.);
#7749 = FACE_BOUND('',#7750,.T.);
#7750 = EDGE_LOOP('',(#7751,#7759,#7760,#7768));
#7751 = ORIENTED_EDGE('',*,*,#7752,.F.);
#7752 = EDGE_CURVE('',#6601,#7753,#7755,.T.);
#7753 = VERTEX_POINT('',#7754);
#7754 = CARTESIAN_POINT('',(0.16,-0.16,8.54));
#7755 = LINE('',#7756,#7757);
#7756 = CARTESIAN_POINT('',(0.16,-0.16,8.54));
#7757 = VECTOR('',#7758,1.);
#7758 = DIRECTION('',(-0.57735026919,0.57735026919,0.57735026919));
#7759 = ORIENTED_EDGE('',*,*,#6617,.T.);
#7760 = ORIENTED_EDGE('',*,*,#7761,.T.);
#7761 = EDGE_CURVE('',#6610,#7762,#7764,.T.);
#7762 = VERTEX_POINT('',#7763);
#7763 = CARTESIAN_POINT('',(0.16,0.16,8.54));
#7764 = LINE('',#7765,#7766);
#7765 = CARTESIAN_POINT('',(5.333333333333E-02,5.333333333333E-02,
    8.646666666667));
#7766 = VECTOR('',#7767,1.);
#7767 = DIRECTION('',(-0.57735026919,-0.57735026919,0.57735026919));
#7768 = ORIENTED_EDGE('',*,*,#7769,.F.);
#7769 = EDGE_CURVE('',#7753,#7762,#7770,.T.);
#7770 = LINE('',#7771,#7772);
#7771 = CARTESIAN_POINT('',(0.16,-0.32,8.54));
#7772 = VECTOR('',#7773,1.);
#7773 = DIRECTION('',(0.,1.,0.));
#7774 = PLANE('',#7775);
#7775 = AXIS2_PLACEMENT_3D('',#7776,#7777,#7778);
#7776 = CARTESIAN_POINT('',(0.24,-0.32,8.46));
#7777 = DIRECTION('',(0.707106781187,-1.735167508357E-18,0.707106781187)
  );
#7778 = DIRECTION('',(1.226948711654E-18,1.,1.226948711654E-18));
#7779 = ADVANCED_FACE('',(#7780),#7798,.T.);
#7780 = FACE_BOUND('',#7781,.F.);
#7781 = EDGE_LOOP('',(#7782,#7790,#7791,#7792));
#7782 = ORIENTED_EDGE('',*,*,#7783,.F.);
#7783 = EDGE_CURVE('',#6634,#7784,#7786,.T.);
#7784 = VERTEX_POINT('',#7785);
#7785 = CARTESIAN_POINT('',(-0.16,0.16,8.54));
#7786 = LINE('',#7787,#7788);
#7787 = CARTESIAN_POINT('',(-0.16,0.16,8.54));
#7788 = VECTOR('',#7789,1.);
#7789 = DIRECTION('',(0.57735026919,-0.57735026919,0.57735026919));
#7790 = ORIENTED_EDGE('',*,*,#6641,.T.);
#7791 = ORIENTED_EDGE('',*,*,#7761,.T.);
#7792 = ORIENTED_EDGE('',*,*,#7793,.F.);
#7793 = EDGE_CURVE('',#7784,#7762,#7794,.T.);
#7794 = LINE('',#7795,#7796);
#7795 = CARTESIAN_POINT('',(-0.32,0.16,8.54));
#7796 = VECTOR('',#7797,1.);
#7797 = DIRECTION('',(1.,0.,0.));
#7798 = PLANE('',#7799);
#7799 = AXIS2_PLACEMENT_3D('',#7800,#7801,#7802);
#7800 = CARTESIAN_POINT('',(-0.32,0.24,8.46));
#7801 = DIRECTION('',(1.735167508357E-18,0.707106781187,0.707106781187)
  );
#7802 = DIRECTION('',(-1.,1.226948711654E-18,1.226948711654E-18));
#7803 = ADVANCED_FACE('',(#7804),#7822,.F.);
#7804 = FACE_BOUND('',#7805,.F.);
#7805 = EDGE_LOOP('',(#7806,#7814,#7815,#7816));
#7806 = ORIENTED_EDGE('',*,*,#7807,.F.);
#7807 = EDGE_CURVE('',#6656,#7808,#7810,.T.);
#7808 = VERTEX_POINT('',#7809);
#7809 = CARTESIAN_POINT('',(-0.16,-0.16,8.54));
#7810 = LINE('',#7811,#7812);
#7811 = CARTESIAN_POINT('',(-0.266666666667,-0.266666666667,
    8.433333333333));
#7812 = VECTOR('',#7813,1.);
#7813 = DIRECTION('',(0.57735026919,0.57735026919,0.57735026919));
#7814 = ORIENTED_EDGE('',*,*,#6665,.T.);
#7815 = ORIENTED_EDGE('',*,*,#7783,.T.);
#7816 = ORIENTED_EDGE('',*,*,#7817,.F.);
#7817 = EDGE_CURVE('',#7808,#7784,#7818,.T.);
#7818 = LINE('',#7819,#7820);
#7819 = CARTESIAN_POINT('',(-0.16,-0.32,8.54));
#7820 = VECTOR('',#7821,1.);
#7821 = DIRECTION('',(0.,1.,0.));
#7822 = PLANE('',#7823);
#7823 = AXIS2_PLACEMENT_3D('',#7824,#7825,#7826);
#7824 = CARTESIAN_POINT('',(-0.24,-0.32,8.46));
#7825 = DIRECTION('',(0.707106781187,1.735167508357E-18,-0.707106781187)
  );
#7826 = DIRECTION('',(-1.226948711654E-18,1.,1.226948711654E-18));
#7827 = ADVANCED_FACE('',(#7828),#7839,.F.);
#7828 = FACE_BOUND('',#7829,.T.);
#7829 = EDGE_LOOP('',(#7830,#7831,#7832,#7833));
#7830 = ORIENTED_EDGE('',*,*,#7807,.F.);
#7831 = ORIENTED_EDGE('',*,*,#6682,.T.);
#7832 = ORIENTED_EDGE('',*,*,#7752,.T.);
#7833 = ORIENTED_EDGE('',*,*,#7834,.F.);
#7834 = EDGE_CURVE('',#7808,#7753,#7835,.T.);
#7835 = LINE('',#7836,#7837);
#7836 = CARTESIAN_POINT('',(-0.32,-0.16,8.54));
#7837 = VECTOR('',#7838,1.);
#7838 = DIRECTION('',(1.,0.,0.));
#7839 = PLANE('',#7840);
#7840 = AXIS2_PLACEMENT_3D('',#7841,#7842,#7843);
#7841 = CARTESIAN_POINT('',(-0.32,-0.24,8.46));
#7842 = DIRECTION('',(-1.735167508357E-18,0.707106781187,-0.707106781187
    ));
#7843 = DIRECTION('',(-1.,-1.226948711654E-18,1.226948711654E-18));
#7844 = ADVANCED_FACE('',(#7845),#7870,.T.);
#7845 = FACE_BOUND('',#7846,.T.);
#7846 = EDGE_LOOP('',(#7847,#7855,#7856,#7864));
#7847 = ORIENTED_EDGE('',*,*,#7848,.F.);
#7848 = EDGE_CURVE('',#6697,#7849,#7851,.T.);
#7849 = VERTEX_POINT('',#7850);
#7850 = CARTESIAN_POINT('',(0.16,-5.24,8.54));
#7851 = LINE('',#7852,#7853);
#7852 = CARTESIAN_POINT('',(0.16,-5.24,8.54));
#7853 = VECTOR('',#7854,1.);
#7854 = DIRECTION('',(-0.57735026919,0.57735026919,0.57735026919));
#7855 = ORIENTED_EDGE('',*,*,#6713,.T.);
#7856 = ORIENTED_EDGE('',*,*,#7857,.T.);
#7857 = EDGE_CURVE('',#6706,#7858,#7860,.T.);
#7858 = VERTEX_POINT('',#7859);
#7859 = CARTESIAN_POINT('',(0.16,-4.92,8.54));
#7860 = LINE('',#7861,#7862);
#7861 = CARTESIAN_POINT('',(5.333333333333E-02,-5.026666666667,
    8.646666666667));
#7862 = VECTOR('',#7863,1.);
#7863 = DIRECTION('',(-0.57735026919,-0.57735026919,0.57735026919));
#7864 = ORIENTED_EDGE('',*,*,#7865,.F.);
#7865 = EDGE_CURVE('',#7849,#7858,#7866,.T.);
#7866 = LINE('',#7867,#7868);
#7867 = CARTESIAN_POINT('',(0.16,-5.4,8.54));
#7868 = VECTOR('',#7869,1.);
#7869 = DIRECTION('',(0.,1.,0.));
#7870 = PLANE('',#7871);
#7871 = AXIS2_PLACEMENT_3D('',#7872,#7873,#7874);
#7872 = CARTESIAN_POINT('',(0.24,-5.4,8.46));
#7873 = DIRECTION('',(0.707106781187,-1.735167508357E-18,0.707106781187)
  );
#7874 = DIRECTION('',(1.226948711654E-18,1.,1.226948711654E-18));
#7875 = ADVANCED_FACE('',(#7876),#7894,.T.);
#7876 = FACE_BOUND('',#7877,.F.);
#7877 = EDGE_LOOP('',(#7878,#7886,#7887,#7888));
#7878 = ORIENTED_EDGE('',*,*,#7879,.F.);
#7879 = EDGE_CURVE('',#6730,#7880,#7882,.T.);
#7880 = VERTEX_POINT('',#7881);
#7881 = CARTESIAN_POINT('',(-0.16,-4.92,8.54));
#7882 = LINE('',#7883,#7884);
#7883 = CARTESIAN_POINT('',(-0.16,-4.92,8.54));
#7884 = VECTOR('',#7885,1.);
#7885 = DIRECTION('',(0.57735026919,-0.57735026919,0.57735026919));
#7886 = ORIENTED_EDGE('',*,*,#6737,.T.);
#7887 = ORIENTED_EDGE('',*,*,#7857,.T.);
#7888 = ORIENTED_EDGE('',*,*,#7889,.F.);
#7889 = EDGE_CURVE('',#7880,#7858,#7890,.T.);
#7890 = LINE('',#7891,#7892);
#7891 = CARTESIAN_POINT('',(-0.32,-4.92,8.54));
#7892 = VECTOR('',#7893,1.);
#7893 = DIRECTION('',(1.,0.,0.));
#7894 = PLANE('',#7895);
#7895 = AXIS2_PLACEMENT_3D('',#7896,#7897,#7898);
#7896 = CARTESIAN_POINT('',(-0.32,-4.84,8.46));
#7897 = DIRECTION('',(1.735167508357E-18,0.707106781187,0.707106781187)
  );
#7898 = DIRECTION('',(-1.,1.226948711654E-18,1.226948711654E-18));
#7899 = ADVANCED_FACE('',(#7900),#7918,.F.);
#7900 = FACE_BOUND('',#7901,.F.);
#7901 = EDGE_LOOP('',(#7902,#7910,#7911,#7912));
#7902 = ORIENTED_EDGE('',*,*,#7903,.F.);
#7903 = EDGE_CURVE('',#6752,#7904,#7906,.T.);
#7904 = VERTEX_POINT('',#7905);
#7905 = CARTESIAN_POINT('',(-0.16,-5.24,8.54));
#7906 = LINE('',#7907,#7908);
#7907 = CARTESIAN_POINT('',(-0.266666666667,-5.346666666667,
    8.433333333333));
#7908 = VECTOR('',#7909,1.);
#7909 = DIRECTION('',(0.57735026919,0.57735026919,0.57735026919));
#7910 = ORIENTED_EDGE('',*,*,#6761,.T.);
#7911 = ORIENTED_EDGE('',*,*,#7879,.T.);
#7912 = ORIENTED_EDGE('',*,*,#7913,.F.);
#7913 = EDGE_CURVE('',#7904,#7880,#7914,.T.);
#7914 = LINE('',#7915,#7916);
#7915 = CARTESIAN_POINT('',(-0.16,-5.4,8.54));
#7916 = VECTOR('',#7917,1.);
#7917 = DIRECTION('',(0.,1.,0.));
#7918 = PLANE('',#7919);
#7919 = AXIS2_PLACEMENT_3D('',#7920,#7921,#7922);
#7920 = CARTESIAN_POINT('',(-0.24,-5.4,8.46));
#7921 = DIRECTION('',(0.707106781187,1.735167508357E-18,-0.707106781187)
  );
#7922 = DIRECTION('',(-1.226948711654E-18,1.,1.226948711654E-18));
#7923 = ADVANCED_FACE('',(#7924),#7935,.F.);
#7924 = FACE_BOUND('',#7925,.T.);
#7925 = EDGE_LOOP('',(#7926,#7927,#7928,#7929));
#7926 = ORIENTED_EDGE('',*,*,#7903,.F.);
#7927 = ORIENTED_EDGE('',*,*,#6778,.T.);
#7928 = ORIENTED_EDGE('',*,*,#7848,.T.);
#7929 = ORIENTED_EDGE('',*,*,#7930,.F.);
#7930 = EDGE_CURVE('',#7904,#7849,#7931,.T.);
#7931 = LINE('',#7932,#7933);
#7932 = CARTESIAN_POINT('',(-0.32,-5.24,8.54));
#7933 = VECTOR('',#7934,1.);
#7934 = DIRECTION('',(1.,0.,0.));
#7935 = PLANE('',#7936);
#7936 = AXIS2_PLACEMENT_3D('',#7937,#7938,#7939);
#7937 = CARTESIAN_POINT('',(-0.32,-5.32,8.46));
#7938 = DIRECTION('',(-1.735167508357E-18,0.707106781187,-0.707106781187
    ));
#7939 = DIRECTION('',(-1.,-1.226948711654E-18,1.226948711654E-18));
#7940 = ADVANCED_FACE('',(#7941),#7966,.T.);
#7941 = FACE_BOUND('',#7942,.T.);
#7942 = EDGE_LOOP('',(#7943,#7951,#7952,#7960));
#7943 = ORIENTED_EDGE('',*,*,#7944,.F.);
#7944 = EDGE_CURVE('',#6793,#7945,#7947,.T.);
#7945 = VERTEX_POINT('',#7946);
#7946 = CARTESIAN_POINT('',(0.16,-2.7,8.54));
#7947 = LINE('',#7948,#7949);
#7948 = CARTESIAN_POINT('',(0.16,-2.7,8.54));
#7949 = VECTOR('',#7950,1.);
#7950 = DIRECTION('',(-0.57735026919,0.57735026919,0.57735026919));
#7951 = ORIENTED_EDGE('',*,*,#6809,.T.);
#7952 = ORIENTED_EDGE('',*,*,#7953,.T.);
#7953 = EDGE_CURVE('',#6802,#7954,#7956,.T.);
#7954 = VERTEX_POINT('',#7955);
#7955 = CARTESIAN_POINT('',(0.16,-2.38,8.54));
#7956 = LINE('',#7957,#7958);
#7957 = CARTESIAN_POINT('',(5.333333333333E-02,-2.486666666667,
    8.646666666667));
#7958 = VECTOR('',#7959,1.);
#7959 = DIRECTION('',(-0.57735026919,-0.57735026919,0.57735026919));
#7960 = ORIENTED_EDGE('',*,*,#7961,.F.);
#7961 = EDGE_CURVE('',#7945,#7954,#7962,.T.);
#7962 = LINE('',#7963,#7964);
#7963 = CARTESIAN_POINT('',(0.16,-2.86,8.54));
#7964 = VECTOR('',#7965,1.);
#7965 = DIRECTION('',(0.,1.,0.));
#7966 = PLANE('',#7967);
#7967 = AXIS2_PLACEMENT_3D('',#7968,#7969,#7970);
#7968 = CARTESIAN_POINT('',(0.24,-2.86,8.46));
#7969 = DIRECTION('',(0.707106781187,-1.735167508357E-18,0.707106781187)
  );
#7970 = DIRECTION('',(1.226948711654E-18,1.,1.226948711654E-18));
#7971 = ADVANCED_FACE('',(#7972),#7990,.T.);
#7972 = FACE_BOUND('',#7973,.F.);
#7973 = EDGE_LOOP('',(#7974,#7982,#7983,#7984));
#7974 = ORIENTED_EDGE('',*,*,#7975,.F.);
#7975 = EDGE_CURVE('',#6826,#7976,#7978,.T.);
#7976 = VERTEX_POINT('',#7977);
#7977 = CARTESIAN_POINT('',(-0.16,-2.38,8.54));
#7978 = LINE('',#7979,#7980);
#7979 = CARTESIAN_POINT('',(-0.16,-2.38,8.54));
#7980 = VECTOR('',#7981,1.);
#7981 = DIRECTION('',(0.57735026919,-0.57735026919,0.57735026919));
#7982 = ORIENTED_EDGE('',*,*,#6833,.T.);
#7983 = ORIENTED_EDGE('',*,*,#7953,.T.);
#7984 = ORIENTED_EDGE('',*,*,#7985,.F.);
#7985 = EDGE_CURVE('',#7976,#7954,#7986,.T.);
#7986 = LINE('',#7987,#7988);
#7987 = CARTESIAN_POINT('',(-0.32,-2.38,8.54));
#7988 = VECTOR('',#7989,1.);
#7989 = DIRECTION('',(1.,0.,0.));
#7990 = PLANE('',#7991);
#7991 = AXIS2_PLACEMENT_3D('',#7992,#7993,#7994);
#7992 = CARTESIAN_POINT('',(-0.32,-2.3,8.46));
#7993 = DIRECTION('',(1.735167508357E-18,0.707106781187,0.707106781187)
  );
#7994 = DIRECTION('',(-1.,1.226948711654E-18,1.226948711654E-18));
#7995 = ADVANCED_FACE('',(#7996),#8014,.F.);
#7996 = FACE_BOUND('',#7997,.F.);
#7997 = EDGE_LOOP('',(#7998,#8006,#8007,#8008));
#7998 = ORIENTED_EDGE('',*,*,#7999,.F.);
#7999 = EDGE_CURVE('',#6848,#8000,#8002,.T.);
#8000 = VERTEX_POINT('',#8001);
#8001 = CARTESIAN_POINT('',(-0.16,-2.7,8.54));
#8002 = LINE('',#8003,#8004);
#8003 = CARTESIAN_POINT('',(-0.266666666667,-2.806666666667,
    8.433333333333));
#8004 = VECTOR('',#8005,1.);
#8005 = DIRECTION('',(0.57735026919,0.57735026919,0.57735026919));
#8006 = ORIENTED_EDGE('',*,*,#6857,.T.);
#8007 = ORIENTED_EDGE('',*,*,#7975,.T.);
#8008 = ORIENTED_EDGE('',*,*,#8009,.F.);
#8009 = EDGE_CURVE('',#8000,#7976,#8010,.T.);
#8010 = LINE('',#8011,#8012);
#8011 = CARTESIAN_POINT('',(-0.16,-2.86,8.54));
#8012 = VECTOR('',#8013,1.);
#8013 = DIRECTION('',(0.,1.,0.));
#8014 = PLANE('',#8015);
#8015 = AXIS2_PLACEMENT_3D('',#8016,#8017,#8018);
#8016 = CARTESIAN_POINT('',(-0.24,-2.86,8.46));
#8017 = DIRECTION('',(0.707106781187,1.735167508357E-18,-0.707106781187)
  );
#8018 = DIRECTION('',(-1.226948711654E-18,1.,1.226948711654E-18));
#8019 = ADVANCED_FACE('',(#8020),#8031,.F.);
#8020 = FACE_BOUND('',#8021,.T.);
#8021 = EDGE_LOOP('',(#8022,#8023,#8024,#8025));
#8022 = ORIENTED_EDGE('',*,*,#7999,.F.);
#8023 = ORIENTED_EDGE('',*,*,#6874,.T.);
#8024 = ORIENTED_EDGE('',*,*,#7944,.T.);
#8025 = ORIENTED_EDGE('',*,*,#8026,.F.);
#8026 = EDGE_CURVE('',#8000,#7945,#8027,.T.);
#8027 = LINE('',#8028,#8029);
#8028 = CARTESIAN_POINT('',(-0.32,-2.7,8.54));
#8029 = VECTOR('',#8030,1.);
#8030 = DIRECTION('',(1.,0.,0.));
#8031 = PLANE('',#8032);
#8032 = AXIS2_PLACEMENT_3D('',#8033,#8034,#8035);
#8033 = CARTESIAN_POINT('',(-0.32,-2.78,8.46));
#8034 = DIRECTION('',(-1.735167508357E-18,0.707106781187,-0.707106781187
    ));
#8035 = DIRECTION('',(-1.,-1.226948711654E-18,1.226948711654E-18));
#8036 = ADVANCED_FACE('',(#8037),#8062,.F.);
#8037 = FACE_BOUND('',#8038,.T.);
#8038 = EDGE_LOOP('',(#8039,#8047,#8048,#8056));
#8039 = ORIENTED_EDGE('',*,*,#8040,.F.);
#8040 = EDGE_CURVE('',#6898,#8041,#8043,.T.);
#8041 = VERTEX_POINT('',#8042);
#8042 = CARTESIAN_POINT('',(-0.16,-12.86,8.54));
#8043 = LINE('',#8044,#8045);
#8044 = CARTESIAN_POINT('',(-0.266666666667,-12.96666666666,
    8.433333333333));
#8045 = VECTOR('',#8046,1.);
#8046 = DIRECTION('',(0.57735026919,0.57735026919,0.57735026919));
#8047 = ORIENTED_EDGE('',*,*,#6905,.T.);
#8048 = ORIENTED_EDGE('',*,*,#8049,.T.);
#8049 = EDGE_CURVE('',#6889,#8050,#8052,.T.);
#8050 = VERTEX_POINT('',#8051);
#8051 = CARTESIAN_POINT('',(0.16,-12.86,8.54));
#8052 = LINE('',#8053,#8054);
#8053 = CARTESIAN_POINT('',(0.16,-12.86,8.54));
#8054 = VECTOR('',#8055,1.);
#8055 = DIRECTION('',(-0.57735026919,0.57735026919,0.57735026919));
#8056 = ORIENTED_EDGE('',*,*,#8057,.F.);
#8057 = EDGE_CURVE('',#8041,#8050,#8058,.T.);
#8058 = LINE('',#8059,#8060);
#8059 = CARTESIAN_POINT('',(-0.32,-12.86,8.54));
#8060 = VECTOR('',#8061,1.);
#8061 = DIRECTION('',(1.,0.,0.));
#8062 = PLANE('',#8063);
#8063 = AXIS2_PLACEMENT_3D('',#8064,#8065,#8066);
#8064 = CARTESIAN_POINT('',(-0.32,-12.94,8.46));
#8065 = DIRECTION('',(-1.735167508357E-18,0.707106781187,-0.707106781187
    ));
#8066 = DIRECTION('',(-1.,-1.226948711654E-18,1.226948711654E-18));
#8067 = ADVANCED_FACE('',(#8068),#8086,.T.);
#8068 = FACE_BOUND('',#8069,.T.);
#8069 = EDGE_LOOP('',(#8070,#8071,#8072,#8080));
#8070 = ORIENTED_EDGE('',*,*,#8049,.F.);
#8071 = ORIENTED_EDGE('',*,*,#6929,.T.);
#8072 = ORIENTED_EDGE('',*,*,#8073,.T.);
#8073 = EDGE_CURVE('',#6922,#8074,#8076,.T.);
#8074 = VERTEX_POINT('',#8075);
#8075 = CARTESIAN_POINT('',(0.16,-12.54,8.54));
#8076 = LINE('',#8077,#8078);
#8077 = CARTESIAN_POINT('',(5.333333333333E-02,-12.64666666666,
    8.646666666667));
#8078 = VECTOR('',#8079,1.);
#8079 = DIRECTION('',(-0.57735026919,-0.57735026919,0.57735026919));
#8080 = ORIENTED_EDGE('',*,*,#8081,.F.);
#8081 = EDGE_CURVE('',#8050,#8074,#8082,.T.);
#8082 = LINE('',#8083,#8084);
#8083 = CARTESIAN_POINT('',(0.16,-13.02,8.54));
#8084 = VECTOR('',#8085,1.);
#8085 = DIRECTION('',(0.,1.,0.));
#8086 = PLANE('',#8087);
#8087 = AXIS2_PLACEMENT_3D('',#8088,#8089,#8090);
#8088 = CARTESIAN_POINT('',(0.24,-13.02,8.46));
#8089 = DIRECTION('',(0.707106781187,-1.735167508357E-18,0.707106781187)
  );
#8090 = DIRECTION('',(1.226948711654E-18,1.,1.226948711654E-18));
#8091 = ADVANCED_FACE('',(#8092),#8110,.T.);
#8092 = FACE_BOUND('',#8093,.F.);
#8093 = EDGE_LOOP('',(#8094,#8102,#8103,#8104));
#8094 = ORIENTED_EDGE('',*,*,#8095,.F.);
#8095 = EDGE_CURVE('',#6946,#8096,#8098,.T.);
#8096 = VERTEX_POINT('',#8097);
#8097 = CARTESIAN_POINT('',(-0.16,-12.54,8.54));
#8098 = LINE('',#8099,#8100);
#8099 = CARTESIAN_POINT('',(-0.16,-12.54,8.54));
#8100 = VECTOR('',#8101,1.);
#8101 = DIRECTION('',(0.57735026919,-0.57735026919,0.57735026919));
#8102 = ORIENTED_EDGE('',*,*,#6953,.T.);
#8103 = ORIENTED_EDGE('',*,*,#8073,.T.);
#8104 = ORIENTED_EDGE('',*,*,#8105,.F.);
#8105 = EDGE_CURVE('',#8096,#8074,#8106,.T.);
#8106 = LINE('',#8107,#8108);
#8107 = CARTESIAN_POINT('',(-0.32,-12.54,8.54));
#8108 = VECTOR('',#8109,1.);
#8109 = DIRECTION('',(1.,0.,0.));
#8110 = PLANE('',#8111);
#8111 = AXIS2_PLACEMENT_3D('',#8112,#8113,#8114);
#8112 = CARTESIAN_POINT('',(-0.32,-12.46,8.46));
#8113 = DIRECTION('',(1.735167508357E-18,0.707106781187,0.707106781187)
  );
#8114 = DIRECTION('',(-1.,1.226948711654E-18,1.226948711654E-18));
#8115 = ADVANCED_FACE('',(#8116),#8127,.F.);
#8116 = FACE_BOUND('',#8117,.F.);
#8117 = EDGE_LOOP('',(#8118,#8119,#8120,#8121));
#8118 = ORIENTED_EDGE('',*,*,#8040,.F.);
#8119 = ORIENTED_EDGE('',*,*,#6970,.T.);
#8120 = ORIENTED_EDGE('',*,*,#8095,.T.);
#8121 = ORIENTED_EDGE('',*,*,#8122,.F.);
#8122 = EDGE_CURVE('',#8041,#8096,#8123,.T.);
#8123 = LINE('',#8124,#8125);
#8124 = CARTESIAN_POINT('',(-0.16,-13.02,8.54));
#8125 = VECTOR('',#8126,1.);
#8126 = DIRECTION('',(0.,1.,0.));
#8127 = PLANE('',#8128);
#8128 = AXIS2_PLACEMENT_3D('',#8129,#8130,#8131);
#8129 = CARTESIAN_POINT('',(-0.24,-13.02,8.46));
#8130 = DIRECTION('',(0.707106781187,1.735167508357E-18,-0.707106781187)
  );
#8131 = DIRECTION('',(-1.226948711654E-18,1.,1.226948711654E-18));
#8132 = ADVANCED_FACE('',(#8133),#8158,.T.);
#8133 = FACE_BOUND('',#8134,.F.);
#8134 = EDGE_LOOP('',(#8135,#8143,#8144,#8152));
#8135 = ORIENTED_EDGE('',*,*,#8136,.F.);
#8136 = EDGE_CURVE('',#6994,#8137,#8139,.T.);
#8137 = VERTEX_POINT('',#8138);
#8138 = CARTESIAN_POINT('',(-0.16,-10.,8.54));
#8139 = LINE('',#8140,#8141);
#8140 = CARTESIAN_POINT('',(-0.16,-10.,8.54));
#8141 = VECTOR('',#8142,1.);
#8142 = DIRECTION('',(0.57735026919,-0.57735026919,0.57735026919));
#8143 = ORIENTED_EDGE('',*,*,#7001,.T.);
#8144 = ORIENTED_EDGE('',*,*,#8145,.T.);
#8145 = EDGE_CURVE('',#6985,#8146,#8148,.T.);
#8146 = VERTEX_POINT('',#8147);
#8147 = CARTESIAN_POINT('',(0.16,-10.,8.54));
#8148 = LINE('',#8149,#8150);
#8149 = CARTESIAN_POINT('',(5.333333333333E-02,-10.10666666666,
    8.646666666667));
#8150 = VECTOR('',#8151,1.);
#8151 = DIRECTION('',(-0.57735026919,-0.57735026919,0.57735026919));
#8152 = ORIENTED_EDGE('',*,*,#8153,.F.);
#8153 = EDGE_CURVE('',#8137,#8146,#8154,.T.);
#8154 = LINE('',#8155,#8156);
#8155 = CARTESIAN_POINT('',(-0.32,-10.,8.54));
#8156 = VECTOR('',#8157,1.);
#8157 = DIRECTION('',(1.,0.,0.));
#8158 = PLANE('',#8159);
#8159 = AXIS2_PLACEMENT_3D('',#8160,#8161,#8162);
#8160 = CARTESIAN_POINT('',(-0.32,-9.92,8.46));
#8161 = DIRECTION('',(1.735167508357E-18,0.707106781187,0.707106781187)
  );
#8162 = DIRECTION('',(-1.,1.226948711654E-18,1.226948711654E-18));
#8163 = ADVANCED_FACE('',(#8164),#8182,.F.);
#8164 = FACE_BOUND('',#8165,.F.);
#8165 = EDGE_LOOP('',(#8166,#8174,#8175,#8176));
#8166 = ORIENTED_EDGE('',*,*,#8167,.F.);
#8167 = EDGE_CURVE('',#7016,#8168,#8170,.T.);
#8168 = VERTEX_POINT('',#8169);
#8169 = CARTESIAN_POINT('',(-0.16,-10.32,8.54));
#8170 = LINE('',#8171,#8172);
#8171 = CARTESIAN_POINT('',(-0.266666666667,-10.42666666666,
    8.433333333333));
#8172 = VECTOR('',#8173,1.);
#8173 = DIRECTION('',(0.57735026919,0.57735026919,0.57735026919));
#8174 = ORIENTED_EDGE('',*,*,#7025,.T.);
#8175 = ORIENTED_EDGE('',*,*,#8136,.T.);
#8176 = ORIENTED_EDGE('',*,*,#8177,.F.);
#8177 = EDGE_CURVE('',#8168,#8137,#8178,.T.);
#8178 = LINE('',#8179,#8180);
#8179 = CARTESIAN_POINT('',(-0.16,-10.48,8.54));
#8180 = VECTOR('',#8181,1.);
#8181 = DIRECTION('',(0.,1.,0.));
#8182 = PLANE('',#8183);
#8183 = AXIS2_PLACEMENT_3D('',#8184,#8185,#8186);
#8184 = CARTESIAN_POINT('',(-0.24,-10.48,8.46));
#8185 = DIRECTION('',(0.707106781187,1.735167508357E-18,-0.707106781187)
  );
#8186 = DIRECTION('',(-1.226948711654E-18,1.,1.226948711654E-18));
#8187 = ADVANCED_FACE('',(#8188),#8206,.F.);
#8188 = FACE_BOUND('',#8189,.T.);
#8189 = EDGE_LOOP('',(#8190,#8191,#8192,#8200));
#8190 = ORIENTED_EDGE('',*,*,#8167,.F.);
#8191 = ORIENTED_EDGE('',*,*,#7049,.T.);
#8192 = ORIENTED_EDGE('',*,*,#8193,.T.);
#8193 = EDGE_CURVE('',#7040,#8194,#8196,.T.);
#8194 = VERTEX_POINT('',#8195);
#8195 = CARTESIAN_POINT('',(0.16,-10.32,8.54));
#8196 = LINE('',#8197,#8198);
#8197 = CARTESIAN_POINT('',(0.16,-10.32,8.54));
#8198 = VECTOR('',#8199,1.);
#8199 = DIRECTION('',(-0.57735026919,0.57735026919,0.57735026919));
#8200 = ORIENTED_EDGE('',*,*,#8201,.F.);
#8201 = EDGE_CURVE('',#8168,#8194,#8202,.T.);
#8202 = LINE('',#8203,#8204);
#8203 = CARTESIAN_POINT('',(-0.32,-10.32,8.54));
#8204 = VECTOR('',#8205,1.);
#8205 = DIRECTION('',(1.,0.,0.));
#8206 = PLANE('',#8207);
#8207 = AXIS2_PLACEMENT_3D('',#8208,#8209,#8210);
#8208 = CARTESIAN_POINT('',(-0.32,-10.4,8.46));
#8209 = DIRECTION('',(-1.735167508357E-18,0.707106781187,-0.707106781187
    ));
#8210 = DIRECTION('',(-1.,-1.226948711654E-18,1.226948711654E-18));
#8211 = ADVANCED_FACE('',(#8212),#8223,.T.);
#8212 = FACE_BOUND('',#8213,.T.);
#8213 = EDGE_LOOP('',(#8214,#8215,#8216,#8217));
#8214 = ORIENTED_EDGE('',*,*,#8193,.F.);
#8215 = ORIENTED_EDGE('',*,*,#7066,.T.);
#8216 = ORIENTED_EDGE('',*,*,#8145,.T.);
#8217 = ORIENTED_EDGE('',*,*,#8218,.F.);
#8218 = EDGE_CURVE('',#8194,#8146,#8219,.T.);
#8219 = LINE('',#8220,#8221);
#8220 = CARTESIAN_POINT('',(0.16,-10.48,8.54));
#8221 = VECTOR('',#8222,1.);
#8222 = DIRECTION('',(0.,1.,0.));
#8223 = PLANE('',#8224);
#8224 = AXIS2_PLACEMENT_3D('',#8225,#8226,#8227);
#8225 = CARTESIAN_POINT('',(0.24,-10.48,8.46));
#8226 = DIRECTION('',(0.707106781187,-1.735167508357E-18,0.707106781187)
  );
#8227 = DIRECTION('',(1.226948711654E-18,1.,1.226948711654E-18));
#8228 = ADVANCED_FACE('',(#8229),#8254,.F.);
#8229 = FACE_BOUND('',#8230,.T.);
#8230 = EDGE_LOOP('',(#8231,#8239,#8240,#8248));
#8231 = ORIENTED_EDGE('',*,*,#8232,.F.);
#8232 = EDGE_CURVE('',#7090,#8233,#8235,.T.);
#8233 = VERTEX_POINT('',#8234);
#8234 = CARTESIAN_POINT('',(-0.16,-7.78,8.54));
#8235 = LINE('',#8236,#8237);
#8236 = CARTESIAN_POINT('',(-0.266666666667,-7.886666666667,
    8.433333333333));
#8237 = VECTOR('',#8238,1.);
#8238 = DIRECTION('',(0.57735026919,0.57735026919,0.57735026919));
#8239 = ORIENTED_EDGE('',*,*,#7097,.T.);
#8240 = ORIENTED_EDGE('',*,*,#8241,.T.);
#8241 = EDGE_CURVE('',#7081,#8242,#8244,.T.);
#8242 = VERTEX_POINT('',#8243);
#8243 = CARTESIAN_POINT('',(0.16,-7.78,8.54));
#8244 = LINE('',#8245,#8246);
#8245 = CARTESIAN_POINT('',(0.16,-7.78,8.54));
#8246 = VECTOR('',#8247,1.);
#8247 = DIRECTION('',(-0.57735026919,0.57735026919,0.57735026919));
#8248 = ORIENTED_EDGE('',*,*,#8249,.F.);
#8249 = EDGE_CURVE('',#8233,#8242,#8250,.T.);
#8250 = LINE('',#8251,#8252);
#8251 = CARTESIAN_POINT('',(-0.32,-7.78,8.54));
#8252 = VECTOR('',#8253,1.);
#8253 = DIRECTION('',(1.,0.,0.));
#8254 = PLANE('',#8255);
#8255 = AXIS2_PLACEMENT_3D('',#8256,#8257,#8258);
#8256 = CARTESIAN_POINT('',(-0.32,-7.86,8.46));
#8257 = DIRECTION('',(-1.735167508357E-18,0.707106781187,-0.707106781187
    ));
#8258 = DIRECTION('',(-1.,-1.226948711654E-18,1.226948711654E-18));
#8259 = ADVANCED_FACE('',(#8260),#8278,.T.);
#8260 = FACE_BOUND('',#8261,.T.);
#8261 = EDGE_LOOP('',(#8262,#8263,#8264,#8272));
#8262 = ORIENTED_EDGE('',*,*,#8241,.F.);
#8263 = ORIENTED_EDGE('',*,*,#7121,.T.);
#8264 = ORIENTED_EDGE('',*,*,#8265,.T.);
#8265 = EDGE_CURVE('',#7114,#8266,#8268,.T.);
#8266 = VERTEX_POINT('',#8267);
#8267 = CARTESIAN_POINT('',(0.16,-7.46,8.54));
#8268 = LINE('',#8269,#8270);
#8269 = CARTESIAN_POINT('',(5.333333333333E-02,-7.566666666667,
    8.646666666667));
#8270 = VECTOR('',#8271,1.);
#8271 = DIRECTION('',(-0.57735026919,-0.57735026919,0.57735026919));
#8272 = ORIENTED_EDGE('',*,*,#8273,.F.);
#8273 = EDGE_CURVE('',#8242,#8266,#8274,.T.);
#8274 = LINE('',#8275,#8276);
#8275 = CARTESIAN_POINT('',(0.16,-7.94,8.54));
#8276 = VECTOR('',#8277,1.);
#8277 = DIRECTION('',(0.,1.,0.));
#8278 = PLANE('',#8279);
#8279 = AXIS2_PLACEMENT_3D('',#8280,#8281,#8282);
#8280 = CARTESIAN_POINT('',(0.24,-7.94,8.46));
#8281 = DIRECTION('',(0.707106781187,-1.735167508357E-18,0.707106781187)
  );
#8282 = DIRECTION('',(1.226948711654E-18,1.,1.226948711654E-18));
#8283 = ADVANCED_FACE('',(#8284),#8302,.T.);
#8284 = FACE_BOUND('',#8285,.F.);
#8285 = EDGE_LOOP('',(#8286,#8294,#8295,#8296));
#8286 = ORIENTED_EDGE('',*,*,#8287,.F.);
#8287 = EDGE_CURVE('',#7138,#8288,#8290,.T.);
#8288 = VERTEX_POINT('',#8289);
#8289 = CARTESIAN_POINT('',(-0.16,-7.46,8.54));
#8290 = LINE('',#8291,#8292);
#8291 = CARTESIAN_POINT('',(-0.16,-7.46,8.54));
#8292 = VECTOR('',#8293,1.);
#8293 = DIRECTION('',(0.57735026919,-0.57735026919,0.57735026919));
#8294 = ORIENTED_EDGE('',*,*,#7145,.T.);
#8295 = ORIENTED_EDGE('',*,*,#8265,.T.);
#8296 = ORIENTED_EDGE('',*,*,#8297,.F.);
#8297 = EDGE_CURVE('',#8288,#8266,#8298,.T.);
#8298 = LINE('',#8299,#8300);
#8299 = CARTESIAN_POINT('',(-0.32,-7.46,8.54));
#8300 = VECTOR('',#8301,1.);
#8301 = DIRECTION('',(1.,0.,0.));
#8302 = PLANE('',#8303);
#8303 = AXIS2_PLACEMENT_3D('',#8304,#8305,#8306);
#8304 = CARTESIAN_POINT('',(-0.32,-7.38,8.46));
#8305 = DIRECTION('',(1.735167508357E-18,0.707106781187,0.707106781187)
  );
#8306 = DIRECTION('',(-1.,1.226948711654E-18,1.226948711654E-18));
#8307 = ADVANCED_FACE('',(#8308),#8319,.F.);
#8308 = FACE_BOUND('',#8309,.F.);
#8309 = EDGE_LOOP('',(#8310,#8311,#8312,#8313));
#8310 = ORIENTED_EDGE('',*,*,#8232,.F.);
#8311 = ORIENTED_EDGE('',*,*,#7162,.T.);
#8312 = ORIENTED_EDGE('',*,*,#8287,.T.);
#8313 = ORIENTED_EDGE('',*,*,#8314,.F.);
#8314 = EDGE_CURVE('',#8233,#8288,#8315,.T.);
#8315 = LINE('',#8316,#8317);
#8316 = CARTESIAN_POINT('',(-0.16,-7.94,8.54));
#8317 = VECTOR('',#8318,1.);
#8318 = DIRECTION('',(0.,1.,0.));
#8319 = PLANE('',#8320);
#8320 = AXIS2_PLACEMENT_3D('',#8321,#8322,#8323);
#8321 = CARTESIAN_POINT('',(-0.24,-7.94,8.46));
#8322 = DIRECTION('',(0.707106781187,1.735167508357E-18,-0.707106781187)
  );
#8323 = DIRECTION('',(-1.226948711654E-18,1.,1.226948711654E-18));
#8324 = ADVANCED_FACE('',(#8325),#8331,.F.);
#8325 = FACE_BOUND('',#8326,.F.);
#8326 = EDGE_LOOP('',(#8327,#8328,#8329,#8330));
#8327 = ORIENTED_EDGE('',*,*,#7217,.F.);
#8328 = ORIENTED_EDGE('',*,*,#7241,.F.);
#8329 = ORIENTED_EDGE('',*,*,#7258,.T.);
#8330 = ORIENTED_EDGE('',*,*,#7193,.T.);
#8331 = PLANE('',#8332);
#8332 = AXIS2_PLACEMENT_3D('',#8333,#8334,#8335);
#8333 = CARTESIAN_POINT('',(-0.32,-0.32,-3.));
#8334 = DIRECTION('',(0.,0.,1.));
#8335 = DIRECTION('',(1.,0.,-0.));
#8336 = ADVANCED_FACE('',(#8337),#8343,.F.);
#8337 = FACE_BOUND('',#8338,.F.);
#8338 = EDGE_LOOP('',(#8339,#8340,#8341,#8342));
#8339 = ORIENTED_EDGE('',*,*,#7313,.F.);
#8340 = ORIENTED_EDGE('',*,*,#7337,.F.);
#8341 = ORIENTED_EDGE('',*,*,#7354,.T.);
#8342 = ORIENTED_EDGE('',*,*,#7289,.T.);
#8343 = PLANE('',#8344);
#8344 = AXIS2_PLACEMENT_3D('',#8345,#8346,#8347);
#8345 = CARTESIAN_POINT('',(-0.32,-5.4,-3.));
#8346 = DIRECTION('',(0.,0.,1.));
#8347 = DIRECTION('',(1.,0.,-0.));
#8348 = ADVANCED_FACE('',(#8349),#8355,.F.);
#8349 = FACE_BOUND('',#8350,.F.);
#8350 = EDGE_LOOP('',(#8351,#8352,#8353,#8354));
#8351 = ORIENTED_EDGE('',*,*,#7409,.F.);
#8352 = ORIENTED_EDGE('',*,*,#7433,.F.);
#8353 = ORIENTED_EDGE('',*,*,#7450,.T.);
#8354 = ORIENTED_EDGE('',*,*,#7385,.T.);
#8355 = PLANE('',#8356);
#8356 = AXIS2_PLACEMENT_3D('',#8357,#8358,#8359);
#8357 = CARTESIAN_POINT('',(-0.32,-2.86,-3.));
#8358 = DIRECTION('',(0.,0.,1.));
#8359 = DIRECTION('',(1.,0.,-0.));
#8360 = ADVANCED_FACE('',(#8361),#8367,.F.);
#8361 = FACE_BOUND('',#8362,.F.);
#8362 = EDGE_LOOP('',(#8363,#8364,#8365,#8366));
#8363 = ORIENTED_EDGE('',*,*,#7529,.F.);
#8364 = ORIENTED_EDGE('',*,*,#7546,.F.);
#8365 = ORIENTED_EDGE('',*,*,#7481,.T.);
#8366 = ORIENTED_EDGE('',*,*,#7505,.T.);
#8367 = PLANE('',#8368);
#8368 = AXIS2_PLACEMENT_3D('',#8369,#8370,#8371);
#8369 = CARTESIAN_POINT('',(-0.32,-13.02,-3.));
#8370 = DIRECTION('',(0.,0.,1.));
#8371 = DIRECTION('',(1.,0.,-0.));
#8372 = ADVANCED_FACE('',(#8373),#8379,.F.);
#8373 = FACE_BOUND('',#8374,.F.);
#8374 = EDGE_LOOP('',(#8375,#8376,#8377,#8378));
#8375 = ORIENTED_EDGE('',*,*,#7577,.F.);
#8376 = ORIENTED_EDGE('',*,*,#7601,.F.);
#8377 = ORIENTED_EDGE('',*,*,#7625,.T.);
#8378 = ORIENTED_EDGE('',*,*,#7642,.T.);
#8379 = PLANE('',#8380);
#8380 = AXIS2_PLACEMENT_3D('',#8381,#8382,#8383);
#8381 = CARTESIAN_POINT('',(-0.32,-10.48,-3.));
#8382 = DIRECTION('',(0.,0.,1.));
#8383 = DIRECTION('',(1.,0.,-0.));
#8384 = ADVANCED_FACE('',(#8385),#8391,.F.);
#8385 = FACE_BOUND('',#8386,.F.);
#8386 = EDGE_LOOP('',(#8387,#8388,#8389,#8390));
#8387 = ORIENTED_EDGE('',*,*,#7721,.F.);
#8388 = ORIENTED_EDGE('',*,*,#7738,.F.);
#8389 = ORIENTED_EDGE('',*,*,#7673,.T.);
#8390 = ORIENTED_EDGE('',*,*,#7697,.T.);
#8391 = PLANE('',#8392);
#8392 = AXIS2_PLACEMENT_3D('',#8393,#8394,#8395);
#8393 = CARTESIAN_POINT('',(-0.32,-7.94,-3.));
#8394 = DIRECTION('',(0.,0.,1.));
#8395 = DIRECTION('',(1.,0.,-0.));
#8396 = ADVANCED_FACE('',(#8397),#8403,.T.);
#8397 = FACE_BOUND('',#8398,.T.);
#8398 = EDGE_LOOP('',(#8399,#8400,#8401,#8402));
#8399 = ORIENTED_EDGE('',*,*,#7769,.T.);
#8400 = ORIENTED_EDGE('',*,*,#7793,.F.);
#8401 = ORIENTED_EDGE('',*,*,#7817,.F.);
#8402 = ORIENTED_EDGE('',*,*,#7834,.T.);
#8403 = PLANE('',#8404);
#8404 = AXIS2_PLACEMENT_3D('',#8405,#8406,#8407);
#8405 = CARTESIAN_POINT('',(-0.32,-0.32,8.54));
#8406 = DIRECTION('',(0.,0.,1.));
#8407 = DIRECTION('',(1.,0.,-0.));
#8408 = ADVANCED_FACE('',(#8409),#8415,.T.);
#8409 = FACE_BOUND('',#8410,.T.);
#8410 = EDGE_LOOP('',(#8411,#8412,#8413,#8414));
#8411 = ORIENTED_EDGE('',*,*,#7865,.T.);
#8412 = ORIENTED_EDGE('',*,*,#7889,.F.);
#8413 = ORIENTED_EDGE('',*,*,#7913,.F.);
#8414 = ORIENTED_EDGE('',*,*,#7930,.T.);
#8415 = PLANE('',#8416);
#8416 = AXIS2_PLACEMENT_3D('',#8417,#8418,#8419);
#8417 = CARTESIAN_POINT('',(-0.32,-5.4,8.54));
#8418 = DIRECTION('',(0.,0.,1.));
#8419 = DIRECTION('',(1.,0.,-0.));
#8420 = ADVANCED_FACE('',(#8421),#8427,.T.);
#8421 = FACE_BOUND('',#8422,.T.);
#8422 = EDGE_LOOP('',(#8423,#8424,#8425,#8426));
#8423 = ORIENTED_EDGE('',*,*,#7961,.T.);
#8424 = ORIENTED_EDGE('',*,*,#7985,.F.);
#8425 = ORIENTED_EDGE('',*,*,#8009,.F.);
#8426 = ORIENTED_EDGE('',*,*,#8026,.T.);
#8427 = PLANE('',#8428);
#8428 = AXIS2_PLACEMENT_3D('',#8429,#8430,#8431);
#8429 = CARTESIAN_POINT('',(-0.32,-2.86,8.54));
#8430 = DIRECTION('',(0.,0.,1.));
#8431 = DIRECTION('',(1.,0.,-0.));
#8432 = ADVANCED_FACE('',(#8433),#8439,.T.);
#8433 = FACE_BOUND('',#8434,.T.);
#8434 = EDGE_LOOP('',(#8435,#8436,#8437,#8438));
#8435 = ORIENTED_EDGE('',*,*,#8081,.T.);
#8436 = ORIENTED_EDGE('',*,*,#8105,.F.);
#8437 = ORIENTED_EDGE('',*,*,#8122,.F.);
#8438 = ORIENTED_EDGE('',*,*,#8057,.T.);
#8439 = PLANE('',#8440);
#8440 = AXIS2_PLACEMENT_3D('',#8441,#8442,#8443);
#8441 = CARTESIAN_POINT('',(-0.32,-13.02,8.54));
#8442 = DIRECTION('',(0.,0.,1.));
#8443 = DIRECTION('',(1.,0.,-0.));
#8444 = ADVANCED_FACE('',(#8445),#8451,.T.);
#8445 = FACE_BOUND('',#8446,.T.);
#8446 = EDGE_LOOP('',(#8447,#8448,#8449,#8450));
#8447 = ORIENTED_EDGE('',*,*,#8218,.T.);
#8448 = ORIENTED_EDGE('',*,*,#8153,.F.);
#8449 = ORIENTED_EDGE('',*,*,#8177,.F.);
#8450 = ORIENTED_EDGE('',*,*,#8201,.T.);
#8451 = PLANE('',#8452);
#8452 = AXIS2_PLACEMENT_3D('',#8453,#8454,#8455);
#8453 = CARTESIAN_POINT('',(-0.32,-10.48,8.54));
#8454 = DIRECTION('',(0.,0.,1.));
#8455 = DIRECTION('',(1.,0.,-0.));
#8456 = ADVANCED_FACE('',(#8457),#8463,.T.);
#8457 = FACE_BOUND('',#8458,.T.);
#8458 = EDGE_LOOP('',(#8459,#8460,#8461,#8462));
#8459 = ORIENTED_EDGE('',*,*,#8273,.T.);
#8460 = ORIENTED_EDGE('',*,*,#8297,.F.);
#8461 = ORIENTED_EDGE('',*,*,#8314,.F.);
#8462 = ORIENTED_EDGE('',*,*,#8249,.T.);
#8463 = PLANE('',#8464);
#8464 = AXIS2_PLACEMENT_3D('',#8465,#8466,#8467);
#8465 = CARTESIAN_POINT('',(-0.32,-7.94,8.54));
#8466 = DIRECTION('',(0.,0.,1.));
#8467 = DIRECTION('',(1.,0.,-0.));
#8468 = ( GEOMETRIC_REPRESENTATION_CONTEXT(3) 
GLOBAL_UNCERTAINTY_ASSIGNED_CONTEXT((#8472)) 
GLOBAL_UNIT_ASSIGNED_CONTEXT((#8469,#8470,#8471)) REPRESENTATION_CONTEXT
('Context #1','3D Context with UNIT and UNCERTAINTY') );
#8469 = ( LENGTH_UNIT() NAMED_UNIT(*) SI_UNIT(.MILLI.,.METRE.) );
#8470 = ( NAMED_UNIT(*) PLANE_ANGLE_UNIT() SI_UNIT($,.RADIAN.) );
#8471 = ( NAMED_UNIT(*) SI_UNIT($,.STERADIAN.) SOLID_ANGLE_UNIT() );
#8472 = UNCERTAINTY_MEASURE_WITH_UNIT(LENGTH_MEASURE(1.E-07),#8469,
  'distance_accuracy_value','confusion accuracy');
#8473 = CONTEXT_DEPENDENT_SHAPE_REPRESENTATION(#8474,#8476);
#8474 = ( REPRESENTATION_RELATIONSHIP('','',#4339,#10) 
REPRESENTATION_RELATIONSHIP_WITH_TRANSFORMATION(#8475) 
SHAPE_REPRESENTATION_RELATIONSHIP() );
#8475 = ITEM_DEFINED_TRANSFORMATION('','',#11,#27);
#8476 = PRODUCT_DEFINITION_SHAPE('Placement','Placement of an item',
  #8477);
#8477 = NEXT_ASSEMBLY_USAGE_OCCURRENCE('4','J6','',#5,#4334,$);
#8478 = PRODUCT_RELATED_PRODUCT_CATEGORY('part',$,(#4336));
#8479 = SHAPE_DEFINITION_REPRESENTATION(#8480,#8486);
#8480 = PRODUCT_DEFINITION_SHAPE('','',#8481);
#8481 = PRODUCT_DEFINITION('design','',#8482,#8485);
#8482 = PRODUCT_DEFINITION_FORMATION('','',#8483);
#8483 = PRODUCT('PinHeader_1x03_P2.54mm_Vertical',
  'PinHeader_1x03_P2.54mm_Vertical','',(#8484));
#8484 = PRODUCT_CONTEXT('',#2,'mechanical');
#8485 = PRODUCT_DEFINITION_CONTEXT('part definition',#2,'design');
#8486 = ADVANCED_BREP_SHAPE_REPRESENTATION('',(#11,#8487),#10593);
#8487 = MANIFOLD_SOLID_BREP('',#8488);
#8488 = CLOSED_SHELL('',(#8489,#8529,#8560,#8591,#8838,#9085,#9102,#9119
    ,#9136,#9153,#9170,#9187,#9204,#9221,#9238,#9255,#9272,#9289,#9306,
    #9323,#9340,#9357,#9369,#9400,#9424,#9448,#9465,#9496,#9520,#9544,
    #9561,#9592,#9616,#9640,#9657,#9688,#9712,#9736,#9753,#9784,#9808,
    #9832,#9849,#9880,#9904,#9928,#9945,#9976,#10000,#10024,#10041,
    #10072,#10096,#10120,#10137,#10168,#10192,#10216,#10233,#10264,
    #10288,#10312,#10329,#10360,#10384,#10408,#10425,#10456,#10480,
    #10504,#10521,#10533,#10545,#10557,#10569,#10581));
#8489 = ADVANCED_FACE('',(#8490),#8524,.F.);
#8490 = FACE_BOUND('',#8491,.F.);
#8491 = EDGE_LOOP('',(#8492,#8502,#8510,#8518));
#8492 = ORIENTED_EDGE('',*,*,#8493,.T.);
#8493 = EDGE_CURVE('',#8494,#8496,#8498,.T.);
#8494 = VERTEX_POINT('',#8495);
#8495 = CARTESIAN_POINT('',(-1.016,1.27,0.));
#8496 = VERTEX_POINT('',#8497);
#8497 = CARTESIAN_POINT('',(-1.016,1.27,2.54));
#8498 = LINE('',#8499,#8500);
#8499 = CARTESIAN_POINT('',(-1.016,1.27,0.));
#8500 = VECTOR('',#8501,1.);
#8501 = DIRECTION('',(0.,0.,1.));
#8502 = ORIENTED_EDGE('',*,*,#8503,.T.);
#8503 = EDGE_CURVE('',#8496,#8504,#8506,.T.);
#8504 = VERTEX_POINT('',#8505);
#8505 = CARTESIAN_POINT('',(-1.27,1.016,2.54));
#8506 = LINE('',#8507,#8508);
#8507 = CARTESIAN_POINT('',(-1.016,1.27,2.54));
#8508 = VECTOR('',#8509,1.);
#8509 = DIRECTION('',(-0.707106781187,-0.707106781187,0.));
#8510 = ORIENTED_EDGE('',*,*,#8511,.F.);
#8511 = EDGE_CURVE('',#8512,#8504,#8514,.T.);
#8512 = VERTEX_POINT('',#8513);
#8513 = CARTESIAN_POINT('',(-1.27,1.016,0.));
#8514 = LINE('',#8515,#8516);
#8515 = CARTESIAN_POINT('',(-1.27,1.016,0.));
#8516 = VECTOR('',#8517,1.);
#8517 = DIRECTION('',(0.,0.,1.));
#8518 = ORIENTED_EDGE('',*,*,#8519,.F.);
#8519 = EDGE_CURVE('',#8494,#8512,#8520,.T.);
#8520 = LINE('',#8521,#8522);
#8521 = CARTESIAN_POINT('',(-1.016,1.27,0.));
#8522 = VECTOR('',#8523,1.);
#8523 = DIRECTION('',(-0.707106781187,-0.707106781187,0.));
#8524 = PLANE('',#8525);
#8525 = AXIS2_PLACEMENT_3D('',#8526,#8527,#8528);
#8526 = CARTESIAN_POINT('',(-1.016,1.27,0.));
#8527 = DIRECTION('',(0.707106781187,-0.707106781187,0.));
#8528 = DIRECTION('',(-0.707106781187,-0.707106781187,0.));
#8529 = ADVANCED_FACE('',(#8530),#8555,.F.);
#8530 = FACE_BOUND('',#8531,.F.);
#8531 = EDGE_LOOP('',(#8532,#8542,#8548,#8549));
#8532 = ORIENTED_EDGE('',*,*,#8533,.T.);
#8533 = EDGE_CURVE('',#8534,#8536,#8538,.T.);
#8534 = VERTEX_POINT('',#8535);
#8535 = CARTESIAN_POINT('',(1.016,1.27,0.));
#8536 = VERTEX_POINT('',#8537);
#8537 = CARTESIAN_POINT('',(1.016,1.27,2.54));
#8538 = LINE('',#8539,#8540);
#8539 = CARTESIAN_POINT('',(1.016,1.27,0.));
#8540 = VECTOR('',#8541,1.);
#8541 = DIRECTION('',(0.,0.,1.));
#8542 = ORIENTED_EDGE('',*,*,#8543,.T.);
#8543 = EDGE_CURVE('',#8536,#8496,#8544,.T.);
#8544 = LINE('',#8545,#8546);
#8545 = CARTESIAN_POINT('',(1.016,1.27,2.54));
#8546 = VECTOR('',#8547,1.);
#8547 = DIRECTION('',(-1.,0.,0.));
#8548 = ORIENTED_EDGE('',*,*,#8493,.F.);
#8549 = ORIENTED_EDGE('',*,*,#8550,.F.);
#8550 = EDGE_CURVE('',#8534,#8494,#8551,.T.);
#8551 = LINE('',#8552,#8553);
#8552 = CARTESIAN_POINT('',(1.016,1.27,0.));
#8553 = VECTOR('',#8554,1.);
#8554 = DIRECTION('',(-1.,0.,0.));
#8555 = PLANE('',#8556);
#8556 = AXIS2_PLACEMENT_3D('',#8557,#8558,#8559);
#8557 = CARTESIAN_POINT('',(1.016,1.27,0.));
#8558 = DIRECTION('',(0.,-1.,0.));
#8559 = DIRECTION('',(-1.,0.,0.));
#8560 = ADVANCED_FACE('',(#8561),#8586,.F.);
#8561 = FACE_BOUND('',#8562,.F.);
#8562 = EDGE_LOOP('',(#8563,#8564,#8572,#8580));
#8563 = ORIENTED_EDGE('',*,*,#8511,.T.);
#8564 = ORIENTED_EDGE('',*,*,#8565,.T.);
#8565 = EDGE_CURVE('',#8504,#8566,#8568,.T.);
#8566 = VERTEX_POINT('',#8567);
#8567 = CARTESIAN_POINT('',(-1.27,-1.016,2.54));
#8568 = LINE('',#8569,#8570);
#8569 = CARTESIAN_POINT('',(-1.27,1.016,2.54));
#8570 = VECTOR('',#8571,1.);
#8571 = DIRECTION('',(0.,-1.,0.));
#8572 = ORIENTED_EDGE('',*,*,#8573,.F.);
#8573 = EDGE_CURVE('',#8574,#8566,#8576,.T.);
#8574 = VERTEX_POINT('',#8575);
#8575 = CARTESIAN_POINT('',(-1.27,-1.016,0.));
#8576 = LINE('',#8577,#8578);
#8577 = CARTESIAN_POINT('',(-1.27,-1.016,0.));
#8578 = VECTOR('',#8579,1.);
#8579 = DIRECTION('',(0.,0.,1.));
#8580 = ORIENTED_EDGE('',*,*,#8581,.F.);
#8581 = EDGE_CURVE('',#8512,#8574,#8582,.T.);
#8582 = LINE('',#8583,#8584);
#8583 = CARTESIAN_POINT('',(-1.27,1.016,0.));
#8584 = VECTOR('',#8585,1.);
#8585 = DIRECTION('',(0.,-1.,0.));
#8586 = PLANE('',#8587);
#8587 = AXIS2_PLACEMENT_3D('',#8588,#8589,#8590);
#8588 = CARTESIAN_POINT('',(-1.27,1.016,0.));
#8589 = DIRECTION('',(1.,0.,0.));
#8590 = DIRECTION('',(0.,-1.,0.));
#8591 = ADVANCED_FACE('',(#8592,#8731,#8765,#8799),#8833,.F.);
#8592 = FACE_BOUND('',#8593,.F.);
#8593 = EDGE_LOOP('',(#8594,#8595,#8596,#8604,#8612,#8620,#8628,#8636,
    #8644,#8652,#8660,#8668,#8676,#8684,#8692,#8700,#8708,#8716,#8724,
    #8730));
#8594 = ORIENTED_EDGE('',*,*,#8519,.T.);
#8595 = ORIENTED_EDGE('',*,*,#8581,.T.);
#8596 = ORIENTED_EDGE('',*,*,#8597,.T.);
#8597 = EDGE_CURVE('',#8574,#8598,#8600,.T.);
#8598 = VERTEX_POINT('',#8599);
#8599 = CARTESIAN_POINT('',(-1.016,-1.27,0.));
#8600 = LINE('',#8601,#8602);
#8601 = CARTESIAN_POINT('',(-1.27,-1.016,0.));
#8602 = VECTOR('',#8603,1.);
#8603 = DIRECTION('',(0.707106781187,-0.707106781187,0.));
#8604 = ORIENTED_EDGE('',*,*,#8605,.T.);
#8605 = EDGE_CURVE('',#8598,#8606,#8608,.T.);
#8606 = VERTEX_POINT('',#8607);
#8607 = CARTESIAN_POINT('',(-1.27,-1.524,0.));
#8608 = LINE('',#8609,#8610);
#8609 = CARTESIAN_POINT('',(-1.016,-1.27,0.));
#8610 = VECTOR('',#8611,1.);
#8611 = DIRECTION('',(-0.707106781187,-0.707106781187,0.));
#8612 = ORIENTED_EDGE('',*,*,#8613,.T.);
#8613 = EDGE_CURVE('',#8606,#8614,#8616,.T.);
#8614 = VERTEX_POINT('',#8615);
#8615 = CARTESIAN_POINT('',(-1.27,-3.556,0.));
#8616 = LINE('',#8617,#8618);
#8617 = CARTESIAN_POINT('',(-1.27,-1.524,0.));
#8618 = VECTOR('',#8619,1.);
#8619 = DIRECTION('',(0.,-1.,0.));
#8620 = ORIENTED_EDGE('',*,*,#8621,.T.);
#8621 = EDGE_CURVE('',#8614,#8622,#8624,.T.);
#8622 = VERTEX_POINT('',#8623);
#8623 = CARTESIAN_POINT('',(-1.016,-3.81,0.));
#8624 = LINE('',#8625,#8626);
#8625 = CARTESIAN_POINT('',(-1.27,-3.556,0.));
#8626 = VECTOR('',#8627,1.);
#8627 = DIRECTION('',(0.707106781187,-0.707106781187,0.));
#8628 = ORIENTED_EDGE('',*,*,#8629,.T.);
#8629 = EDGE_CURVE('',#8622,#8630,#8632,.T.);
#8630 = VERTEX_POINT('',#8631);
#8631 = CARTESIAN_POINT('',(-1.27,-4.064,0.));
#8632 = LINE('',#8633,#8634);
#8633 = CARTESIAN_POINT('',(-1.016,-3.81,0.));
#8634 = VECTOR('',#8635,1.);
#8635 = DIRECTION('',(-0.707106781187,-0.707106781187,0.));
#8636 = ORIENTED_EDGE('',*,*,#8637,.T.);
#8637 = EDGE_CURVE('',#8630,#8638,#8640,.T.);
#8638 = VERTEX_POINT('',#8639);
#8639 = CARTESIAN_POINT('',(-1.27,-6.096,0.));
#8640 = LINE('',#8641,#8642);
#8641 = CARTESIAN_POINT('',(-1.27,-4.064,0.));
#8642 = VECTOR('',#8643,1.);
#8643 = DIRECTION('',(0.,-1.,0.));
#8644 = ORIENTED_EDGE('',*,*,#8645,.T.);
#8645 = EDGE_CURVE('',#8638,#8646,#8648,.T.);
#8646 = VERTEX_POINT('',#8647);
#8647 = CARTESIAN_POINT('',(-1.016,-6.35,0.));
#8648 = LINE('',#8649,#8650);
#8649 = CARTESIAN_POINT('',(-1.27,-6.096,0.));
#8650 = VECTOR('',#8651,1.);
#8651 = DIRECTION('',(0.707106781187,-0.707106781187,0.));
#8652 = ORIENTED_EDGE('',*,*,#8653,.T.);
#8653 = EDGE_CURVE('',#8646,#8654,#8656,.T.);
#8654 = VERTEX_POINT('',#8655);
#8655 = CARTESIAN_POINT('',(1.016,-6.35,0.));
#8656 = LINE('',#8657,#8658);
#8657 = CARTESIAN_POINT('',(-1.016,-6.35,0.));
#8658 = VECTOR('',#8659,1.);
#8659 = DIRECTION('',(1.,0.,0.));
#8660 = ORIENTED_EDGE('',*,*,#8661,.T.);
#8661 = EDGE_CURVE('',#8654,#8662,#8664,.T.);
#8662 = VERTEX_POINT('',#8663);
#8663 = CARTESIAN_POINT('',(1.27,-6.096,0.));
#8664 = LINE('',#8665,#8666);
#8665 = CARTESIAN_POINT('',(1.016,-6.35,0.));
#8666 = VECTOR('',#8667,1.);
#8667 = DIRECTION('',(0.707106781187,0.707106781187,0.));
#8668 = ORIENTED_EDGE('',*,*,#8669,.T.);
#8669 = EDGE_CURVE('',#8662,#8670,#8672,.T.);
#8670 = VERTEX_POINT('',#8671);
#8671 = CARTESIAN_POINT('',(1.27,-4.064,0.));
#8672 = LINE('',#8673,#8674);
#8673 = CARTESIAN_POINT('',(1.27,-6.096,0.));
#8674 = VECTOR('',#8675,1.);
#8675 = DIRECTION('',(0.,1.,0.));
#8676 = ORIENTED_EDGE('',*,*,#8677,.T.);
#8677 = EDGE_CURVE('',#8670,#8678,#8680,.T.);
#8678 = VERTEX_POINT('',#8679);
#8679 = CARTESIAN_POINT('',(1.016,-3.81,0.));
#8680 = LINE('',#8681,#8682);
#8681 = CARTESIAN_POINT('',(1.27,-4.064,0.));
#8682 = VECTOR('',#8683,1.);
#8683 = DIRECTION('',(-0.707106781187,0.707106781187,0.));
#8684 = ORIENTED_EDGE('',*,*,#8685,.T.);
#8685 = EDGE_CURVE('',#8678,#8686,#8688,.T.);
#8686 = VERTEX_POINT('',#8687);
#8687 = CARTESIAN_POINT('',(1.27,-3.556,0.));
#8688 = LINE('',#8689,#8690);
#8689 = CARTESIAN_POINT('',(1.016,-3.81,0.));
#8690 = VECTOR('',#8691,1.);
#8691 = DIRECTION('',(0.707106781187,0.707106781187,0.));
#8692 = ORIENTED_EDGE('',*,*,#8693,.T.);
#8693 = EDGE_CURVE('',#8686,#8694,#8696,.T.);
#8694 = VERTEX_POINT('',#8695);
#8695 = CARTESIAN_POINT('',(1.27,-1.524,0.));
#8696 = LINE('',#8697,#8698);
#8697 = CARTESIAN_POINT('',(1.27,-3.556,0.));
#8698 = VECTOR('',#8699,1.);
#8699 = DIRECTION('',(0.,1.,0.));
#8700 = ORIENTED_EDGE('',*,*,#8701,.T.);
#8701 = EDGE_CURVE('',#8694,#8702,#8704,.T.);
#8702 = VERTEX_POINT('',#8703);
#8703 = CARTESIAN_POINT('',(1.016,-1.27,0.));
#8704 = LINE('',#8705,#8706);
#8705 = CARTESIAN_POINT('',(1.27,-1.524,0.));
#8706 = VECTOR('',#8707,1.);
#8707 = DIRECTION('',(-0.707106781187,0.707106781187,0.));
#8708 = ORIENTED_EDGE('',*,*,#8709,.T.);
#8709 = EDGE_CURVE('',#8702,#8710,#8712,.T.);
#8710 = VERTEX_POINT('',#8711);
#8711 = CARTESIAN_POINT('',(1.27,-1.016,0.));
#8712 = LINE('',#8713,#8714);
#8713 = CARTESIAN_POINT('',(1.016,-1.27,0.));
#8714 = VECTOR('',#8715,1.);
#8715 = DIRECTION('',(0.707106781187,0.707106781187,0.));
#8716 = ORIENTED_EDGE('',*,*,#8717,.T.);
#8717 = EDGE_CURVE('',#8710,#8718,#8720,.T.);
#8718 = VERTEX_POINT('',#8719);
#8719 = CARTESIAN_POINT('',(1.27,1.016,0.));
#8720 = LINE('',#8721,#8722);
#8721 = CARTESIAN_POINT('',(1.27,-1.016,0.));
#8722 = VECTOR('',#8723,1.);
#8723 = DIRECTION('',(0.,1.,0.));
#8724 = ORIENTED_EDGE('',*,*,#8725,.T.);
#8725 = EDGE_CURVE('',#8718,#8534,#8726,.T.);
#8726 = LINE('',#8727,#8728);
#8727 = CARTESIAN_POINT('',(1.27,1.016,0.));
#8728 = VECTOR('',#8729,1.);
#8729 = DIRECTION('',(-0.707106781187,0.707106781187,0.));
#8730 = ORIENTED_EDGE('',*,*,#8550,.T.);
#8731 = FACE_BOUND('',#8732,.F.);
#8732 = EDGE_LOOP('',(#8733,#8743,#8751,#8759));
#8733 = ORIENTED_EDGE('',*,*,#8734,.F.);
#8734 = EDGE_CURVE('',#8735,#8737,#8739,.T.);
#8735 = VERTEX_POINT('',#8736);
#8736 = CARTESIAN_POINT('',(0.32,-0.32,0.));
#8737 = VERTEX_POINT('',#8738);
#8738 = CARTESIAN_POINT('',(0.32,0.32,0.));
#8739 = LINE('',#8740,#8741);
#8740 = CARTESIAN_POINT('',(0.32,-1.43,0.));
#8741 = VECTOR('',#8742,1.);
#8742 = DIRECTION('',(0.,1.,0.));
#8743 = ORIENTED_EDGE('',*,*,#8744,.T.);
#8744 = EDGE_CURVE('',#8735,#8745,#8747,.T.);
#8745 = VERTEX_POINT('',#8746);
#8746 = CARTESIAN_POINT('',(-0.32,-0.32,0.));
#8747 = LINE('',#8748,#8749);
#8748 = CARTESIAN_POINT('',(-0.16,-0.32,0.));
#8749 = VECTOR('',#8750,1.);
#8750 = DIRECTION('',(-1.,0.,0.));
#8751 = ORIENTED_EDGE('',*,*,#8752,.T.);
#8752 = EDGE_CURVE('',#8745,#8753,#8755,.T.);
#8753 = VERTEX_POINT('',#8754);
#8754 = CARTESIAN_POINT('',(-0.32,0.32,0.));
#8755 = LINE('',#8756,#8757);
#8756 = CARTESIAN_POINT('',(-0.32,-1.43,0.));
#8757 = VECTOR('',#8758,1.);
#8758 = DIRECTION('',(0.,1.,0.));
#8759 = ORIENTED_EDGE('',*,*,#8760,.F.);
#8760 = EDGE_CURVE('',#8737,#8753,#8761,.T.);
#8761 = LINE('',#8762,#8763);
#8762 = CARTESIAN_POINT('',(-0.16,0.32,0.));
#8763 = VECTOR('',#8764,1.);
#8764 = DIRECTION('',(-1.,0.,0.));
#8765 = FACE_BOUND('',#8766,.F.);
#8766 = EDGE_LOOP('',(#8767,#8777,#8785,#8793));
#8767 = ORIENTED_EDGE('',*,*,#8768,.T.);
#8768 = EDGE_CURVE('',#8769,#8771,#8773,.T.);
#8769 = VERTEX_POINT('',#8770);
#8770 = CARTESIAN_POINT('',(0.32,-2.86,0.));
#8771 = VERTEX_POINT('',#8772);
#8772 = CARTESIAN_POINT('',(-0.32,-2.86,0.));
#8773 = LINE('',#8774,#8775);
#8774 = CARTESIAN_POINT('',(-0.16,-2.86,0.));
#8775 = VECTOR('',#8776,1.);
#8776 = DIRECTION('',(-1.,0.,0.));
#8777 = ORIENTED_EDGE('',*,*,#8778,.T.);
#8778 = EDGE_CURVE('',#8771,#8779,#8781,.T.);
#8779 = VERTEX_POINT('',#8780);
#8780 = CARTESIAN_POINT('',(-0.32,-2.22,0.));
#8781 = LINE('',#8782,#8783);
#8782 = CARTESIAN_POINT('',(-0.32,-2.7,0.));
#8783 = VECTOR('',#8784,1.);
#8784 = DIRECTION('',(0.,1.,0.));
#8785 = ORIENTED_EDGE('',*,*,#8786,.F.);
#8786 = EDGE_CURVE('',#8787,#8779,#8789,.T.);
#8787 = VERTEX_POINT('',#8788);
#8788 = CARTESIAN_POINT('',(0.32,-2.22,0.));
#8789 = LINE('',#8790,#8791);
#8790 = CARTESIAN_POINT('',(-0.16,-2.22,0.));
#8791 = VECTOR('',#8792,1.);
#8792 = DIRECTION('',(-1.,0.,0.));
#8793 = ORIENTED_EDGE('',*,*,#8794,.F.);
#8794 = EDGE_CURVE('',#8769,#8787,#8795,.T.);
#8795 = LINE('',#8796,#8797);
#8796 = CARTESIAN_POINT('',(0.32,-2.7,0.));
#8797 = VECTOR('',#8798,1.);
#8798 = DIRECTION('',(0.,1.,0.));
#8799 = FACE_BOUND('',#8800,.F.);
#8800 = EDGE_LOOP('',(#8801,#8811,#8819,#8827));
#8801 = ORIENTED_EDGE('',*,*,#8802,.F.);
#8802 = EDGE_CURVE('',#8803,#8805,#8807,.T.);
#8803 = VERTEX_POINT('',#8804);
#8804 = CARTESIAN_POINT('',(0.32,-4.76,0.));
#8805 = VERTEX_POINT('',#8806);
#8806 = CARTESIAN_POINT('',(-0.32,-4.76,0.));
#8807 = LINE('',#8808,#8809);
#8808 = CARTESIAN_POINT('',(-0.16,-4.76,0.));
#8809 = VECTOR('',#8810,1.);
#8810 = DIRECTION('',(-1.,0.,0.));
#8811 = ORIENTED_EDGE('',*,*,#8812,.F.);
#8812 = EDGE_CURVE('',#8813,#8803,#8815,.T.);
#8813 = VERTEX_POINT('',#8814);
#8814 = CARTESIAN_POINT('',(0.32,-5.4,0.));
#8815 = LINE('',#8816,#8817);
#8816 = CARTESIAN_POINT('',(0.32,-3.97,0.));
#8817 = VECTOR('',#8818,1.);
#8818 = DIRECTION('',(0.,1.,0.));
#8819 = ORIENTED_EDGE('',*,*,#8820,.T.);
#8820 = EDGE_CURVE('',#8813,#8821,#8823,.T.);
#8821 = VERTEX_POINT('',#8822);
#8822 = CARTESIAN_POINT('',(-0.32,-5.4,0.));
#8823 = LINE('',#8824,#8825);
#8824 = CARTESIAN_POINT('',(-0.16,-5.4,0.));
#8825 = VECTOR('',#8826,1.);
#8826 = DIRECTION('',(-1.,0.,0.));
#8827 = ORIENTED_EDGE('',*,*,#8828,.T.);
#8828 = EDGE_CURVE('',#8821,#8805,#8829,.T.);
#8829 = LINE('',#8830,#8831);
#8830 = CARTESIAN_POINT('',(-0.32,-3.97,0.));
#8831 = VECTOR('',#8832,1.);
#8832 = DIRECTION('',(0.,1.,0.));
#8833 = PLANE('',#8834);
#8834 = AXIS2_PLACEMENT_3D('',#8835,#8836,#8837);
#8835 = CARTESIAN_POINT('',(5.398204781459E-17,-2.54,0.));
#8836 = DIRECTION('',(0.,0.,1.));
#8837 = DIRECTION('',(1.,0.,-0.));
#8838 = ADVANCED_FACE('',(#8839,#8978,#9012,#9046),#9080,.T.);
#8839 = FACE_BOUND('',#8840,.T.);
#8840 = EDGE_LOOP('',(#8841,#8842,#8843,#8851,#8859,#8867,#8875,#8883,
    #8891,#8899,#8907,#8915,#8923,#8931,#8939,#8947,#8955,#8963,#8971,
    #8977));
#8841 = ORIENTED_EDGE('',*,*,#8503,.T.);
#8842 = ORIENTED_EDGE('',*,*,#8565,.T.);
#8843 = ORIENTED_EDGE('',*,*,#8844,.T.);
#8844 = EDGE_CURVE('',#8566,#8845,#8847,.T.);
#8845 = VERTEX_POINT('',#8846);
#8846 = CARTESIAN_POINT('',(-1.016,-1.27,2.54));
#8847 = LINE('',#8848,#8849);
#8848 = CARTESIAN_POINT('',(-1.27,-1.016,2.54));
#8849 = VECTOR('',#8850,1.);
#8850 = DIRECTION('',(0.707106781187,-0.707106781187,0.));
#8851 = ORIENTED_EDGE('',*,*,#8852,.T.);
#8852 = EDGE_CURVE('',#8845,#8853,#8855,.T.);
#8853 = VERTEX_POINT('',#8854);
#8854 = CARTESIAN_POINT('',(-1.27,-1.524,2.54));
#8855 = LINE('',#8856,#8857);
#8856 = CARTESIAN_POINT('',(-1.016,-1.27,2.54));
#8857 = VECTOR('',#8858,1.);
#8858 = DIRECTION('',(-0.707106781187,-0.707106781187,0.));
#8859 = ORIENTED_EDGE('',*,*,#8860,.T.);
#8860 = EDGE_CURVE('',#8853,#8861,#8863,.T.);
#8861 = VERTEX_POINT('',#8862);
#8862 = CARTESIAN_POINT('',(-1.27,-3.556,2.54));
#8863 = LINE('',#8864,#8865);
#8864 = CARTESIAN_POINT('',(-1.27,-1.524,2.54));
#8865 = VECTOR('',#8866,1.);
#8866 = DIRECTION('',(0.,-1.,0.));
#8867 = ORIENTED_EDGE('',*,*,#8868,.T.);
#8868 = EDGE_CURVE('',#8861,#8869,#8871,.T.);
#8869 = VERTEX_POINT('',#8870);
#8870 = CARTESIAN_POINT('',(-1.016,-3.81,2.54));
#8871 = LINE('',#8872,#8873);
#8872 = CARTESIAN_POINT('',(-1.27,-3.556,2.54));
#8873 = VECTOR('',#8874,1.);
#8874 = DIRECTION('',(0.707106781187,-0.707106781187,0.));
#8875 = ORIENTED_EDGE('',*,*,#8876,.T.);
#8876 = EDGE_CURVE('',#8869,#8877,#8879,.T.);
#8877 = VERTEX_POINT('',#8878);
#8878 = CARTESIAN_POINT('',(-1.27,-4.064,2.54));
#8879 = LINE('',#8880,#8881);
#8880 = CARTESIAN_POINT('',(-1.016,-3.81,2.54));
#8881 = VECTOR('',#8882,1.);
#8882 = DIRECTION('',(-0.707106781187,-0.707106781187,0.));
#8883 = ORIENTED_EDGE('',*,*,#8884,.T.);
#8884 = EDGE_CURVE('',#8877,#8885,#8887,.T.);
#8885 = VERTEX_POINT('',#8886);
#8886 = CARTESIAN_POINT('',(-1.27,-6.096,2.54));
#8887 = LINE('',#8888,#8889);
#8888 = CARTESIAN_POINT('',(-1.27,-4.064,2.54));
#8889 = VECTOR('',#8890,1.);
#8890 = DIRECTION('',(0.,-1.,0.));
#8891 = ORIENTED_EDGE('',*,*,#8892,.T.);
#8892 = EDGE_CURVE('',#8885,#8893,#8895,.T.);
#8893 = VERTEX_POINT('',#8894);
#8894 = CARTESIAN_POINT('',(-1.016,-6.35,2.54));
#8895 = LINE('',#8896,#8897);
#8896 = CARTESIAN_POINT('',(-1.27,-6.096,2.54));
#8897 = VECTOR('',#8898,1.);
#8898 = DIRECTION('',(0.707106781187,-0.707106781187,0.));
#8899 = ORIENTED_EDGE('',*,*,#8900,.T.);
#8900 = EDGE_CURVE('',#8893,#8901,#8903,.T.);
#8901 = VERTEX_POINT('',#8902);
#8902 = CARTESIAN_POINT('',(1.016,-6.35,2.54));
#8903 = LINE('',#8904,#8905);
#8904 = CARTESIAN_POINT('',(-1.016,-6.35,2.54));
#8905 = VECTOR('',#8906,1.);
#8906 = DIRECTION('',(1.,0.,0.));
#8907 = ORIENTED_EDGE('',*,*,#8908,.T.);
#8908 = EDGE_CURVE('',#8901,#8909,#8911,.T.);
#8909 = VERTEX_POINT('',#8910);
#8910 = CARTESIAN_POINT('',(1.27,-6.096,2.54));
#8911 = LINE('',#8912,#8913);
#8912 = CARTESIAN_POINT('',(1.016,-6.35,2.54));
#8913 = VECTOR('',#8914,1.);
#8914 = DIRECTION('',(0.707106781187,0.707106781187,0.));
#8915 = ORIENTED_EDGE('',*,*,#8916,.T.);
#8916 = EDGE_CURVE('',#8909,#8917,#8919,.T.);
#8917 = VERTEX_POINT('',#8918);
#8918 = CARTESIAN_POINT('',(1.27,-4.064,2.54));
#8919 = LINE('',#8920,#8921);
#8920 = CARTESIAN_POINT('',(1.27,-6.096,2.54));
#8921 = VECTOR('',#8922,1.);
#8922 = DIRECTION('',(0.,1.,0.));
#8923 = ORIENTED_EDGE('',*,*,#8924,.T.);
#8924 = EDGE_CURVE('',#8917,#8925,#8927,.T.);
#8925 = VERTEX_POINT('',#8926);
#8926 = CARTESIAN_POINT('',(1.016,-3.81,2.54));
#8927 = LINE('',#8928,#8929);
#8928 = CARTESIAN_POINT('',(1.27,-4.064,2.54));
#8929 = VECTOR('',#8930,1.);
#8930 = DIRECTION('',(-0.707106781187,0.707106781187,0.));
#8931 = ORIENTED_EDGE('',*,*,#8932,.T.);
#8932 = EDGE_CURVE('',#8925,#8933,#8935,.T.);
#8933 = VERTEX_POINT('',#8934);
#8934 = CARTESIAN_POINT('',(1.27,-3.556,2.54));
#8935 = LINE('',#8936,#8937);
#8936 = CARTESIAN_POINT('',(1.016,-3.81,2.54));
#8937 = VECTOR('',#8938,1.);
#8938 = DIRECTION('',(0.707106781187,0.707106781187,0.));
#8939 = ORIENTED_EDGE('',*,*,#8940,.T.);
#8940 = EDGE_CURVE('',#8933,#8941,#8943,.T.);
#8941 = VERTEX_POINT('',#8942);
#8942 = CARTESIAN_POINT('',(1.27,-1.524,2.54));
#8943 = LINE('',#8944,#8945);
#8944 = CARTESIAN_POINT('',(1.27,-3.556,2.54));
#8945 = VECTOR('',#8946,1.);
#8946 = DIRECTION('',(0.,1.,0.));
#8947 = ORIENTED_EDGE('',*,*,#8948,.T.);
#8948 = EDGE_CURVE('',#8941,#8949,#8951,.T.);
#8949 = VERTEX_POINT('',#8950);
#8950 = CARTESIAN_POINT('',(1.016,-1.27,2.54));
#8951 = LINE('',#8952,#8953);
#8952 = CARTESIAN_POINT('',(1.27,-1.524,2.54));
#8953 = VECTOR('',#8954,1.);
#8954 = DIRECTION('',(-0.707106781187,0.707106781187,0.));
#8955 = ORIENTED_EDGE('',*,*,#8956,.T.);
#8956 = EDGE_CURVE('',#8949,#8957,#8959,.T.);
#8957 = VERTEX_POINT('',#8958);
#8958 = CARTESIAN_POINT('',(1.27,-1.016,2.54));
#8959 = LINE('',#8960,#8961);
#8960 = CARTESIAN_POINT('',(1.016,-1.27,2.54));
#8961 = VECTOR('',#8962,1.);
#8962 = DIRECTION('',(0.707106781187,0.707106781187,0.));
#8963 = ORIENTED_EDGE('',*,*,#8964,.T.);
#8964 = EDGE_CURVE('',#8957,#8965,#8967,.T.);
#8965 = VERTEX_POINT('',#8966);
#8966 = CARTESIAN_POINT('',(1.27,1.016,2.54));
#8967 = LINE('',#8968,#8969);
#8968 = CARTESIAN_POINT('',(1.27,-1.016,2.54));
#8969 = VECTOR('',#8970,1.);
#8970 = DIRECTION('',(0.,1.,0.));
#8971 = ORIENTED_EDGE('',*,*,#8972,.T.);
#8972 = EDGE_CURVE('',#8965,#8536,#8973,.T.);
#8973 = LINE('',#8974,#8975);
#8974 = CARTESIAN_POINT('',(1.27,1.016,2.54));
#8975 = VECTOR('',#8976,1.);
#8976 = DIRECTION('',(-0.707106781187,0.707106781187,0.));
#8977 = ORIENTED_EDGE('',*,*,#8543,.T.);
#8978 = FACE_BOUND('',#8979,.T.);
#8979 = EDGE_LOOP('',(#8980,#8990,#8998,#9006));
#8980 = ORIENTED_EDGE('',*,*,#8981,.F.);
#8981 = EDGE_CURVE('',#8982,#8984,#8986,.T.);
#8982 = VERTEX_POINT('',#8983);
#8983 = CARTESIAN_POINT('',(0.32,-0.32,2.54));
#8984 = VERTEX_POINT('',#8985);
#8985 = CARTESIAN_POINT('',(0.32,0.32,2.54));
#8986 = LINE('',#8987,#8988);
#8987 = CARTESIAN_POINT('',(0.32,-1.43,2.54));
#8988 = VECTOR('',#8989,1.);
#8989 = DIRECTION('',(0.,1.,0.));
#8990 = ORIENTED_EDGE('',*,*,#8991,.T.);
#8991 = EDGE_CURVE('',#8982,#8992,#8994,.T.);
#8992 = VERTEX_POINT('',#8993);
#8993 = CARTESIAN_POINT('',(-0.32,-0.32,2.54));
#8994 = LINE('',#8995,#8996);
#8995 = CARTESIAN_POINT('',(-0.16,-0.32,2.54));
#8996 = VECTOR('',#8997,1.);
#8997 = DIRECTION('',(-1.,0.,0.));
#8998 = ORIENTED_EDGE('',*,*,#8999,.T.);
#8999 = EDGE_CURVE('',#8992,#9000,#9002,.T.);
#9000 = VERTEX_POINT('',#9001);
#9001 = CARTESIAN_POINT('',(-0.32,0.32,2.54));
#9002 = LINE('',#9003,#9004);
#9003 = CARTESIAN_POINT('',(-0.32,-1.43,2.54));
#9004 = VECTOR('',#9005,1.);
#9005 = DIRECTION('',(0.,1.,0.));
#9006 = ORIENTED_EDGE('',*,*,#9007,.F.);
#9007 = EDGE_CURVE('',#8984,#9000,#9008,.T.);
#9008 = LINE('',#9009,#9010);
#9009 = CARTESIAN_POINT('',(-0.16,0.32,2.54));
#9010 = VECTOR('',#9011,1.);
#9011 = DIRECTION('',(-1.,0.,0.));
#9012 = FACE_BOUND('',#9013,.T.);
#9013 = EDGE_LOOP('',(#9014,#9024,#9032,#9040));
#9014 = ORIENTED_EDGE('',*,*,#9015,.T.);
#9015 = EDGE_CURVE('',#9016,#9018,#9020,.T.);
#9016 = VERTEX_POINT('',#9017);
#9017 = CARTESIAN_POINT('',(0.32,-2.86,2.54));
#9018 = VERTEX_POINT('',#9019);
#9019 = CARTESIAN_POINT('',(-0.32,-2.86,2.54));
#9020 = LINE('',#9021,#9022);
#9021 = CARTESIAN_POINT('',(-0.16,-2.86,2.54));
#9022 = VECTOR('',#9023,1.);
#9023 = DIRECTION('',(-1.,0.,0.));
#9024 = ORIENTED_EDGE('',*,*,#9025,.T.);
#9025 = EDGE_CURVE('',#9018,#9026,#9028,.T.);
#9026 = VERTEX_POINT('',#9027);
#9027 = CARTESIAN_POINT('',(-0.32,-2.22,2.54));
#9028 = LINE('',#9029,#9030);
#9029 = CARTESIAN_POINT('',(-0.32,-2.7,2.54));
#9030 = VECTOR('',#9031,1.);
#9031 = DIRECTION('',(0.,1.,0.));
#9032 = ORIENTED_EDGE('',*,*,#9033,.F.);
#9033 = EDGE_CURVE('',#9034,#9026,#9036,.T.);
#9034 = VERTEX_POINT('',#9035);
#9035 = CARTESIAN_POINT('',(0.32,-2.22,2.54));
#9036 = LINE('',#9037,#9038);
#9037 = CARTESIAN_POINT('',(-0.16,-2.22,2.54));
#9038 = VECTOR('',#9039,1.);
#9039 = DIRECTION('',(-1.,0.,0.));
#9040 = ORIENTED_EDGE('',*,*,#9041,.F.);
#9041 = EDGE_CURVE('',#9016,#9034,#9042,.T.);
#9042 = LINE('',#9043,#9044);
#9043 = CARTESIAN_POINT('',(0.32,-2.7,2.54));
#9044 = VECTOR('',#9045,1.);
#9045 = DIRECTION('',(0.,1.,0.));
#9046 = FACE_BOUND('',#9047,.T.);
#9047 = EDGE_LOOP('',(#9048,#9058,#9066,#9074));
#9048 = ORIENTED_EDGE('',*,*,#9049,.F.);
#9049 = EDGE_CURVE('',#9050,#9052,#9054,.T.);
#9050 = VERTEX_POINT('',#9051);
#9051 = CARTESIAN_POINT('',(0.32,-4.76,2.54));
#9052 = VERTEX_POINT('',#9053);
#9053 = CARTESIAN_POINT('',(-0.32,-4.76,2.54));
#9054 = LINE('',#9055,#9056);
#9055 = CARTESIAN_POINT('',(-0.16,-4.76,2.54));
#9056 = VECTOR('',#9057,1.);
#9057 = DIRECTION('',(-1.,0.,0.));
#9058 = ORIENTED_EDGE('',*,*,#9059,.F.);
#9059 = EDGE_CURVE('',#9060,#9050,#9062,.T.);
#9060 = VERTEX_POINT('',#9061);
#9061 = CARTESIAN_POINT('',(0.32,-5.4,2.54));
#9062 = LINE('',#9063,#9064);
#9063 = CARTESIAN_POINT('',(0.32,-3.97,2.54));
#9064 = VECTOR('',#9065,1.);
#9065 = DIRECTION('',(0.,1.,0.));
#9066 = ORIENTED_EDGE('',*,*,#9067,.T.);
#9067 = EDGE_CURVE('',#9060,#9068,#9070,.T.);
#9068 = VERTEX_POINT('',#9069);
#9069 = CARTESIAN_POINT('',(-0.32,-5.4,2.54));
#9070 = LINE('',#9071,#9072);
#9071 = CARTESIAN_POINT('',(-0.16,-5.4,2.54));
#9072 = VECTOR('',#9073,1.);
#9073 = DIRECTION('',(-1.,0.,0.));
#9074 = ORIENTED_EDGE('',*,*,#9075,.T.);
#9075 = EDGE_CURVE('',#9068,#9052,#9076,.T.);
#9076 = LINE('',#9077,#9078);
#9077 = CARTESIAN_POINT('',(-0.32,-3.97,2.54));
#9078 = VECTOR('',#9079,1.);
#9079 = DIRECTION('',(0.,1.,0.));
#9080 = PLANE('',#9081);
#9081 = AXIS2_PLACEMENT_3D('',#9082,#9083,#9084);
#9082 = CARTESIAN_POINT('',(5.398204781459E-17,-2.54,2.54));
#9083 = DIRECTION('',(0.,0.,1.));
#9084 = DIRECTION('',(1.,0.,-0.));
#9085 = ADVANCED_FACE('',(#9086),#9097,.F.);
#9086 = FACE_BOUND('',#9087,.F.);
#9087 = EDGE_LOOP('',(#9088,#9094,#9095,#9096));
#9088 = ORIENTED_EDGE('',*,*,#9089,.T.);
#9089 = EDGE_CURVE('',#8718,#8965,#9090,.T.);
#9090 = LINE('',#9091,#9092);
#9091 = CARTESIAN_POINT('',(1.27,1.016,0.));
#9092 = VECTOR('',#9093,1.);
#9093 = DIRECTION('',(0.,0.,1.));
#9094 = ORIENTED_EDGE('',*,*,#8972,.T.);
#9095 = ORIENTED_EDGE('',*,*,#8533,.F.);
#9096 = ORIENTED_EDGE('',*,*,#8725,.F.);
#9097 = PLANE('',#9098);
#9098 = AXIS2_PLACEMENT_3D('',#9099,#9100,#9101);
#9099 = CARTESIAN_POINT('',(1.27,1.016,0.));
#9100 = DIRECTION('',(-0.707106781187,-0.707106781187,0.));
#9101 = DIRECTION('',(-0.707106781187,0.707106781187,0.));
#9102 = ADVANCED_FACE('',(#9103),#9114,.F.);
#9103 = FACE_BOUND('',#9104,.F.);
#9104 = EDGE_LOOP('',(#9105,#9106,#9107,#9113));
#9105 = ORIENTED_EDGE('',*,*,#8573,.T.);
#9106 = ORIENTED_EDGE('',*,*,#8844,.T.);
#9107 = ORIENTED_EDGE('',*,*,#9108,.F.);
#9108 = EDGE_CURVE('',#8598,#8845,#9109,.T.);
#9109 = LINE('',#9110,#9111);
#9110 = CARTESIAN_POINT('',(-1.016,-1.27,0.));
#9111 = VECTOR('',#9112,1.);
#9112 = DIRECTION('',(0.,0.,1.));
#9113 = ORIENTED_EDGE('',*,*,#8597,.F.);
#9114 = PLANE('',#9115);
#9115 = AXIS2_PLACEMENT_3D('',#9116,#9117,#9118);
#9116 = CARTESIAN_POINT('',(-1.27,-1.016,0.));
#9117 = DIRECTION('',(0.707106781187,0.707106781187,0.));
#9118 = DIRECTION('',(0.707106781187,-0.707106781187,0.));
#9119 = ADVANCED_FACE('',(#9120),#9131,.F.);
#9120 = FACE_BOUND('',#9121,.F.);
#9121 = EDGE_LOOP('',(#9122,#9128,#9129,#9130));
#9122 = ORIENTED_EDGE('',*,*,#9123,.T.);
#9123 = EDGE_CURVE('',#8710,#8957,#9124,.T.);
#9124 = LINE('',#9125,#9126);
#9125 = CARTESIAN_POINT('',(1.27,-1.016,0.));
#9126 = VECTOR('',#9127,1.);
#9127 = DIRECTION('',(0.,0.,1.));
#9128 = ORIENTED_EDGE('',*,*,#8964,.T.);
#9129 = ORIENTED_EDGE('',*,*,#9089,.F.);
#9130 = ORIENTED_EDGE('',*,*,#8717,.F.);
#9131 = PLANE('',#9132);
#9132 = AXIS2_PLACEMENT_3D('',#9133,#9134,#9135);
#9133 = CARTESIAN_POINT('',(1.27,-1.016,0.));
#9134 = DIRECTION('',(-1.,0.,0.));
#9135 = DIRECTION('',(0.,1.,0.));
#9136 = ADVANCED_FACE('',(#9137),#9148,.F.);
#9137 = FACE_BOUND('',#9138,.F.);
#9138 = EDGE_LOOP('',(#9139,#9140,#9141,#9147));
#9139 = ORIENTED_EDGE('',*,*,#9108,.T.);
#9140 = ORIENTED_EDGE('',*,*,#8852,.T.);
#9141 = ORIENTED_EDGE('',*,*,#9142,.F.);
#9142 = EDGE_CURVE('',#8606,#8853,#9143,.T.);
#9143 = LINE('',#9144,#9145);
#9144 = CARTESIAN_POINT('',(-1.27,-1.524,0.));
#9145 = VECTOR('',#9146,1.);
#9146 = DIRECTION('',(0.,0.,1.));
#9147 = ORIENTED_EDGE('',*,*,#8605,.F.);
#9148 = PLANE('',#9149);
#9149 = AXIS2_PLACEMENT_3D('',#9150,#9151,#9152);
#9150 = CARTESIAN_POINT('',(-1.016,-1.27,0.));
#9151 = DIRECTION('',(0.707106781187,-0.707106781187,0.));
#9152 = DIRECTION('',(-0.707106781187,-0.707106781187,0.));
#9153 = ADVANCED_FACE('',(#9154),#9165,.F.);
#9154 = FACE_BOUND('',#9155,.F.);
#9155 = EDGE_LOOP('',(#9156,#9162,#9163,#9164));
#9156 = ORIENTED_EDGE('',*,*,#9157,.T.);
#9157 = EDGE_CURVE('',#8702,#8949,#9158,.T.);
#9158 = LINE('',#9159,#9160);
#9159 = CARTESIAN_POINT('',(1.016,-1.27,0.));
#9160 = VECTOR('',#9161,1.);
#9161 = DIRECTION('',(0.,0.,1.));
#9162 = ORIENTED_EDGE('',*,*,#8956,.T.);
#9163 = ORIENTED_EDGE('',*,*,#9123,.F.);
#9164 = ORIENTED_EDGE('',*,*,#8709,.F.);
#9165 = PLANE('',#9166);
#9166 = AXIS2_PLACEMENT_3D('',#9167,#9168,#9169);
#9167 = CARTESIAN_POINT('',(1.016,-1.27,0.));
#9168 = DIRECTION('',(-0.707106781187,0.707106781187,0.));
#9169 = DIRECTION('',(0.707106781187,0.707106781187,0.));
#9170 = ADVANCED_FACE('',(#9171),#9182,.F.);
#9171 = FACE_BOUND('',#9172,.F.);
#9172 = EDGE_LOOP('',(#9173,#9174,#9175,#9181));
#9173 = ORIENTED_EDGE('',*,*,#9142,.T.);
#9174 = ORIENTED_EDGE('',*,*,#8860,.T.);
#9175 = ORIENTED_EDGE('',*,*,#9176,.F.);
#9176 = EDGE_CURVE('',#8614,#8861,#9177,.T.);
#9177 = LINE('',#9178,#9179);
#9178 = CARTESIAN_POINT('',(-1.27,-3.556,0.));
#9179 = VECTOR('',#9180,1.);
#9180 = DIRECTION('',(0.,0.,1.));
#9181 = ORIENTED_EDGE('',*,*,#8613,.F.);
#9182 = PLANE('',#9183);
#9183 = AXIS2_PLACEMENT_3D('',#9184,#9185,#9186);
#9184 = CARTESIAN_POINT('',(-1.27,-1.524,0.));
#9185 = DIRECTION('',(1.,0.,0.));
#9186 = DIRECTION('',(0.,-1.,0.));
#9187 = ADVANCED_FACE('',(#9188),#9199,.F.);
#9188 = FACE_BOUND('',#9189,.F.);
#9189 = EDGE_LOOP('',(#9190,#9196,#9197,#9198));
#9190 = ORIENTED_EDGE('',*,*,#9191,.T.);
#9191 = EDGE_CURVE('',#8694,#8941,#9192,.T.);
#9192 = LINE('',#9193,#9194);
#9193 = CARTESIAN_POINT('',(1.27,-1.524,0.));
#9194 = VECTOR('',#9195,1.);
#9195 = DIRECTION('',(0.,0.,1.));
#9196 = ORIENTED_EDGE('',*,*,#8948,.T.);
#9197 = ORIENTED_EDGE('',*,*,#9157,.F.);
#9198 = ORIENTED_EDGE('',*,*,#8701,.F.);
#9199 = PLANE('',#9200);
#9200 = AXIS2_PLACEMENT_3D('',#9201,#9202,#9203);
#9201 = CARTESIAN_POINT('',(1.27,-1.524,0.));
#9202 = DIRECTION('',(-0.707106781187,-0.707106781187,0.));
#9203 = DIRECTION('',(-0.707106781187,0.707106781187,0.));
#9204 = ADVANCED_FACE('',(#9205),#9216,.F.);
#9205 = FACE_BOUND('',#9206,.F.);
#9206 = EDGE_LOOP('',(#9207,#9208,#9209,#9215));
#9207 = ORIENTED_EDGE('',*,*,#9176,.T.);
#9208 = ORIENTED_EDGE('',*,*,#8868,.T.);
#9209 = ORIENTED_EDGE('',*,*,#9210,.F.);
#9210 = EDGE_CURVE('',#8622,#8869,#9211,.T.);
#9211 = LINE('',#9212,#9213);
#9212 = CARTESIAN_POINT('',(-1.016,-3.81,0.));
#9213 = VECTOR('',#9214,1.);
#9214 = DIRECTION('',(0.,0.,1.));
#9215 = ORIENTED_EDGE('',*,*,#8621,.F.);
#9216 = PLANE('',#9217);
#9217 = AXIS2_PLACEMENT_3D('',#9218,#9219,#9220);
#9218 = CARTESIAN_POINT('',(-1.27,-3.556,0.));
#9219 = DIRECTION('',(0.707106781187,0.707106781187,0.));
#9220 = DIRECTION('',(0.707106781187,-0.707106781187,0.));
#9221 = ADVANCED_FACE('',(#9222),#9233,.F.);
#9222 = FACE_BOUND('',#9223,.F.);
#9223 = EDGE_LOOP('',(#9224,#9230,#9231,#9232));
#9224 = ORIENTED_EDGE('',*,*,#9225,.T.);
#9225 = EDGE_CURVE('',#8686,#8933,#9226,.T.);
#9226 = LINE('',#9227,#9228);
#9227 = CARTESIAN_POINT('',(1.27,-3.556,0.));
#9228 = VECTOR('',#9229,1.);
#9229 = DIRECTION('',(0.,0.,1.));
#9230 = ORIENTED_EDGE('',*,*,#8940,.T.);
#9231 = ORIENTED_EDGE('',*,*,#9191,.F.);
#9232 = ORIENTED_EDGE('',*,*,#8693,.F.);
#9233 = PLANE('',#9234);
#9234 = AXIS2_PLACEMENT_3D('',#9235,#9236,#9237);
#9235 = CARTESIAN_POINT('',(1.27,-3.556,0.));
#9236 = DIRECTION('',(-1.,0.,0.));
#9237 = DIRECTION('',(0.,1.,0.));
#9238 = ADVANCED_FACE('',(#9239),#9250,.F.);
#9239 = FACE_BOUND('',#9240,.F.);
#9240 = EDGE_LOOP('',(#9241,#9242,#9243,#9249));
#9241 = ORIENTED_EDGE('',*,*,#9210,.T.);
#9242 = ORIENTED_EDGE('',*,*,#8876,.T.);
#9243 = ORIENTED_EDGE('',*,*,#9244,.F.);
#9244 = EDGE_CURVE('',#8630,#8877,#9245,.T.);
#9245 = LINE('',#9246,#9247);
#9246 = CARTESIAN_POINT('',(-1.27,-4.064,0.));
#9247 = VECTOR('',#9248,1.);
#9248 = DIRECTION('',(0.,0.,1.));
#9249 = ORIENTED_EDGE('',*,*,#8629,.F.);
#9250 = PLANE('',#9251);
#9251 = AXIS2_PLACEMENT_3D('',#9252,#9253,#9254);
#9252 = CARTESIAN_POINT('',(-1.016,-3.81,0.));
#9253 = DIRECTION('',(0.707106781187,-0.707106781187,0.));
#9254 = DIRECTION('',(-0.707106781187,-0.707106781187,0.));
#9255 = ADVANCED_FACE('',(#9256),#9267,.F.);
#9256 = FACE_BOUND('',#9257,.F.);
#9257 = EDGE_LOOP('',(#9258,#9264,#9265,#9266));
#9258 = ORIENTED_EDGE('',*,*,#9259,.T.);
#9259 = EDGE_CURVE('',#8678,#8925,#9260,.T.);
#9260 = LINE('',#9261,#9262);
#9261 = CARTESIAN_POINT('',(1.016,-3.81,0.));
#9262 = VECTOR('',#9263,1.);
#9263 = DIRECTION('',(0.,0.,1.));
#9264 = ORIENTED_EDGE('',*,*,#8932,.T.);
#9265 = ORIENTED_EDGE('',*,*,#9225,.F.);
#9266 = ORIENTED_EDGE('',*,*,#8685,.F.);
#9267 = PLANE('',#9268);
#9268 = AXIS2_PLACEMENT_3D('',#9269,#9270,#9271);
#9269 = CARTESIAN_POINT('',(1.016,-3.81,0.));
#9270 = DIRECTION('',(-0.707106781187,0.707106781187,0.));
#9271 = DIRECTION('',(0.707106781187,0.707106781187,0.));
#9272 = ADVANCED_FACE('',(#9273),#9284,.F.);
#9273 = FACE_BOUND('',#9274,.F.);
#9274 = EDGE_LOOP('',(#9275,#9276,#9277,#9283));
#9275 = ORIENTED_EDGE('',*,*,#9244,.T.);
#9276 = ORIENTED_EDGE('',*,*,#8884,.T.);
#9277 = ORIENTED_EDGE('',*,*,#9278,.F.);
#9278 = EDGE_CURVE('',#8638,#8885,#9279,.T.);
#9279 = LINE('',#9280,#9281);
#9280 = CARTESIAN_POINT('',(-1.27,-6.096,0.));
#9281 = VECTOR('',#9282,1.);
#9282 = DIRECTION('',(0.,0.,1.));
#9283 = ORIENTED_EDGE('',*,*,#8637,.F.);
#9284 = PLANE('',#9285);
#9285 = AXIS2_PLACEMENT_3D('',#9286,#9287,#9288);
#9286 = CARTESIAN_POINT('',(-1.27,-4.064,0.));
#9287 = DIRECTION('',(1.,0.,0.));
#9288 = DIRECTION('',(0.,-1.,0.));
#9289 = ADVANCED_FACE('',(#9290),#9301,.F.);
#9290 = FACE_BOUND('',#9291,.F.);
#9291 = EDGE_LOOP('',(#9292,#9298,#9299,#9300));
#9292 = ORIENTED_EDGE('',*,*,#9293,.T.);
#9293 = EDGE_CURVE('',#8670,#8917,#9294,.T.);
#9294 = LINE('',#9295,#9296);
#9295 = CARTESIAN_POINT('',(1.27,-4.064,0.));
#9296 = VECTOR('',#9297,1.);
#9297 = DIRECTION('',(0.,0.,1.));
#9298 = ORIENTED_EDGE('',*,*,#8924,.T.);
#9299 = ORIENTED_EDGE('',*,*,#9259,.F.);
#9300 = ORIENTED_EDGE('',*,*,#8677,.F.);
#9301 = PLANE('',#9302);
#9302 = AXIS2_PLACEMENT_3D('',#9303,#9304,#9305);
#9303 = CARTESIAN_POINT('',(1.27,-4.064,0.));
#9304 = DIRECTION('',(-0.707106781187,-0.707106781187,0.));
#9305 = DIRECTION('',(-0.707106781187,0.707106781187,0.));
#9306 = ADVANCED_FACE('',(#9307),#9318,.F.);
#9307 = FACE_BOUND('',#9308,.F.);
#9308 = EDGE_LOOP('',(#9309,#9310,#9311,#9317));
#9309 = ORIENTED_EDGE('',*,*,#9278,.T.);
#9310 = ORIENTED_EDGE('',*,*,#8892,.T.);
#9311 = ORIENTED_EDGE('',*,*,#9312,.F.);
#9312 = EDGE_CURVE('',#8646,#8893,#9313,.T.);
#9313 = LINE('',#9314,#9315);
#9314 = CARTESIAN_POINT('',(-1.016,-6.35,0.));
#9315 = VECTOR('',#9316,1.);
#9316 = DIRECTION('',(0.,0.,1.));
#9317 = ORIENTED_EDGE('',*,*,#8645,.F.);
#9318 = PLANE('',#9319);
#9319 = AXIS2_PLACEMENT_3D('',#9320,#9321,#9322);
#9320 = CARTESIAN_POINT('',(-1.27,-6.096,0.));
#9321 = DIRECTION('',(0.707106781187,0.707106781187,0.));
#9322 = DIRECTION('',(0.707106781187,-0.707106781187,0.));
#9323 = ADVANCED_FACE('',(#9324),#9335,.F.);
#9324 = FACE_BOUND('',#9325,.F.);
#9325 = EDGE_LOOP('',(#9326,#9332,#9333,#9334));
#9326 = ORIENTED_EDGE('',*,*,#9327,.T.);
#9327 = EDGE_CURVE('',#8662,#8909,#9328,.T.);
#9328 = LINE('',#9329,#9330);
#9329 = CARTESIAN_POINT('',(1.27,-6.096,0.));
#9330 = VECTOR('',#9331,1.);
#9331 = DIRECTION('',(0.,0.,1.));
#9332 = ORIENTED_EDGE('',*,*,#8916,.T.);
#9333 = ORIENTED_EDGE('',*,*,#9293,.F.);
#9334 = ORIENTED_EDGE('',*,*,#8669,.F.);
#9335 = PLANE('',#9336);
#9336 = AXIS2_PLACEMENT_3D('',#9337,#9338,#9339);
#9337 = CARTESIAN_POINT('',(1.27,-6.096,0.));
#9338 = DIRECTION('',(-1.,0.,0.));
#9339 = DIRECTION('',(0.,1.,0.));
#9340 = ADVANCED_FACE('',(#9341),#9352,.F.);
#9341 = FACE_BOUND('',#9342,.F.);
#9342 = EDGE_LOOP('',(#9343,#9344,#9345,#9351));
#9343 = ORIENTED_EDGE('',*,*,#9312,.T.);
#9344 = ORIENTED_EDGE('',*,*,#8900,.T.);
#9345 = ORIENTED_EDGE('',*,*,#9346,.F.);
#9346 = EDGE_CURVE('',#8654,#8901,#9347,.T.);
#9347 = LINE('',#9348,#9349);
#9348 = CARTESIAN_POINT('',(1.016,-6.35,0.));
#9349 = VECTOR('',#9350,1.);
#9350 = DIRECTION('',(0.,0.,1.));
#9351 = ORIENTED_EDGE('',*,*,#8653,.F.);
#9352 = PLANE('',#9353);
#9353 = AXIS2_PLACEMENT_3D('',#9354,#9355,#9356);
#9354 = CARTESIAN_POINT('',(-1.016,-6.35,0.));
#9355 = DIRECTION('',(0.,1.,0.));
#9356 = DIRECTION('',(1.,0.,0.));
#9357 = ADVANCED_FACE('',(#9358),#9364,.F.);
#9358 = FACE_BOUND('',#9359,.F.);
#9359 = EDGE_LOOP('',(#9360,#9361,#9362,#9363));
#9360 = ORIENTED_EDGE('',*,*,#9346,.T.);
#9361 = ORIENTED_EDGE('',*,*,#8908,.T.);
#9362 = ORIENTED_EDGE('',*,*,#9327,.F.);
#9363 = ORIENTED_EDGE('',*,*,#8661,.F.);
#9364 = PLANE('',#9365);
#9365 = AXIS2_PLACEMENT_3D('',#9366,#9367,#9368);
#9366 = CARTESIAN_POINT('',(1.016,-6.35,0.));
#9367 = DIRECTION('',(-0.707106781187,0.707106781187,0.));
#9368 = DIRECTION('',(0.707106781187,0.707106781187,0.));
#9369 = ADVANCED_FACE('',(#9370),#9395,.T.);
#9370 = FACE_BOUND('',#9371,.T.);
#9371 = EDGE_LOOP('',(#9372,#9380,#9388,#9394));
#9372 = ORIENTED_EDGE('',*,*,#9373,.F.);
#9373 = EDGE_CURVE('',#9374,#8735,#9376,.T.);
#9374 = VERTEX_POINT('',#9375);
#9375 = CARTESIAN_POINT('',(0.32,-0.32,-2.84));
#9376 = LINE('',#9377,#9378);
#9377 = CARTESIAN_POINT('',(0.32,-0.32,-3.));
#9378 = VECTOR('',#9379,1.);
#9379 = DIRECTION('',(0.,0.,1.));
#9380 = ORIENTED_EDGE('',*,*,#9381,.T.);
#9381 = EDGE_CURVE('',#9374,#9382,#9384,.T.);
#9382 = VERTEX_POINT('',#9383);
#9383 = CARTESIAN_POINT('',(0.32,0.32,-2.84));
#9384 = LINE('',#9385,#9386);
#9385 = CARTESIAN_POINT('',(0.32,-0.32,-2.84));
#9386 = VECTOR('',#9387,1.);
#9387 = DIRECTION('',(0.,1.,0.));
#9388 = ORIENTED_EDGE('',*,*,#9389,.T.);
#9389 = EDGE_CURVE('',#9382,#8737,#9390,.T.);
#9390 = LINE('',#9391,#9392);
#9391 = CARTESIAN_POINT('',(0.32,0.32,-3.));
#9392 = VECTOR('',#9393,1.);
#9393 = DIRECTION('',(0.,0.,1.));
#9394 = ORIENTED_EDGE('',*,*,#8734,.F.);
#9395 = PLANE('',#9396);
#9396 = AXIS2_PLACEMENT_3D('',#9397,#9398,#9399);
#9397 = CARTESIAN_POINT('',(0.32,-0.32,-3.));
#9398 = DIRECTION('',(1.,0.,0.));
#9399 = DIRECTION('',(0.,0.,1.));
#9400 = ADVANCED_FACE('',(#9401),#9419,.T.);
#9401 = FACE_BOUND('',#9402,.T.);
#9402 = EDGE_LOOP('',(#9403,#9404,#9412,#9418));
#9403 = ORIENTED_EDGE('',*,*,#9389,.F.);
#9404 = ORIENTED_EDGE('',*,*,#9405,.F.);
#9405 = EDGE_CURVE('',#9406,#9382,#9408,.T.);
#9406 = VERTEX_POINT('',#9407);
#9407 = CARTESIAN_POINT('',(-0.32,0.32,-2.84));
#9408 = LINE('',#9409,#9410);
#9409 = CARTESIAN_POINT('',(-0.32,0.32,-2.84));
#9410 = VECTOR('',#9411,1.);
#9411 = DIRECTION('',(1.,0.,0.));
#9412 = ORIENTED_EDGE('',*,*,#9413,.T.);
#9413 = EDGE_CURVE('',#9406,#8753,#9414,.T.);
#9414 = LINE('',#9415,#9416);
#9415 = CARTESIAN_POINT('',(-0.32,0.32,-3.));
#9416 = VECTOR('',#9417,1.);
#9417 = DIRECTION('',(0.,0.,1.));
#9418 = ORIENTED_EDGE('',*,*,#8760,.F.);
#9419 = PLANE('',#9420);
#9420 = AXIS2_PLACEMENT_3D('',#9421,#9422,#9423);
#9421 = CARTESIAN_POINT('',(-0.32,0.32,-3.));
#9422 = DIRECTION('',(0.,1.,0.));
#9423 = DIRECTION('',(0.,-0.,1.));
#9424 = ADVANCED_FACE('',(#9425),#9443,.F.);
#9425 = FACE_BOUND('',#9426,.F.);
#9426 = EDGE_LOOP('',(#9427,#9435,#9441,#9442));
#9427 = ORIENTED_EDGE('',*,*,#9428,.F.);
#9428 = EDGE_CURVE('',#9429,#8745,#9431,.T.);
#9429 = VERTEX_POINT('',#9430);
#9430 = CARTESIAN_POINT('',(-0.32,-0.32,-2.84));
#9431 = LINE('',#9432,#9433);
#9432 = CARTESIAN_POINT('',(-0.32,-0.32,-3.));
#9433 = VECTOR('',#9434,1.);
#9434 = DIRECTION('',(0.,0.,1.));
#9435 = ORIENTED_EDGE('',*,*,#9436,.T.);
#9436 = EDGE_CURVE('',#9429,#9406,#9437,.T.);
#9437 = LINE('',#9438,#9439);
#9438 = CARTESIAN_POINT('',(-0.32,-0.32,-2.84));
#9439 = VECTOR('',#9440,1.);
#9440 = DIRECTION('',(0.,1.,0.));
#9441 = ORIENTED_EDGE('',*,*,#9413,.T.);
#9442 = ORIENTED_EDGE('',*,*,#8752,.F.);
#9443 = PLANE('',#9444);
#9444 = AXIS2_PLACEMENT_3D('',#9445,#9446,#9447);
#9445 = CARTESIAN_POINT('',(-0.32,-0.32,-3.));
#9446 = DIRECTION('',(1.,0.,0.));
#9447 = DIRECTION('',(0.,0.,1.));
#9448 = ADVANCED_FACE('',(#9449),#9460,.F.);
#9449 = FACE_BOUND('',#9450,.F.);
#9450 = EDGE_LOOP('',(#9451,#9452,#9458,#9459));
#9451 = ORIENTED_EDGE('',*,*,#9373,.F.);
#9452 = ORIENTED_EDGE('',*,*,#9453,.F.);
#9453 = EDGE_CURVE('',#9429,#9374,#9454,.T.);
#9454 = LINE('',#9455,#9456);
#9455 = CARTESIAN_POINT('',(-0.32,-0.32,-2.84));
#9456 = VECTOR('',#9457,1.);
#9457 = DIRECTION('',(1.,0.,0.));
#9458 = ORIENTED_EDGE('',*,*,#9428,.T.);
#9459 = ORIENTED_EDGE('',*,*,#8744,.F.);
#9460 = PLANE('',#9461);
#9461 = AXIS2_PLACEMENT_3D('',#9462,#9463,#9464);
#9462 = CARTESIAN_POINT('',(-0.32,-0.32,-3.));
#9463 = DIRECTION('',(0.,1.,0.));
#9464 = DIRECTION('',(0.,-0.,1.));
#9465 = ADVANCED_FACE('',(#9466),#9491,.F.);
#9466 = FACE_BOUND('',#9467,.F.);
#9467 = EDGE_LOOP('',(#9468,#9476,#9484,#9490));
#9468 = ORIENTED_EDGE('',*,*,#9469,.F.);
#9469 = EDGE_CURVE('',#9470,#8769,#9472,.T.);
#9470 = VERTEX_POINT('',#9471);
#9471 = CARTESIAN_POINT('',(0.32,-2.86,-2.84));
#9472 = LINE('',#9473,#9474);
#9473 = CARTESIAN_POINT('',(0.32,-2.86,-3.));
#9474 = VECTOR('',#9475,1.);
#9475 = DIRECTION('',(0.,0.,1.));
#9476 = ORIENTED_EDGE('',*,*,#9477,.F.);
#9477 = EDGE_CURVE('',#9478,#9470,#9480,.T.);
#9478 = VERTEX_POINT('',#9479);
#9479 = CARTESIAN_POINT('',(-0.32,-2.86,-2.84));
#9480 = LINE('',#9481,#9482);
#9481 = CARTESIAN_POINT('',(-0.32,-2.86,-2.84));
#9482 = VECTOR('',#9483,1.);
#9483 = DIRECTION('',(1.,0.,0.));
#9484 = ORIENTED_EDGE('',*,*,#9485,.T.);
#9485 = EDGE_CURVE('',#9478,#8771,#9486,.T.);
#9486 = LINE('',#9487,#9488);
#9487 = CARTESIAN_POINT('',(-0.32,-2.86,-3.));
#9488 = VECTOR('',#9489,1.);
#9489 = DIRECTION('',(0.,0.,1.));
#9490 = ORIENTED_EDGE('',*,*,#8768,.F.);
#9491 = PLANE('',#9492);
#9492 = AXIS2_PLACEMENT_3D('',#9493,#9494,#9495);
#9493 = CARTESIAN_POINT('',(-0.32,-2.86,-3.));
#9494 = DIRECTION('',(0.,1.,0.));
#9495 = DIRECTION('',(0.,-0.,1.));
#9496 = ADVANCED_FACE('',(#9497),#9515,.T.);
#9497 = FACE_BOUND('',#9498,.T.);
#9498 = EDGE_LOOP('',(#9499,#9500,#9508,#9514));
#9499 = ORIENTED_EDGE('',*,*,#9469,.F.);
#9500 = ORIENTED_EDGE('',*,*,#9501,.T.);
#9501 = EDGE_CURVE('',#9470,#9502,#9504,.T.);
#9502 = VERTEX_POINT('',#9503);
#9503 = CARTESIAN_POINT('',(0.32,-2.22,-2.84));
#9504 = LINE('',#9505,#9506);
#9505 = CARTESIAN_POINT('',(0.32,-2.86,-2.84));
#9506 = VECTOR('',#9507,1.);
#9507 = DIRECTION('',(0.,1.,0.));
#9508 = ORIENTED_EDGE('',*,*,#9509,.T.);
#9509 = EDGE_CURVE('',#9502,#8787,#9510,.T.);
#9510 = LINE('',#9511,#9512);
#9511 = CARTESIAN_POINT('',(0.32,-2.22,-3.));
#9512 = VECTOR('',#9513,1.);
#9513 = DIRECTION('',(0.,0.,1.));
#9514 = ORIENTED_EDGE('',*,*,#8794,.F.);
#9515 = PLANE('',#9516);
#9516 = AXIS2_PLACEMENT_3D('',#9517,#9518,#9519);
#9517 = CARTESIAN_POINT('',(0.32,-2.86,-3.));
#9518 = DIRECTION('',(1.,0.,0.));
#9519 = DIRECTION('',(0.,0.,1.));
#9520 = ADVANCED_FACE('',(#9521),#9539,.T.);
#9521 = FACE_BOUND('',#9522,.T.);
#9522 = EDGE_LOOP('',(#9523,#9524,#9532,#9538));
#9523 = ORIENTED_EDGE('',*,*,#9509,.F.);
#9524 = ORIENTED_EDGE('',*,*,#9525,.F.);
#9525 = EDGE_CURVE('',#9526,#9502,#9528,.T.);
#9526 = VERTEX_POINT('',#9527);
#9527 = CARTESIAN_POINT('',(-0.32,-2.22,-2.84));
#9528 = LINE('',#9529,#9530);
#9529 = CARTESIAN_POINT('',(-0.32,-2.22,-2.84));
#9530 = VECTOR('',#9531,1.);
#9531 = DIRECTION('',(1.,0.,0.));
#9532 = ORIENTED_EDGE('',*,*,#9533,.T.);
#9533 = EDGE_CURVE('',#9526,#8779,#9534,.T.);
#9534 = LINE('',#9535,#9536);
#9535 = CARTESIAN_POINT('',(-0.32,-2.22,-3.));
#9536 = VECTOR('',#9537,1.);
#9537 = DIRECTION('',(0.,0.,1.));
#9538 = ORIENTED_EDGE('',*,*,#8786,.F.);
#9539 = PLANE('',#9540);
#9540 = AXIS2_PLACEMENT_3D('',#9541,#9542,#9543);
#9541 = CARTESIAN_POINT('',(-0.32,-2.22,-3.));
#9542 = DIRECTION('',(0.,1.,0.));
#9543 = DIRECTION('',(0.,-0.,1.));
#9544 = ADVANCED_FACE('',(#9545),#9556,.F.);
#9545 = FACE_BOUND('',#9546,.F.);
#9546 = EDGE_LOOP('',(#9547,#9548,#9554,#9555));
#9547 = ORIENTED_EDGE('',*,*,#9485,.F.);
#9548 = ORIENTED_EDGE('',*,*,#9549,.T.);
#9549 = EDGE_CURVE('',#9478,#9526,#9550,.T.);
#9550 = LINE('',#9551,#9552);
#9551 = CARTESIAN_POINT('',(-0.32,-2.86,-2.84));
#9552 = VECTOR('',#9553,1.);
#9553 = DIRECTION('',(0.,1.,0.));
#9554 = ORIENTED_EDGE('',*,*,#9533,.T.);
#9555 = ORIENTED_EDGE('',*,*,#8778,.F.);
#9556 = PLANE('',#9557);
#9557 = AXIS2_PLACEMENT_3D('',#9558,#9559,#9560);
#9558 = CARTESIAN_POINT('',(-0.32,-2.86,-3.));
#9559 = DIRECTION('',(1.,0.,0.));
#9560 = DIRECTION('',(0.,0.,1.));
#9561 = ADVANCED_FACE('',(#9562),#9587,.T.);
#9562 = FACE_BOUND('',#9563,.T.);
#9563 = EDGE_LOOP('',(#9564,#9572,#9580,#9586));
#9564 = ORIENTED_EDGE('',*,*,#9565,.F.);
#9565 = EDGE_CURVE('',#9566,#8803,#9568,.T.);
#9566 = VERTEX_POINT('',#9567);
#9567 = CARTESIAN_POINT('',(0.32,-4.76,-2.84));
#9568 = LINE('',#9569,#9570);
#9569 = CARTESIAN_POINT('',(0.32,-4.76,-3.));
#9570 = VECTOR('',#9571,1.);
#9571 = DIRECTION('',(0.,0.,1.));
#9572 = ORIENTED_EDGE('',*,*,#9573,.F.);
#9573 = EDGE_CURVE('',#9574,#9566,#9576,.T.);
#9574 = VERTEX_POINT('',#9575);
#9575 = CARTESIAN_POINT('',(-0.32,-4.76,-2.84));
#9576 = LINE('',#9577,#9578);
#9577 = CARTESIAN_POINT('',(-0.32,-4.76,-2.84));
#9578 = VECTOR('',#9579,1.);
#9579 = DIRECTION('',(1.,0.,0.));
#9580 = ORIENTED_EDGE('',*,*,#9581,.T.);
#9581 = EDGE_CURVE('',#9574,#8805,#9582,.T.);
#9582 = LINE('',#9583,#9584);
#9583 = CARTESIAN_POINT('',(-0.32,-4.76,-3.));
#9584 = VECTOR('',#9585,1.);
#9585 = DIRECTION('',(0.,0.,1.));
#9586 = ORIENTED_EDGE('',*,*,#8802,.F.);
#9587 = PLANE('',#9588);
#9588 = AXIS2_PLACEMENT_3D('',#9589,#9590,#9591);
#9589 = CARTESIAN_POINT('',(-0.32,-4.76,-3.));
#9590 = DIRECTION('',(0.,1.,0.));
#9591 = DIRECTION('',(0.,-0.,1.));
#9592 = ADVANCED_FACE('',(#9593),#9611,.F.);
#9593 = FACE_BOUND('',#9594,.F.);
#9594 = EDGE_LOOP('',(#9595,#9603,#9609,#9610));
#9595 = ORIENTED_EDGE('',*,*,#9596,.F.);
#9596 = EDGE_CURVE('',#9597,#8821,#9599,.T.);
#9597 = VERTEX_POINT('',#9598);
#9598 = CARTESIAN_POINT('',(-0.32,-5.4,-2.84));
#9599 = LINE('',#9600,#9601);
#9600 = CARTESIAN_POINT('',(-0.32,-5.4,-3.));
#9601 = VECTOR('',#9602,1.);
#9602 = DIRECTION('',(0.,0.,1.));
#9603 = ORIENTED_EDGE('',*,*,#9604,.T.);
#9604 = EDGE_CURVE('',#9597,#9574,#9605,.T.);
#9605 = LINE('',#9606,#9607);
#9606 = CARTESIAN_POINT('',(-0.32,-5.4,-2.84));
#9607 = VECTOR('',#9608,1.);
#9608 = DIRECTION('',(0.,1.,0.));
#9609 = ORIENTED_EDGE('',*,*,#9581,.T.);
#9610 = ORIENTED_EDGE('',*,*,#8828,.F.);
#9611 = PLANE('',#9612);
#9612 = AXIS2_PLACEMENT_3D('',#9613,#9614,#9615);
#9613 = CARTESIAN_POINT('',(-0.32,-5.4,-3.));
#9614 = DIRECTION('',(1.,0.,0.));
#9615 = DIRECTION('',(0.,0.,1.));
#9616 = ADVANCED_FACE('',(#9617),#9635,.F.);
#9617 = FACE_BOUND('',#9618,.F.);
#9618 = EDGE_LOOP('',(#9619,#9627,#9633,#9634));
#9619 = ORIENTED_EDGE('',*,*,#9620,.F.);
#9620 = EDGE_CURVE('',#9621,#8813,#9623,.T.);
#9621 = VERTEX_POINT('',#9622);
#9622 = CARTESIAN_POINT('',(0.32,-5.4,-2.84));
#9623 = LINE('',#9624,#9625);
#9624 = CARTESIAN_POINT('',(0.32,-5.4,-3.));
#9625 = VECTOR('',#9626,1.);
#9626 = DIRECTION('',(0.,0.,1.));
#9627 = ORIENTED_EDGE('',*,*,#9628,.F.);
#9628 = EDGE_CURVE('',#9597,#9621,#9629,.T.);
#9629 = LINE('',#9630,#9631);
#9630 = CARTESIAN_POINT('',(-0.32,-5.4,-2.84));
#9631 = VECTOR('',#9632,1.);
#9632 = DIRECTION('',(1.,0.,0.));
#9633 = ORIENTED_EDGE('',*,*,#9596,.T.);
#9634 = ORIENTED_EDGE('',*,*,#8820,.F.);
#9635 = PLANE('',#9636);
#9636 = AXIS2_PLACEMENT_3D('',#9637,#9638,#9639);
#9637 = CARTESIAN_POINT('',(-0.32,-5.4,-3.));
#9638 = DIRECTION('',(0.,1.,0.));
#9639 = DIRECTION('',(0.,-0.,1.));
#9640 = ADVANCED_FACE('',(#9641),#9652,.T.);
#9641 = FACE_BOUND('',#9642,.T.);
#9642 = EDGE_LOOP('',(#9643,#9644,#9650,#9651));
#9643 = ORIENTED_EDGE('',*,*,#9620,.F.);
#9644 = ORIENTED_EDGE('',*,*,#9645,.T.);
#9645 = EDGE_CURVE('',#9621,#9566,#9646,.T.);
#9646 = LINE('',#9647,#9648);
#9647 = CARTESIAN_POINT('',(0.32,-5.4,-2.84));
#9648 = VECTOR('',#9649,1.);
#9649 = DIRECTION('',(0.,1.,0.));
#9650 = ORIENTED_EDGE('',*,*,#9565,.T.);
#9651 = ORIENTED_EDGE('',*,*,#8812,.F.);
#9652 = PLANE('',#9653);
#9653 = AXIS2_PLACEMENT_3D('',#9654,#9655,#9656);
#9654 = CARTESIAN_POINT('',(0.32,-5.4,-3.));
#9655 = DIRECTION('',(1.,0.,0.));
#9656 = DIRECTION('',(0.,0.,1.));
#9657 = ADVANCED_FACE('',(#9658),#9683,.T.);
#9658 = FACE_BOUND('',#9659,.T.);
#9659 = EDGE_LOOP('',(#9660,#9668,#9669,#9677));
#9660 = ORIENTED_EDGE('',*,*,#9661,.F.);
#9661 = EDGE_CURVE('',#8982,#9662,#9664,.T.);
#9662 = VERTEX_POINT('',#9663);
#9663 = CARTESIAN_POINT('',(0.32,-0.32,8.38));
#9664 = LINE('',#9665,#9666);
#9665 = CARTESIAN_POINT('',(0.32,-0.32,-3.));
#9666 = VECTOR('',#9667,1.);
#9667 = DIRECTION('',(0.,0.,1.));
#9668 = ORIENTED_EDGE('',*,*,#8981,.T.);
#9669 = ORIENTED_EDGE('',*,*,#9670,.T.);
#9670 = EDGE_CURVE('',#8984,#9671,#9673,.T.);
#9671 = VERTEX_POINT('',#9672);
#9672 = CARTESIAN_POINT('',(0.32,0.32,8.38));
#9673 = LINE('',#9674,#9675);
#9674 = CARTESIAN_POINT('',(0.32,0.32,-3.));
#9675 = VECTOR('',#9676,1.);
#9676 = DIRECTION('',(0.,0.,1.));
#9677 = ORIENTED_EDGE('',*,*,#9678,.F.);
#9678 = EDGE_CURVE('',#9662,#9671,#9679,.T.);
#9679 = LINE('',#9680,#9681);
#9680 = CARTESIAN_POINT('',(0.32,-0.32,8.38));
#9681 = VECTOR('',#9682,1.);
#9682 = DIRECTION('',(0.,1.,0.));
#9683 = PLANE('',#9684);
#9684 = AXIS2_PLACEMENT_3D('',#9685,#9686,#9687);
#9685 = CARTESIAN_POINT('',(0.32,-0.32,-3.));
#9686 = DIRECTION('',(1.,0.,0.));
#9687 = DIRECTION('',(0.,0.,1.));
#9688 = ADVANCED_FACE('',(#9689),#9707,.T.);
#9689 = FACE_BOUND('',#9690,.T.);
#9690 = EDGE_LOOP('',(#9691,#9692,#9693,#9701));
#9691 = ORIENTED_EDGE('',*,*,#9670,.F.);
#9692 = ORIENTED_EDGE('',*,*,#9007,.T.);
#9693 = ORIENTED_EDGE('',*,*,#9694,.T.);
#9694 = EDGE_CURVE('',#9000,#9695,#9697,.T.);
#9695 = VERTEX_POINT('',#9696);
#9696 = CARTESIAN_POINT('',(-0.32,0.32,8.38));
#9697 = LINE('',#9698,#9699);
#9698 = CARTESIAN_POINT('',(-0.32,0.32,-3.));
#9699 = VECTOR('',#9700,1.);
#9700 = DIRECTION('',(0.,0.,1.));
#9701 = ORIENTED_EDGE('',*,*,#9702,.T.);
#9702 = EDGE_CURVE('',#9695,#9671,#9703,.T.);
#9703 = LINE('',#9704,#9705);
#9704 = CARTESIAN_POINT('',(-0.32,0.32,8.38));
#9705 = VECTOR('',#9706,1.);
#9706 = DIRECTION('',(1.,0.,0.));
#9707 = PLANE('',#9708);
#9708 = AXIS2_PLACEMENT_3D('',#9709,#9710,#9711);
#9709 = CARTESIAN_POINT('',(-0.32,0.32,-3.));
#9710 = DIRECTION('',(0.,1.,0.));
#9711 = DIRECTION('',(0.,-0.,1.));
#9712 = ADVANCED_FACE('',(#9713),#9731,.F.);
#9713 = FACE_BOUND('',#9714,.F.);
#9714 = EDGE_LOOP('',(#9715,#9723,#9724,#9725));
#9715 = ORIENTED_EDGE('',*,*,#9716,.F.);
#9716 = EDGE_CURVE('',#8992,#9717,#9719,.T.);
#9717 = VERTEX_POINT('',#9718);
#9718 = CARTESIAN_POINT('',(-0.32,-0.32,8.38));
#9719 = LINE('',#9720,#9721);
#9720 = CARTESIAN_POINT('',(-0.32,-0.32,-3.));
#9721 = VECTOR('',#9722,1.);
#9722 = DIRECTION('',(0.,0.,1.));
#9723 = ORIENTED_EDGE('',*,*,#8999,.T.);
#9724 = ORIENTED_EDGE('',*,*,#9694,.T.);
#9725 = ORIENTED_EDGE('',*,*,#9726,.F.);
#9726 = EDGE_CURVE('',#9717,#9695,#9727,.T.);
#9727 = LINE('',#9728,#9729);
#9728 = CARTESIAN_POINT('',(-0.32,-0.32,8.38));
#9729 = VECTOR('',#9730,1.);
#9730 = DIRECTION('',(0.,1.,0.));
#9731 = PLANE('',#9732);
#9732 = AXIS2_PLACEMENT_3D('',#9733,#9734,#9735);
#9733 = CARTESIAN_POINT('',(-0.32,-0.32,-3.));
#9734 = DIRECTION('',(1.,0.,0.));
#9735 = DIRECTION('',(0.,0.,1.));
#9736 = ADVANCED_FACE('',(#9737),#9748,.F.);
#9737 = FACE_BOUND('',#9738,.F.);
#9738 = EDGE_LOOP('',(#9739,#9740,#9741,#9742));
#9739 = ORIENTED_EDGE('',*,*,#9661,.F.);
#9740 = ORIENTED_EDGE('',*,*,#8991,.T.);
#9741 = ORIENTED_EDGE('',*,*,#9716,.T.);
#9742 = ORIENTED_EDGE('',*,*,#9743,.T.);
#9743 = EDGE_CURVE('',#9717,#9662,#9744,.T.);
#9744 = LINE('',#9745,#9746);
#9745 = CARTESIAN_POINT('',(-0.32,-0.32,8.38));
#9746 = VECTOR('',#9747,1.);
#9747 = DIRECTION('',(1.,0.,0.));
#9748 = PLANE('',#9749);
#9749 = AXIS2_PLACEMENT_3D('',#9750,#9751,#9752);
#9750 = CARTESIAN_POINT('',(-0.32,-0.32,-3.));
#9751 = DIRECTION('',(0.,1.,0.));
#9752 = DIRECTION('',(0.,-0.,1.));
#9753 = ADVANCED_FACE('',(#9754),#9779,.F.);
#9754 = FACE_BOUND('',#9755,.F.);
#9755 = EDGE_LOOP('',(#9756,#9764,#9765,#9773));
#9756 = ORIENTED_EDGE('',*,*,#9757,.F.);
#9757 = EDGE_CURVE('',#9016,#9758,#9760,.T.);
#9758 = VERTEX_POINT('',#9759);
#9759 = CARTESIAN_POINT('',(0.32,-2.86,8.38));
#9760 = LINE('',#9761,#9762);
#9761 = CARTESIAN_POINT('',(0.32,-2.86,-3.));
#9762 = VECTOR('',#9763,1.);
#9763 = DIRECTION('',(0.,0.,1.));
#9764 = ORIENTED_EDGE('',*,*,#9015,.T.);
#9765 = ORIENTED_EDGE('',*,*,#9766,.T.);
#9766 = EDGE_CURVE('',#9018,#9767,#9769,.T.);
#9767 = VERTEX_POINT('',#9768);
#9768 = CARTESIAN_POINT('',(-0.32,-2.86,8.38));
#9769 = LINE('',#9770,#9771);
#9770 = CARTESIAN_POINT('',(-0.32,-2.86,-3.));
#9771 = VECTOR('',#9772,1.);
#9772 = DIRECTION('',(0.,0.,1.));
#9773 = ORIENTED_EDGE('',*,*,#9774,.T.);
#9774 = EDGE_CURVE('',#9767,#9758,#9775,.T.);
#9775 = LINE('',#9776,#9777);
#9776 = CARTESIAN_POINT('',(-0.32,-2.86,8.38));
#9777 = VECTOR('',#9778,1.);
#9778 = DIRECTION('',(1.,0.,0.));
#9779 = PLANE('',#9780);
#9780 = AXIS2_PLACEMENT_3D('',#9781,#9782,#9783);
#9781 = CARTESIAN_POINT('',(-0.32,-2.86,-3.));
#9782 = DIRECTION('',(0.,1.,0.));
#9783 = DIRECTION('',(0.,-0.,1.));
#9784 = ADVANCED_FACE('',(#9785),#9803,.T.);
#9785 = FACE_BOUND('',#9786,.T.);
#9786 = EDGE_LOOP('',(#9787,#9788,#9789,#9797));
#9787 = ORIENTED_EDGE('',*,*,#9757,.F.);
#9788 = ORIENTED_EDGE('',*,*,#9041,.T.);
#9789 = ORIENTED_EDGE('',*,*,#9790,.T.);
#9790 = EDGE_CURVE('',#9034,#9791,#9793,.T.);
#9791 = VERTEX_POINT('',#9792);
#9792 = CARTESIAN_POINT('',(0.32,-2.22,8.38));
#9793 = LINE('',#9794,#9795);
#9794 = CARTESIAN_POINT('',(0.32,-2.22,-3.));
#9795 = VECTOR('',#9796,1.);
#9796 = DIRECTION('',(0.,0.,1.));
#9797 = ORIENTED_EDGE('',*,*,#9798,.F.);
#9798 = EDGE_CURVE('',#9758,#9791,#9799,.T.);
#9799 = LINE('',#9800,#9801);
#9800 = CARTESIAN_POINT('',(0.32,-2.86,8.38));
#9801 = VECTOR('',#9802,1.);
#9802 = DIRECTION('',(0.,1.,0.));
#9803 = PLANE('',#9804);
#9804 = AXIS2_PLACEMENT_3D('',#9805,#9806,#9807);
#9805 = CARTESIAN_POINT('',(0.32,-2.86,-3.));
#9806 = DIRECTION('',(1.,0.,0.));
#9807 = DIRECTION('',(0.,0.,1.));
#9808 = ADVANCED_FACE('',(#9809),#9827,.T.);
#9809 = FACE_BOUND('',#9810,.T.);
#9810 = EDGE_LOOP('',(#9811,#9812,#9813,#9821));
#9811 = ORIENTED_EDGE('',*,*,#9790,.F.);
#9812 = ORIENTED_EDGE('',*,*,#9033,.T.);
#9813 = ORIENTED_EDGE('',*,*,#9814,.T.);
#9814 = EDGE_CURVE('',#9026,#9815,#9817,.T.);
#9815 = VERTEX_POINT('',#9816);
#9816 = CARTESIAN_POINT('',(-0.32,-2.22,8.38));
#9817 = LINE('',#9818,#9819);
#9818 = CARTESIAN_POINT('',(-0.32,-2.22,-3.));
#9819 = VECTOR('',#9820,1.);
#9820 = DIRECTION('',(0.,0.,1.));
#9821 = ORIENTED_EDGE('',*,*,#9822,.T.);
#9822 = EDGE_CURVE('',#9815,#9791,#9823,.T.);
#9823 = LINE('',#9824,#9825);
#9824 = CARTESIAN_POINT('',(-0.32,-2.22,8.38));
#9825 = VECTOR('',#9826,1.);
#9826 = DIRECTION('',(1.,0.,0.));
#9827 = PLANE('',#9828);
#9828 = AXIS2_PLACEMENT_3D('',#9829,#9830,#9831);
#9829 = CARTESIAN_POINT('',(-0.32,-2.22,-3.));
#9830 = DIRECTION('',(0.,1.,0.));
#9831 = DIRECTION('',(0.,-0.,1.));
#9832 = ADVANCED_FACE('',(#9833),#9844,.F.);
#9833 = FACE_BOUND('',#9834,.F.);
#9834 = EDGE_LOOP('',(#9835,#9836,#9837,#9838));
#9835 = ORIENTED_EDGE('',*,*,#9766,.F.);
#9836 = ORIENTED_EDGE('',*,*,#9025,.T.);
#9837 = ORIENTED_EDGE('',*,*,#9814,.T.);
#9838 = ORIENTED_EDGE('',*,*,#9839,.F.);
#9839 = EDGE_CURVE('',#9767,#9815,#9840,.T.);
#9840 = LINE('',#9841,#9842);
#9841 = CARTESIAN_POINT('',(-0.32,-2.86,8.38));
#9842 = VECTOR('',#9843,1.);
#9843 = DIRECTION('',(0.,1.,0.));
#9844 = PLANE('',#9845);
#9845 = AXIS2_PLACEMENT_3D('',#9846,#9847,#9848);
#9846 = CARTESIAN_POINT('',(-0.32,-2.86,-3.));
#9847 = DIRECTION('',(1.,0.,0.));
#9848 = DIRECTION('',(0.,0.,1.));
#9849 = ADVANCED_FACE('',(#9850),#9875,.T.);
#9850 = FACE_BOUND('',#9851,.T.);
#9851 = EDGE_LOOP('',(#9852,#9860,#9861,#9869));
#9852 = ORIENTED_EDGE('',*,*,#9853,.F.);
#9853 = EDGE_CURVE('',#9050,#9854,#9856,.T.);
#9854 = VERTEX_POINT('',#9855);
#9855 = CARTESIAN_POINT('',(0.32,-4.76,8.38));
#9856 = LINE('',#9857,#9858);
#9857 = CARTESIAN_POINT('',(0.32,-4.76,-3.));
#9858 = VECTOR('',#9859,1.);
#9859 = DIRECTION('',(0.,0.,1.));
#9860 = ORIENTED_EDGE('',*,*,#9049,.T.);
#9861 = ORIENTED_EDGE('',*,*,#9862,.T.);
#9862 = EDGE_CURVE('',#9052,#9863,#9865,.T.);
#9863 = VERTEX_POINT('',#9864);
#9864 = CARTESIAN_POINT('',(-0.32,-4.76,8.38));
#9865 = LINE('',#9866,#9867);
#9866 = CARTESIAN_POINT('',(-0.32,-4.76,-3.));
#9867 = VECTOR('',#9868,1.);
#9868 = DIRECTION('',(0.,0.,1.));
#9869 = ORIENTED_EDGE('',*,*,#9870,.T.);
#9870 = EDGE_CURVE('',#9863,#9854,#9871,.T.);
#9871 = LINE('',#9872,#9873);
#9872 = CARTESIAN_POINT('',(-0.32,-4.76,8.38));
#9873 = VECTOR('',#9874,1.);
#9874 = DIRECTION('',(1.,0.,0.));
#9875 = PLANE('',#9876);
#9876 = AXIS2_PLACEMENT_3D('',#9877,#9878,#9879);
#9877 = CARTESIAN_POINT('',(-0.32,-4.76,-3.));
#9878 = DIRECTION('',(0.,1.,0.));
#9879 = DIRECTION('',(0.,-0.,1.));
#9880 = ADVANCED_FACE('',(#9881),#9899,.F.);
#9881 = FACE_BOUND('',#9882,.F.);
#9882 = EDGE_LOOP('',(#9883,#9891,#9892,#9893));
#9883 = ORIENTED_EDGE('',*,*,#9884,.F.);
#9884 = EDGE_CURVE('',#9068,#9885,#9887,.T.);
#9885 = VERTEX_POINT('',#9886);
#9886 = CARTESIAN_POINT('',(-0.32,-5.4,8.38));
#9887 = LINE('',#9888,#9889);
#9888 = CARTESIAN_POINT('',(-0.32,-5.4,-3.));
#9889 = VECTOR('',#9890,1.);
#9890 = DIRECTION('',(0.,0.,1.));
#9891 = ORIENTED_EDGE('',*,*,#9075,.T.);
#9892 = ORIENTED_EDGE('',*,*,#9862,.T.);
#9893 = ORIENTED_EDGE('',*,*,#9894,.F.);
#9894 = EDGE_CURVE('',#9885,#9863,#9895,.T.);
#9895 = LINE('',#9896,#9897);
#9896 = CARTESIAN_POINT('',(-0.32,-5.4,8.38));
#9897 = VECTOR('',#9898,1.);
#9898 = DIRECTION('',(0.,1.,0.));
#9899 = PLANE('',#9900);
#9900 = AXIS2_PLACEMENT_3D('',#9901,#9902,#9903);
#9901 = CARTESIAN_POINT('',(-0.32,-5.4,-3.));
#9902 = DIRECTION('',(1.,0.,0.));
#9903 = DIRECTION('',(0.,0.,1.));
#9904 = ADVANCED_FACE('',(#9905),#9923,.F.);
#9905 = FACE_BOUND('',#9906,.F.);
#9906 = EDGE_LOOP('',(#9907,#9915,#9916,#9917));
#9907 = ORIENTED_EDGE('',*,*,#9908,.F.);
#9908 = EDGE_CURVE('',#9060,#9909,#9911,.T.);
#9909 = VERTEX_POINT('',#9910);
#9910 = CARTESIAN_POINT('',(0.32,-5.4,8.38));
#9911 = LINE('',#9912,#9913);
#9912 = CARTESIAN_POINT('',(0.32,-5.4,-3.));
#9913 = VECTOR('',#9914,1.);
#9914 = DIRECTION('',(0.,0.,1.));
#9915 = ORIENTED_EDGE('',*,*,#9067,.T.);
#9916 = ORIENTED_EDGE('',*,*,#9884,.T.);
#9917 = ORIENTED_EDGE('',*,*,#9918,.T.);
#9918 = EDGE_CURVE('',#9885,#9909,#9919,.T.);
#9919 = LINE('',#9920,#9921);
#9920 = CARTESIAN_POINT('',(-0.32,-5.4,8.38));
#9921 = VECTOR('',#9922,1.);
#9922 = DIRECTION('',(1.,0.,0.));
#9923 = PLANE('',#9924);
#9924 = AXIS2_PLACEMENT_3D('',#9925,#9926,#9927);
#9925 = CARTESIAN_POINT('',(-0.32,-5.4,-3.));
#9926 = DIRECTION('',(0.,1.,0.));
#9927 = DIRECTION('',(0.,-0.,1.));
#9928 = ADVANCED_FACE('',(#9929),#9940,.T.);
#9929 = FACE_BOUND('',#9930,.T.);
#9930 = EDGE_LOOP('',(#9931,#9932,#9933,#9934));
#9931 = ORIENTED_EDGE('',*,*,#9908,.F.);
#9932 = ORIENTED_EDGE('',*,*,#9059,.T.);
#9933 = ORIENTED_EDGE('',*,*,#9853,.T.);
#9934 = ORIENTED_EDGE('',*,*,#9935,.F.);
#9935 = EDGE_CURVE('',#9909,#9854,#9936,.T.);
#9936 = LINE('',#9937,#9938);
#9937 = CARTESIAN_POINT('',(0.32,-5.4,8.38));
#9938 = VECTOR('',#9939,1.);
#9939 = DIRECTION('',(0.,1.,0.));
#9940 = PLANE('',#9941);
#9941 = AXIS2_PLACEMENT_3D('',#9942,#9943,#9944);
#9942 = CARTESIAN_POINT('',(0.32,-5.4,-3.));
#9943 = DIRECTION('',(1.,0.,0.));
#9944 = DIRECTION('',(0.,0.,1.));
#9945 = ADVANCED_FACE('',(#9946),#9971,.F.);
#9946 = FACE_BOUND('',#9947,.F.);
#9947 = EDGE_LOOP('',(#9948,#9956,#9957,#9965));
#9948 = ORIENTED_EDGE('',*,*,#9949,.F.);
#9949 = EDGE_CURVE('',#9374,#9950,#9952,.T.);
#9950 = VERTEX_POINT('',#9951);
#9951 = CARTESIAN_POINT('',(0.16,-0.16,-3.));
#9952 = LINE('',#9953,#9954);
#9953 = CARTESIAN_POINT('',(0.16,-0.16,-3.));
#9954 = VECTOR('',#9955,1.);
#9955 = DIRECTION('',(-0.57735026919,0.57735026919,-0.57735026919));
#9956 = ORIENTED_EDGE('',*,*,#9381,.T.);
#9957 = ORIENTED_EDGE('',*,*,#9958,.T.);
#9958 = EDGE_CURVE('',#9382,#9959,#9961,.T.);
#9959 = VERTEX_POINT('',#9960);
#9960 = CARTESIAN_POINT('',(0.16,0.16,-3.));
#9961 = LINE('',#9962,#9963);
#9962 = CARTESIAN_POINT('',(5.333333333333E-02,5.333333333333E-02,
    -3.106666666667));
#9963 = VECTOR('',#9964,1.);
#9964 = DIRECTION('',(-0.57735026919,-0.57735026919,-0.57735026919));
#9965 = ORIENTED_EDGE('',*,*,#9966,.F.);
#9966 = EDGE_CURVE('',#9950,#9959,#9967,.T.);
#9967 = LINE('',#9968,#9969);
#9968 = CARTESIAN_POINT('',(0.16,-0.32,-3.));
#9969 = VECTOR('',#9970,1.);
#9970 = DIRECTION('',(0.,1.,0.));
#9971 = PLANE('',#9972);
#9972 = AXIS2_PLACEMENT_3D('',#9973,#9974,#9975);
#9973 = CARTESIAN_POINT('',(0.24,-0.32,-2.92));
#9974 = DIRECTION('',(-0.707106781187,1.735167508357E-18,0.707106781187)
  );
#9975 = DIRECTION('',(1.226948711654E-18,1.,-1.226948711654E-18));
#9976 = ADVANCED_FACE('',(#9977),#9995,.F.);
#9977 = FACE_BOUND('',#9978,.T.);
#9978 = EDGE_LOOP('',(#9979,#9987,#9988,#9989));
#9979 = ORIENTED_EDGE('',*,*,#9980,.F.);
#9980 = EDGE_CURVE('',#9406,#9981,#9983,.T.);
#9981 = VERTEX_POINT('',#9982);
#9982 = CARTESIAN_POINT('',(-0.16,0.16,-3.));
#9983 = LINE('',#9984,#9985);
#9984 = CARTESIAN_POINT('',(-0.16,0.16,-3.));
#9985 = VECTOR('',#9986,1.);
#9986 = DIRECTION('',(0.57735026919,-0.57735026919,-0.57735026919));
#9987 = ORIENTED_EDGE('',*,*,#9405,.T.);
#9988 = ORIENTED_EDGE('',*,*,#9958,.T.);
#9989 = ORIENTED_EDGE('',*,*,#9990,.F.);
#9990 = EDGE_CURVE('',#9981,#9959,#9991,.T.);
#9991 = LINE('',#9992,#9993);
#9992 = CARTESIAN_POINT('',(-0.32,0.16,-3.));
#9993 = VECTOR('',#9994,1.);
#9994 = DIRECTION('',(1.,0.,0.));
#9995 = PLANE('',#9996);
#9996 = AXIS2_PLACEMENT_3D('',#9997,#9998,#9999);
#9997 = CARTESIAN_POINT('',(-0.32,0.24,-2.92));
#9998 = DIRECTION('',(-1.735167508357E-18,-0.707106781187,0.707106781187
    ));
#9999 = DIRECTION('',(-1.,1.226948711654E-18,-1.226948711654E-18));
#10000 = ADVANCED_FACE('',(#10001),#10019,.T.);
#10001 = FACE_BOUND('',#10002,.T.);
#10002 = EDGE_LOOP('',(#10003,#10011,#10012,#10013));
#10003 = ORIENTED_EDGE('',*,*,#10004,.F.);
#10004 = EDGE_CURVE('',#9429,#10005,#10007,.T.);
#10005 = VERTEX_POINT('',#10006);
#10006 = CARTESIAN_POINT('',(-0.16,-0.16,-3.));
#10007 = LINE('',#10008,#10009);
#10008 = CARTESIAN_POINT('',(-0.266666666667,-0.266666666667,
    -2.893333333333));
#10009 = VECTOR('',#10010,1.);
#10010 = DIRECTION('',(0.57735026919,0.57735026919,-0.57735026919));
#10011 = ORIENTED_EDGE('',*,*,#9436,.T.);
#10012 = ORIENTED_EDGE('',*,*,#9980,.T.);
#10013 = ORIENTED_EDGE('',*,*,#10014,.F.);
#10014 = EDGE_CURVE('',#10005,#9981,#10015,.T.);
#10015 = LINE('',#10016,#10017);
#10016 = CARTESIAN_POINT('',(-0.16,-0.32,-3.));
#10017 = VECTOR('',#10018,1.);
#10018 = DIRECTION('',(0.,1.,0.));
#10019 = PLANE('',#10020);
#10020 = AXIS2_PLACEMENT_3D('',#10021,#10022,#10023);
#10021 = CARTESIAN_POINT('',(-0.24,-0.32,-2.92));
#10022 = DIRECTION('',(-0.707106781187,-1.735167508357E-18,
    -0.707106781187));
#10023 = DIRECTION('',(-1.226948711654E-18,1.,-1.226948711654E-18));
#10024 = ADVANCED_FACE('',(#10025),#10036,.T.);
#10025 = FACE_BOUND('',#10026,.F.);
#10026 = EDGE_LOOP('',(#10027,#10028,#10029,#10030));
#10027 = ORIENTED_EDGE('',*,*,#10004,.F.);
#10028 = ORIENTED_EDGE('',*,*,#9453,.T.);
#10029 = ORIENTED_EDGE('',*,*,#9949,.T.);
#10030 = ORIENTED_EDGE('',*,*,#10031,.F.);
#10031 = EDGE_CURVE('',#10005,#9950,#10032,.T.);
#10032 = LINE('',#10033,#10034);
#10033 = CARTESIAN_POINT('',(-0.32,-0.16,-3.));
#10034 = VECTOR('',#10035,1.);
#10035 = DIRECTION('',(1.,0.,0.));
#10036 = PLANE('',#10037);
#10037 = AXIS2_PLACEMENT_3D('',#10038,#10039,#10040);
#10038 = CARTESIAN_POINT('',(-0.32,-0.24,-2.92));
#10039 = DIRECTION('',(1.735167508357E-18,-0.707106781187,
    -0.707106781187));
#10040 = DIRECTION('',(-1.,-1.226948711654E-18,-1.226948711654E-18));
#10041 = ADVANCED_FACE('',(#10042),#10067,.T.);
#10042 = FACE_BOUND('',#10043,.F.);
#10043 = EDGE_LOOP('',(#10044,#10052,#10053,#10061));
#10044 = ORIENTED_EDGE('',*,*,#10045,.F.);
#10045 = EDGE_CURVE('',#9478,#10046,#10048,.T.);
#10046 = VERTEX_POINT('',#10047);
#10047 = CARTESIAN_POINT('',(-0.16,-2.7,-3.));
#10048 = LINE('',#10049,#10050);
#10049 = CARTESIAN_POINT('',(-0.266666666667,-2.806666666667,
    -2.893333333333));
#10050 = VECTOR('',#10051,1.);
#10051 = DIRECTION('',(0.57735026919,0.57735026919,-0.57735026919));
#10052 = ORIENTED_EDGE('',*,*,#9477,.T.);
#10053 = ORIENTED_EDGE('',*,*,#10054,.T.);
#10054 = EDGE_CURVE('',#9470,#10055,#10057,.T.);
#10055 = VERTEX_POINT('',#10056);
#10056 = CARTESIAN_POINT('',(0.16,-2.7,-3.));
#10057 = LINE('',#10058,#10059);
#10058 = CARTESIAN_POINT('',(0.16,-2.7,-3.));
#10059 = VECTOR('',#10060,1.);
#10060 = DIRECTION('',(-0.57735026919,0.57735026919,-0.57735026919));
#10061 = ORIENTED_EDGE('',*,*,#10062,.F.);
#10062 = EDGE_CURVE('',#10046,#10055,#10063,.T.);
#10063 = LINE('',#10064,#10065);
#10064 = CARTESIAN_POINT('',(-0.32,-2.7,-3.));
#10065 = VECTOR('',#10066,1.);
#10066 = DIRECTION('',(1.,0.,0.));
#10067 = PLANE('',#10068);
#10068 = AXIS2_PLACEMENT_3D('',#10069,#10070,#10071);
#10069 = CARTESIAN_POINT('',(-0.32,-2.78,-2.92));
#10070 = DIRECTION('',(1.735167508357E-18,-0.707106781187,
    -0.707106781187));
#10071 = DIRECTION('',(-1.,-1.226948711654E-18,-1.226948711654E-18));
#10072 = ADVANCED_FACE('',(#10073),#10091,.F.);
#10073 = FACE_BOUND('',#10074,.F.);
#10074 = EDGE_LOOP('',(#10075,#10076,#10077,#10085));
#10075 = ORIENTED_EDGE('',*,*,#10054,.F.);
#10076 = ORIENTED_EDGE('',*,*,#9501,.T.);
#10077 = ORIENTED_EDGE('',*,*,#10078,.T.);
#10078 = EDGE_CURVE('',#9502,#10079,#10081,.T.);
#10079 = VERTEX_POINT('',#10080);
#10080 = CARTESIAN_POINT('',(0.16,-2.38,-3.));
#10081 = LINE('',#10082,#10083);
#10082 = CARTESIAN_POINT('',(5.333333333333E-02,-2.486666666667,
    -3.106666666667));
#10083 = VECTOR('',#10084,1.);
#10084 = DIRECTION('',(-0.57735026919,-0.57735026919,-0.57735026919));
#10085 = ORIENTED_EDGE('',*,*,#10086,.F.);
#10086 = EDGE_CURVE('',#10055,#10079,#10087,.T.);
#10087 = LINE('',#10088,#10089);
#10088 = CARTESIAN_POINT('',(0.16,-2.86,-3.));
#10089 = VECTOR('',#10090,1.);
#10090 = DIRECTION('',(0.,1.,0.));
#10091 = PLANE('',#10092);
#10092 = AXIS2_PLACEMENT_3D('',#10093,#10094,#10095);
#10093 = CARTESIAN_POINT('',(0.24,-2.86,-2.92));
#10094 = DIRECTION('',(-0.707106781187,1.735167508357E-18,0.707106781187
    ));
#10095 = DIRECTION('',(1.226948711654E-18,1.,-1.226948711654E-18));
#10096 = ADVANCED_FACE('',(#10097),#10115,.F.);
#10097 = FACE_BOUND('',#10098,.T.);
#10098 = EDGE_LOOP('',(#10099,#10107,#10108,#10109));
#10099 = ORIENTED_EDGE('',*,*,#10100,.F.);
#10100 = EDGE_CURVE('',#9526,#10101,#10103,.T.);
#10101 = VERTEX_POINT('',#10102);
#10102 = CARTESIAN_POINT('',(-0.16,-2.38,-3.));
#10103 = LINE('',#10104,#10105);
#10104 = CARTESIAN_POINT('',(-0.16,-2.38,-3.));
#10105 = VECTOR('',#10106,1.);
#10106 = DIRECTION('',(0.57735026919,-0.57735026919,-0.57735026919));
#10107 = ORIENTED_EDGE('',*,*,#9525,.T.);
#10108 = ORIENTED_EDGE('',*,*,#10078,.T.);
#10109 = ORIENTED_EDGE('',*,*,#10110,.F.);
#10110 = EDGE_CURVE('',#10101,#10079,#10111,.T.);
#10111 = LINE('',#10112,#10113);
#10112 = CARTESIAN_POINT('',(-0.32,-2.38,-3.));
#10113 = VECTOR('',#10114,1.);
#10114 = DIRECTION('',(1.,0.,0.));
#10115 = PLANE('',#10116);
#10116 = AXIS2_PLACEMENT_3D('',#10117,#10118,#10119);
#10117 = CARTESIAN_POINT('',(-0.32,-2.3,-2.92));
#10118 = DIRECTION('',(-1.735167508357E-18,-0.707106781187,
    0.707106781187));
#10119 = DIRECTION('',(-1.,1.226948711654E-18,-1.226948711654E-18));
#10120 = ADVANCED_FACE('',(#10121),#10132,.T.);
#10121 = FACE_BOUND('',#10122,.T.);
#10122 = EDGE_LOOP('',(#10123,#10124,#10125,#10126));
#10123 = ORIENTED_EDGE('',*,*,#10045,.F.);
#10124 = ORIENTED_EDGE('',*,*,#9549,.T.);
#10125 = ORIENTED_EDGE('',*,*,#10100,.T.);
#10126 = ORIENTED_EDGE('',*,*,#10127,.F.);
#10127 = EDGE_CURVE('',#10046,#10101,#10128,.T.);
#10128 = LINE('',#10129,#10130);
#10129 = CARTESIAN_POINT('',(-0.16,-2.86,-3.));
#10130 = VECTOR('',#10131,1.);
#10131 = DIRECTION('',(0.,1.,0.));
#10132 = PLANE('',#10133);
#10133 = AXIS2_PLACEMENT_3D('',#10134,#10135,#10136);
#10134 = CARTESIAN_POINT('',(-0.24,-2.86,-2.92));
#10135 = DIRECTION('',(-0.707106781187,-1.735167508357E-18,
    -0.707106781187));
#10136 = DIRECTION('',(-1.226948711654E-18,1.,-1.226948711654E-18));
#10137 = ADVANCED_FACE('',(#10138),#10163,.F.);
#10138 = FACE_BOUND('',#10139,.T.);
#10139 = EDGE_LOOP('',(#10140,#10148,#10149,#10157));
#10140 = ORIENTED_EDGE('',*,*,#10141,.F.);
#10141 = EDGE_CURVE('',#9574,#10142,#10144,.T.);
#10142 = VERTEX_POINT('',#10143);
#10143 = CARTESIAN_POINT('',(-0.16,-4.92,-3.));
#10144 = LINE('',#10145,#10146);
#10145 = CARTESIAN_POINT('',(-0.16,-4.92,-3.));
#10146 = VECTOR('',#10147,1.);
#10147 = DIRECTION('',(0.57735026919,-0.57735026919,-0.57735026919));
#10148 = ORIENTED_EDGE('',*,*,#9573,.T.);
#10149 = ORIENTED_EDGE('',*,*,#10150,.T.);
#10150 = EDGE_CURVE('',#9566,#10151,#10153,.T.);
#10151 = VERTEX_POINT('',#10152);
#10152 = CARTESIAN_POINT('',(0.16,-4.92,-3.));
#10153 = LINE('',#10154,#10155);
#10154 = CARTESIAN_POINT('',(5.333333333333E-02,-5.026666666667,
    -3.106666666667));
#10155 = VECTOR('',#10156,1.);
#10156 = DIRECTION('',(-0.57735026919,-0.57735026919,-0.57735026919));
#10157 = ORIENTED_EDGE('',*,*,#10158,.F.);
#10158 = EDGE_CURVE('',#10142,#10151,#10159,.T.);
#10159 = LINE('',#10160,#10161);
#10160 = CARTESIAN_POINT('',(-0.32,-4.92,-3.));
#10161 = VECTOR('',#10162,1.);
#10162 = DIRECTION('',(1.,0.,0.));
#10163 = PLANE('',#10164);
#10164 = AXIS2_PLACEMENT_3D('',#10165,#10166,#10167);
#10165 = CARTESIAN_POINT('',(-0.32,-4.84,-2.92));
#10166 = DIRECTION('',(-1.735167508357E-18,-0.707106781187,
    0.707106781187));
#10167 = DIRECTION('',(-1.,1.226948711654E-18,-1.226948711654E-18));
#10168 = ADVANCED_FACE('',(#10169),#10187,.T.);
#10169 = FACE_BOUND('',#10170,.T.);
#10170 = EDGE_LOOP('',(#10171,#10179,#10180,#10181));
#10171 = ORIENTED_EDGE('',*,*,#10172,.F.);
#10172 = EDGE_CURVE('',#9597,#10173,#10175,.T.);
#10173 = VERTEX_POINT('',#10174);
#10174 = CARTESIAN_POINT('',(-0.16,-5.24,-3.));
#10175 = LINE('',#10176,#10177);
#10176 = CARTESIAN_POINT('',(-0.266666666667,-5.346666666667,
    -2.893333333333));
#10177 = VECTOR('',#10178,1.);
#10178 = DIRECTION('',(0.57735026919,0.57735026919,-0.57735026919));
#10179 = ORIENTED_EDGE('',*,*,#9604,.T.);
#10180 = ORIENTED_EDGE('',*,*,#10141,.T.);
#10181 = ORIENTED_EDGE('',*,*,#10182,.F.);
#10182 = EDGE_CURVE('',#10173,#10142,#10183,.T.);
#10183 = LINE('',#10184,#10185);
#10184 = CARTESIAN_POINT('',(-0.16,-5.4,-3.));
#10185 = VECTOR('',#10186,1.);
#10186 = DIRECTION('',(0.,1.,0.));
#10187 = PLANE('',#10188);
#10188 = AXIS2_PLACEMENT_3D('',#10189,#10190,#10191);
#10189 = CARTESIAN_POINT('',(-0.24,-5.4,-2.92));
#10190 = DIRECTION('',(-0.707106781187,-1.735167508357E-18,
    -0.707106781187));
#10191 = DIRECTION('',(-1.226948711654E-18,1.,-1.226948711654E-18));
#10192 = ADVANCED_FACE('',(#10193),#10211,.T.);
#10193 = FACE_BOUND('',#10194,.F.);
#10194 = EDGE_LOOP('',(#10195,#10196,#10197,#10205));
#10195 = ORIENTED_EDGE('',*,*,#10172,.F.);
#10196 = ORIENTED_EDGE('',*,*,#9628,.T.);
#10197 = ORIENTED_EDGE('',*,*,#10198,.T.);
#10198 = EDGE_CURVE('',#9621,#10199,#10201,.T.);
#10199 = VERTEX_POINT('',#10200);
#10200 = CARTESIAN_POINT('',(0.16,-5.24,-3.));
#10201 = LINE('',#10202,#10203);
#10202 = CARTESIAN_POINT('',(0.16,-5.24,-3.));
#10203 = VECTOR('',#10204,1.);
#10204 = DIRECTION('',(-0.57735026919,0.57735026919,-0.57735026919));
#10205 = ORIENTED_EDGE('',*,*,#10206,.F.);
#10206 = EDGE_CURVE('',#10173,#10199,#10207,.T.);
#10207 = LINE('',#10208,#10209);
#10208 = CARTESIAN_POINT('',(-0.32,-5.24,-3.));
#10209 = VECTOR('',#10210,1.);
#10210 = DIRECTION('',(1.,0.,0.));
#10211 = PLANE('',#10212);
#10212 = AXIS2_PLACEMENT_3D('',#10213,#10214,#10215);
#10213 = CARTESIAN_POINT('',(-0.32,-5.32,-2.92));
#10214 = DIRECTION('',(1.735167508357E-18,-0.707106781187,
    -0.707106781187));
#10215 = DIRECTION('',(-1.,-1.226948711654E-18,-1.226948711654E-18));
#10216 = ADVANCED_FACE('',(#10217),#10228,.F.);
#10217 = FACE_BOUND('',#10218,.F.);
#10218 = EDGE_LOOP('',(#10219,#10220,#10221,#10222));
#10219 = ORIENTED_EDGE('',*,*,#10198,.F.);
#10220 = ORIENTED_EDGE('',*,*,#9645,.T.);
#10221 = ORIENTED_EDGE('',*,*,#10150,.T.);
#10222 = ORIENTED_EDGE('',*,*,#10223,.F.);
#10223 = EDGE_CURVE('',#10199,#10151,#10224,.T.);
#10224 = LINE('',#10225,#10226);
#10225 = CARTESIAN_POINT('',(0.16,-5.4,-3.));
#10226 = VECTOR('',#10227,1.);
#10227 = DIRECTION('',(0.,1.,0.));
#10228 = PLANE('',#10229);
#10229 = AXIS2_PLACEMENT_3D('',#10230,#10231,#10232);
#10230 = CARTESIAN_POINT('',(0.24,-5.4,-2.92));
#10231 = DIRECTION('',(-0.707106781187,1.735167508357E-18,0.707106781187
    ));
#10232 = DIRECTION('',(1.226948711654E-18,1.,-1.226948711654E-18));
#10233 = ADVANCED_FACE('',(#10234),#10259,.T.);
#10234 = FACE_BOUND('',#10235,.T.);
#10235 = EDGE_LOOP('',(#10236,#10244,#10245,#10253));
#10236 = ORIENTED_EDGE('',*,*,#10237,.F.);
#10237 = EDGE_CURVE('',#9662,#10238,#10240,.T.);
#10238 = VERTEX_POINT('',#10239);
#10239 = CARTESIAN_POINT('',(0.16,-0.16,8.54));
#10240 = LINE('',#10241,#10242);
#10241 = CARTESIAN_POINT('',(0.16,-0.16,8.54));
#10242 = VECTOR('',#10243,1.);
#10243 = DIRECTION('',(-0.57735026919,0.57735026919,0.57735026919));
#10244 = ORIENTED_EDGE('',*,*,#9678,.T.);
#10245 = ORIENTED_EDGE('',*,*,#10246,.T.);
#10246 = EDGE_CURVE('',#9671,#10247,#10249,.T.);
#10247 = VERTEX_POINT('',#10248);
#10248 = CARTESIAN_POINT('',(0.16,0.16,8.54));
#10249 = LINE('',#10250,#10251);
#10250 = CARTESIAN_POINT('',(5.333333333333E-02,5.333333333333E-02,
    8.646666666667));
#10251 = VECTOR('',#10252,1.);
#10252 = DIRECTION('',(-0.57735026919,-0.57735026919,0.57735026919));
#10253 = ORIENTED_EDGE('',*,*,#10254,.F.);
#10254 = EDGE_CURVE('',#10238,#10247,#10255,.T.);
#10255 = LINE('',#10256,#10257);
#10256 = CARTESIAN_POINT('',(0.16,-0.32,8.54));
#10257 = VECTOR('',#10258,1.);
#10258 = DIRECTION('',(0.,1.,0.));
#10259 = PLANE('',#10260);
#10260 = AXIS2_PLACEMENT_3D('',#10261,#10262,#10263);
#10261 = CARTESIAN_POINT('',(0.24,-0.32,8.46));
#10262 = DIRECTION('',(0.707106781187,-1.735167508357E-18,0.707106781187
    ));
#10263 = DIRECTION('',(1.226948711654E-18,1.,1.226948711654E-18));
#10264 = ADVANCED_FACE('',(#10265),#10283,.T.);
#10265 = FACE_BOUND('',#10266,.F.);
#10266 = EDGE_LOOP('',(#10267,#10275,#10276,#10277));
#10267 = ORIENTED_EDGE('',*,*,#10268,.F.);
#10268 = EDGE_CURVE('',#9695,#10269,#10271,.T.);
#10269 = VERTEX_POINT('',#10270);
#10270 = CARTESIAN_POINT('',(-0.16,0.16,8.54));
#10271 = LINE('',#10272,#10273);
#10272 = CARTESIAN_POINT('',(-0.16,0.16,8.54));
#10273 = VECTOR('',#10274,1.);
#10274 = DIRECTION('',(0.57735026919,-0.57735026919,0.57735026919));
#10275 = ORIENTED_EDGE('',*,*,#9702,.T.);
#10276 = ORIENTED_EDGE('',*,*,#10246,.T.);
#10277 = ORIENTED_EDGE('',*,*,#10278,.F.);
#10278 = EDGE_CURVE('',#10269,#10247,#10279,.T.);
#10279 = LINE('',#10280,#10281);
#10280 = CARTESIAN_POINT('',(-0.32,0.16,8.54));
#10281 = VECTOR('',#10282,1.);
#10282 = DIRECTION('',(1.,0.,0.));
#10283 = PLANE('',#10284);
#10284 = AXIS2_PLACEMENT_3D('',#10285,#10286,#10287);
#10285 = CARTESIAN_POINT('',(-0.32,0.24,8.46));
#10286 = DIRECTION('',(1.735167508357E-18,0.707106781187,0.707106781187)
  );
#10287 = DIRECTION('',(-1.,1.226948711654E-18,1.226948711654E-18));
#10288 = ADVANCED_FACE('',(#10289),#10307,.F.);
#10289 = FACE_BOUND('',#10290,.F.);
#10290 = EDGE_LOOP('',(#10291,#10299,#10300,#10301));
#10291 = ORIENTED_EDGE('',*,*,#10292,.F.);
#10292 = EDGE_CURVE('',#9717,#10293,#10295,.T.);
#10293 = VERTEX_POINT('',#10294);
#10294 = CARTESIAN_POINT('',(-0.16,-0.16,8.54));
#10295 = LINE('',#10296,#10297);
#10296 = CARTESIAN_POINT('',(-0.266666666667,-0.266666666667,
    8.433333333333));
#10297 = VECTOR('',#10298,1.);
#10298 = DIRECTION('',(0.57735026919,0.57735026919,0.57735026919));
#10299 = ORIENTED_EDGE('',*,*,#9726,.T.);
#10300 = ORIENTED_EDGE('',*,*,#10268,.T.);
#10301 = ORIENTED_EDGE('',*,*,#10302,.F.);
#10302 = EDGE_CURVE('',#10293,#10269,#10303,.T.);
#10303 = LINE('',#10304,#10305);
#10304 = CARTESIAN_POINT('',(-0.16,-0.32,8.54));
#10305 = VECTOR('',#10306,1.);
#10306 = DIRECTION('',(0.,1.,0.));
#10307 = PLANE('',#10308);
#10308 = AXIS2_PLACEMENT_3D('',#10309,#10310,#10311);
#10309 = CARTESIAN_POINT('',(-0.24,-0.32,8.46));
#10310 = DIRECTION('',(0.707106781187,1.735167508357E-18,-0.707106781187
    ));
#10311 = DIRECTION('',(-1.226948711654E-18,1.,1.226948711654E-18));
#10312 = ADVANCED_FACE('',(#10313),#10324,.F.);
#10313 = FACE_BOUND('',#10314,.T.);
#10314 = EDGE_LOOP('',(#10315,#10316,#10317,#10318));
#10315 = ORIENTED_EDGE('',*,*,#10292,.F.);
#10316 = ORIENTED_EDGE('',*,*,#9743,.T.);
#10317 = ORIENTED_EDGE('',*,*,#10237,.T.);
#10318 = ORIENTED_EDGE('',*,*,#10319,.F.);
#10319 = EDGE_CURVE('',#10293,#10238,#10320,.T.);
#10320 = LINE('',#10321,#10322);
#10321 = CARTESIAN_POINT('',(-0.32,-0.16,8.54));
#10322 = VECTOR('',#10323,1.);
#10323 = DIRECTION('',(1.,0.,0.));
#10324 = PLANE('',#10325);
#10325 = AXIS2_PLACEMENT_3D('',#10326,#10327,#10328);
#10326 = CARTESIAN_POINT('',(-0.32,-0.24,8.46));
#10327 = DIRECTION('',(-1.735167508357E-18,0.707106781187,
    -0.707106781187));
#10328 = DIRECTION('',(-1.,-1.226948711654E-18,1.226948711654E-18));
#10329 = ADVANCED_FACE('',(#10330),#10355,.F.);
#10330 = FACE_BOUND('',#10331,.T.);
#10331 = EDGE_LOOP('',(#10332,#10340,#10341,#10349));
#10332 = ORIENTED_EDGE('',*,*,#10333,.F.);
#10333 = EDGE_CURVE('',#9767,#10334,#10336,.T.);
#10334 = VERTEX_POINT('',#10335);
#10335 = CARTESIAN_POINT('',(-0.16,-2.7,8.54));
#10336 = LINE('',#10337,#10338);
#10337 = CARTESIAN_POINT('',(-0.266666666667,-2.806666666667,
    8.433333333333));
#10338 = VECTOR('',#10339,1.);
#10339 = DIRECTION('',(0.57735026919,0.57735026919,0.57735026919));
#10340 = ORIENTED_EDGE('',*,*,#9774,.T.);
#10341 = ORIENTED_EDGE('',*,*,#10342,.T.);
#10342 = EDGE_CURVE('',#9758,#10343,#10345,.T.);
#10343 = VERTEX_POINT('',#10344);
#10344 = CARTESIAN_POINT('',(0.16,-2.7,8.54));
#10345 = LINE('',#10346,#10347);
#10346 = CARTESIAN_POINT('',(0.16,-2.7,8.54));
#10347 = VECTOR('',#10348,1.);
#10348 = DIRECTION('',(-0.57735026919,0.57735026919,0.57735026919));
#10349 = ORIENTED_EDGE('',*,*,#10350,.F.);
#10350 = EDGE_CURVE('',#10334,#10343,#10351,.T.);
#10351 = LINE('',#10352,#10353);
#10352 = CARTESIAN_POINT('',(-0.32,-2.7,8.54));
#10353 = VECTOR('',#10354,1.);
#10354 = DIRECTION('',(1.,0.,0.));
#10355 = PLANE('',#10356);
#10356 = AXIS2_PLACEMENT_3D('',#10357,#10358,#10359);
#10357 = CARTESIAN_POINT('',(-0.32,-2.78,8.46));
#10358 = DIRECTION('',(-1.735167508357E-18,0.707106781187,
    -0.707106781187));
#10359 = DIRECTION('',(-1.,-1.226948711654E-18,1.226948711654E-18));
#10360 = ADVANCED_FACE('',(#10361),#10379,.T.);
#10361 = FACE_BOUND('',#10362,.T.);
#10362 = EDGE_LOOP('',(#10363,#10364,#10365,#10373));
#10363 = ORIENTED_EDGE('',*,*,#10342,.F.);
#10364 = ORIENTED_EDGE('',*,*,#9798,.T.);
#10365 = ORIENTED_EDGE('',*,*,#10366,.T.);
#10366 = EDGE_CURVE('',#9791,#10367,#10369,.T.);
#10367 = VERTEX_POINT('',#10368);
#10368 = CARTESIAN_POINT('',(0.16,-2.38,8.54));
#10369 = LINE('',#10370,#10371);
#10370 = CARTESIAN_POINT('',(5.333333333333E-02,-2.486666666667,
    8.646666666667));
#10371 = VECTOR('',#10372,1.);
#10372 = DIRECTION('',(-0.57735026919,-0.57735026919,0.57735026919));
#10373 = ORIENTED_EDGE('',*,*,#10374,.F.);
#10374 = EDGE_CURVE('',#10343,#10367,#10375,.T.);
#10375 = LINE('',#10376,#10377);
#10376 = CARTESIAN_POINT('',(0.16,-2.86,8.54));
#10377 = VECTOR('',#10378,1.);
#10378 = DIRECTION('',(0.,1.,0.));
#10379 = PLANE('',#10380);
#10380 = AXIS2_PLACEMENT_3D('',#10381,#10382,#10383);
#10381 = CARTESIAN_POINT('',(0.24,-2.86,8.46));
#10382 = DIRECTION('',(0.707106781187,-1.735167508357E-18,0.707106781187
    ));
#10383 = DIRECTION('',(1.226948711654E-18,1.,1.226948711654E-18));
#10384 = ADVANCED_FACE('',(#10385),#10403,.T.);
#10385 = FACE_BOUND('',#10386,.F.);
#10386 = EDGE_LOOP('',(#10387,#10395,#10396,#10397));
#10387 = ORIENTED_EDGE('',*,*,#10388,.F.);
#10388 = EDGE_CURVE('',#9815,#10389,#10391,.T.);
#10389 = VERTEX_POINT('',#10390);
#10390 = CARTESIAN_POINT('',(-0.16,-2.38,8.54));
#10391 = LINE('',#10392,#10393);
#10392 = CARTESIAN_POINT('',(-0.16,-2.38,8.54));
#10393 = VECTOR('',#10394,1.);
#10394 = DIRECTION('',(0.57735026919,-0.57735026919,0.57735026919));
#10395 = ORIENTED_EDGE('',*,*,#9822,.T.);
#10396 = ORIENTED_EDGE('',*,*,#10366,.T.);
#10397 = ORIENTED_EDGE('',*,*,#10398,.F.);
#10398 = EDGE_CURVE('',#10389,#10367,#10399,.T.);
#10399 = LINE('',#10400,#10401);
#10400 = CARTESIAN_POINT('',(-0.32,-2.38,8.54));
#10401 = VECTOR('',#10402,1.);
#10402 = DIRECTION('',(1.,0.,0.));
#10403 = PLANE('',#10404);
#10404 = AXIS2_PLACEMENT_3D('',#10405,#10406,#10407);
#10405 = CARTESIAN_POINT('',(-0.32,-2.3,8.46));
#10406 = DIRECTION('',(1.735167508357E-18,0.707106781187,0.707106781187)
  );
#10407 = DIRECTION('',(-1.,1.226948711654E-18,1.226948711654E-18));
#10408 = ADVANCED_FACE('',(#10409),#10420,.F.);
#10409 = FACE_BOUND('',#10410,.F.);
#10410 = EDGE_LOOP('',(#10411,#10412,#10413,#10414));
#10411 = ORIENTED_EDGE('',*,*,#10333,.F.);
#10412 = ORIENTED_EDGE('',*,*,#9839,.T.);
#10413 = ORIENTED_EDGE('',*,*,#10388,.T.);
#10414 = ORIENTED_EDGE('',*,*,#10415,.F.);
#10415 = EDGE_CURVE('',#10334,#10389,#10416,.T.);
#10416 = LINE('',#10417,#10418);
#10417 = CARTESIAN_POINT('',(-0.16,-2.86,8.54));
#10418 = VECTOR('',#10419,1.);
#10419 = DIRECTION('',(0.,1.,0.));
#10420 = PLANE('',#10421);
#10421 = AXIS2_PLACEMENT_3D('',#10422,#10423,#10424);
#10422 = CARTESIAN_POINT('',(-0.24,-2.86,8.46));
#10423 = DIRECTION('',(0.707106781187,1.735167508357E-18,-0.707106781187
    ));
#10424 = DIRECTION('',(-1.226948711654E-18,1.,1.226948711654E-18));
#10425 = ADVANCED_FACE('',(#10426),#10451,.T.);
#10426 = FACE_BOUND('',#10427,.F.);
#10427 = EDGE_LOOP('',(#10428,#10436,#10437,#10445));
#10428 = ORIENTED_EDGE('',*,*,#10429,.F.);
#10429 = EDGE_CURVE('',#9863,#10430,#10432,.T.);
#10430 = VERTEX_POINT('',#10431);
#10431 = CARTESIAN_POINT('',(-0.16,-4.92,8.54));
#10432 = LINE('',#10433,#10434);
#10433 = CARTESIAN_POINT('',(-0.16,-4.92,8.54));
#10434 = VECTOR('',#10435,1.);
#10435 = DIRECTION('',(0.57735026919,-0.57735026919,0.57735026919));
#10436 = ORIENTED_EDGE('',*,*,#9870,.T.);
#10437 = ORIENTED_EDGE('',*,*,#10438,.T.);
#10438 = EDGE_CURVE('',#9854,#10439,#10441,.T.);
#10439 = VERTEX_POINT('',#10440);
#10440 = CARTESIAN_POINT('',(0.16,-4.92,8.54));
#10441 = LINE('',#10442,#10443);
#10442 = CARTESIAN_POINT('',(5.333333333333E-02,-5.026666666667,
    8.646666666667));
#10443 = VECTOR('',#10444,1.);
#10444 = DIRECTION('',(-0.57735026919,-0.57735026919,0.57735026919));
#10445 = ORIENTED_EDGE('',*,*,#10446,.F.);
#10446 = EDGE_CURVE('',#10430,#10439,#10447,.T.);
#10447 = LINE('',#10448,#10449);
#10448 = CARTESIAN_POINT('',(-0.32,-4.92,8.54));
#10449 = VECTOR('',#10450,1.);
#10450 = DIRECTION('',(1.,0.,0.));
#10451 = PLANE('',#10452);
#10452 = AXIS2_PLACEMENT_3D('',#10453,#10454,#10455);
#10453 = CARTESIAN_POINT('',(-0.32,-4.84,8.46));
#10454 = DIRECTION('',(1.735167508357E-18,0.707106781187,0.707106781187)
  );
#10455 = DIRECTION('',(-1.,1.226948711654E-18,1.226948711654E-18));
#10456 = ADVANCED_FACE('',(#10457),#10475,.F.);
#10457 = FACE_BOUND('',#10458,.F.);
#10458 = EDGE_LOOP('',(#10459,#10467,#10468,#10469));
#10459 = ORIENTED_EDGE('',*,*,#10460,.F.);
#10460 = EDGE_CURVE('',#9885,#10461,#10463,.T.);
#10461 = VERTEX_POINT('',#10462);
#10462 = CARTESIAN_POINT('',(-0.16,-5.24,8.54));
#10463 = LINE('',#10464,#10465);
#10464 = CARTESIAN_POINT('',(-0.266666666667,-5.346666666667,
    8.433333333333));
#10465 = VECTOR('',#10466,1.);
#10466 = DIRECTION('',(0.57735026919,0.57735026919,0.57735026919));
#10467 = ORIENTED_EDGE('',*,*,#9894,.T.);
#10468 = ORIENTED_EDGE('',*,*,#10429,.T.);
#10469 = ORIENTED_EDGE('',*,*,#10470,.F.);
#10470 = EDGE_CURVE('',#10461,#10430,#10471,.T.);
#10471 = LINE('',#10472,#10473);
#10472 = CARTESIAN_POINT('',(-0.16,-5.4,8.54));
#10473 = VECTOR('',#10474,1.);
#10474 = DIRECTION('',(0.,1.,0.));
#10475 = PLANE('',#10476);
#10476 = AXIS2_PLACEMENT_3D('',#10477,#10478,#10479);
#10477 = CARTESIAN_POINT('',(-0.24,-5.4,8.46));
#10478 = DIRECTION('',(0.707106781187,1.735167508357E-18,-0.707106781187
    ));
#10479 = DIRECTION('',(-1.226948711654E-18,1.,1.226948711654E-18));
#10480 = ADVANCED_FACE('',(#10481),#10499,.F.);
#10481 = FACE_BOUND('',#10482,.T.);
#10482 = EDGE_LOOP('',(#10483,#10484,#10485,#10493));
#10483 = ORIENTED_EDGE('',*,*,#10460,.F.);
#10484 = ORIENTED_EDGE('',*,*,#9918,.T.);
#10485 = ORIENTED_EDGE('',*,*,#10486,.T.);
#10486 = EDGE_CURVE('',#9909,#10487,#10489,.T.);
#10487 = VERTEX_POINT('',#10488);
#10488 = CARTESIAN_POINT('',(0.16,-5.24,8.54));
#10489 = LINE('',#10490,#10491);
#10490 = CARTESIAN_POINT('',(0.16,-5.24,8.54));
#10491 = VECTOR('',#10492,1.);
#10492 = DIRECTION('',(-0.57735026919,0.57735026919,0.57735026919));
#10493 = ORIENTED_EDGE('',*,*,#10494,.F.);
#10494 = EDGE_CURVE('',#10461,#10487,#10495,.T.);
#10495 = LINE('',#10496,#10497);
#10496 = CARTESIAN_POINT('',(-0.32,-5.24,8.54));
#10497 = VECTOR('',#10498,1.);
#10498 = DIRECTION('',(1.,0.,0.));
#10499 = PLANE('',#10500);
#10500 = AXIS2_PLACEMENT_3D('',#10501,#10502,#10503);
#10501 = CARTESIAN_POINT('',(-0.32,-5.32,8.46));
#10502 = DIRECTION('',(-1.735167508357E-18,0.707106781187,
    -0.707106781187));
#10503 = DIRECTION('',(-1.,-1.226948711654E-18,1.226948711654E-18));
#10504 = ADVANCED_FACE('',(#10505),#10516,.T.);
#10505 = FACE_BOUND('',#10506,.T.);
#10506 = EDGE_LOOP('',(#10507,#10508,#10509,#10510));
#10507 = ORIENTED_EDGE('',*,*,#10486,.F.);
#10508 = ORIENTED_EDGE('',*,*,#9935,.T.);
#10509 = ORIENTED_EDGE('',*,*,#10438,.T.);
#10510 = ORIENTED_EDGE('',*,*,#10511,.F.);
#10511 = EDGE_CURVE('',#10487,#10439,#10512,.T.);
#10512 = LINE('',#10513,#10514);
#10513 = CARTESIAN_POINT('',(0.16,-5.4,8.54));
#10514 = VECTOR('',#10515,1.);
#10515 = DIRECTION('',(0.,1.,0.));
#10516 = PLANE('',#10517);
#10517 = AXIS2_PLACEMENT_3D('',#10518,#10519,#10520);
#10518 = CARTESIAN_POINT('',(0.24,-5.4,8.46));
#10519 = DIRECTION('',(0.707106781187,-1.735167508357E-18,0.707106781187
    ));
#10520 = DIRECTION('',(1.226948711654E-18,1.,1.226948711654E-18));
#10521 = ADVANCED_FACE('',(#10522),#10528,.F.);
#10522 = FACE_BOUND('',#10523,.F.);
#10523 = EDGE_LOOP('',(#10524,#10525,#10526,#10527));
#10524 = ORIENTED_EDGE('',*,*,#9990,.F.);
#10525 = ORIENTED_EDGE('',*,*,#10014,.F.);
#10526 = ORIENTED_EDGE('',*,*,#10031,.T.);
#10527 = ORIENTED_EDGE('',*,*,#9966,.T.);
#10528 = PLANE('',#10529);
#10529 = AXIS2_PLACEMENT_3D('',#10530,#10531,#10532);
#10530 = CARTESIAN_POINT('',(-0.32,-0.32,-3.));
#10531 = DIRECTION('',(0.,0.,1.));
#10532 = DIRECTION('',(1.,0.,-0.));
#10533 = ADVANCED_FACE('',(#10534),#10540,.F.);
#10534 = FACE_BOUND('',#10535,.F.);
#10535 = EDGE_LOOP('',(#10536,#10537,#10538,#10539));
#10536 = ORIENTED_EDGE('',*,*,#10110,.F.);
#10537 = ORIENTED_EDGE('',*,*,#10127,.F.);
#10538 = ORIENTED_EDGE('',*,*,#10062,.T.);
#10539 = ORIENTED_EDGE('',*,*,#10086,.T.);
#10540 = PLANE('',#10541);
#10541 = AXIS2_PLACEMENT_3D('',#10542,#10543,#10544);
#10542 = CARTESIAN_POINT('',(-0.32,-2.86,-3.));
#10543 = DIRECTION('',(0.,0.,1.));
#10544 = DIRECTION('',(1.,0.,-0.));
#10545 = ADVANCED_FACE('',(#10546),#10552,.F.);
#10546 = FACE_BOUND('',#10547,.F.);
#10547 = EDGE_LOOP('',(#10548,#10549,#10550,#10551));
#10548 = ORIENTED_EDGE('',*,*,#10158,.F.);
#10549 = ORIENTED_EDGE('',*,*,#10182,.F.);
#10550 = ORIENTED_EDGE('',*,*,#10206,.T.);
#10551 = ORIENTED_EDGE('',*,*,#10223,.T.);
#10552 = PLANE('',#10553);
#10553 = AXIS2_PLACEMENT_3D('',#10554,#10555,#10556);
#10554 = CARTESIAN_POINT('',(-0.32,-5.4,-3.));
#10555 = DIRECTION('',(0.,0.,1.));
#10556 = DIRECTION('',(1.,0.,-0.));
#10557 = ADVANCED_FACE('',(#10558),#10564,.T.);
#10558 = FACE_BOUND('',#10559,.T.);
#10559 = EDGE_LOOP('',(#10560,#10561,#10562,#10563));
#10560 = ORIENTED_EDGE('',*,*,#10319,.T.);
#10561 = ORIENTED_EDGE('',*,*,#10254,.T.);
#10562 = ORIENTED_EDGE('',*,*,#10278,.F.);
#10563 = ORIENTED_EDGE('',*,*,#10302,.F.);
#10564 = PLANE('',#10565);
#10565 = AXIS2_PLACEMENT_3D('',#10566,#10567,#10568);
#10566 = CARTESIAN_POINT('',(-0.32,-0.32,8.54));
#10567 = DIRECTION('',(0.,0.,1.));
#10568 = DIRECTION('',(1.,0.,-0.));
#10569 = ADVANCED_FACE('',(#10570),#10576,.T.);
#10570 = FACE_BOUND('',#10571,.T.);
#10571 = EDGE_LOOP('',(#10572,#10573,#10574,#10575));
#10572 = ORIENTED_EDGE('',*,*,#10350,.T.);
#10573 = ORIENTED_EDGE('',*,*,#10374,.T.);
#10574 = ORIENTED_EDGE('',*,*,#10398,.F.);
#10575 = ORIENTED_EDGE('',*,*,#10415,.F.);
#10576 = PLANE('',#10577);
#10577 = AXIS2_PLACEMENT_3D('',#10578,#10579,#10580);
#10578 = CARTESIAN_POINT('',(-0.32,-2.86,8.54));
#10579 = DIRECTION('',(0.,0.,1.));
#10580 = DIRECTION('',(1.,0.,-0.));
#10581 = ADVANCED_FACE('',(#10582),#10588,.T.);
#10582 = FACE_BOUND('',#10583,.T.);
#10583 = EDGE_LOOP('',(#10584,#10585,#10586,#10587));
#10584 = ORIENTED_EDGE('',*,*,#10494,.T.);
#10585 = ORIENTED_EDGE('',*,*,#10511,.T.);
#10586 = ORIENTED_EDGE('',*,*,#10446,.F.);
#10587 = ORIENTED_EDGE('',*,*,#10470,.F.);
#10588 = PLANE('',#10589);
#10589 = AXIS2_PLACEMENT_3D('',#10590,#10591,#10592);
#10590 = CARTESIAN_POINT('',(-0.32,-5.4,8.54));
#10591 = DIRECTION('',(0.,0.,1.));
#10592 = DIRECTION('',(1.,0.,-0.));
#10593 = ( GEOMETRIC_REPRESENTATION_CONTEXT(3) 
GLOBAL_UNCERTAINTY_ASSIGNED_CONTEXT((#10597)) 
GLOBAL_UNIT_ASSIGNED_CONTEXT((#10594,#10595,#10596)) 
REPRESENTATION_CONTEXT('Context #1',
  '3D Context with UNIT and UNCERTAINTY') );
#10594 = ( LENGTH_UNIT() NAMED_UNIT(*) SI_UNIT(.MILLI.,.METRE.) );
#10595 = ( NAMED_UNIT(*) PLANE_ANGLE_UNIT() SI_UNIT($,.RADIAN.) );
#10596 = ( NAMED_UNIT(*) SI_UNIT($,.STERADIAN.) SOLID_ANGLE_UNIT() );
#10597 = UNCERTAINTY_MEASURE_WITH_UNIT(LENGTH_MEASURE(1.E-07),#10594,
  'distance_accuracy_value','confusion accuracy');
#10598 = CONTEXT_DEPENDENT_SHAPE_REPRESENTATION(#10599,#10601);
#10599 = ( REPRESENTATION_RELATIONSHIP('','',#8486,#10) 
REPRESENTATION_RELATIONSHIP_WITH_TRANSFORMATION(#10600) 
SHAPE_REPRESENTATION_RELATIONSHIP() );
#10600 = ITEM_DEFINED_TRANSFORMATION('','',#11,#31);
#10601 = PRODUCT_DEFINITION_SHAPE('Placement','Placement of an item',
  #10602);
#10602 = NEXT_ASSEMBLY_USAGE_OCCURRENCE('5','J7','',#5,#8481,$);
#10603 = PRODUCT_RELATED_PRODUCT_CATEGORY('part',$,(#8483));
#10604 = SHAPE_DEFINITION_REPRESENTATION(#10605,#10611);
#10605 = PRODUCT_DEFINITION_SHAPE('','',#10606);
#10606 = PRODUCT_DEFINITION('design','',#10607,#10610);
#10607 = PRODUCT_DEFINITION_FORMATION('','',#10608);
#10608 = PRODUCT('mod_Steuerkreis_ESP32_PCB','mod_Steuerkreis_ESP32_PCB'
  ,'',(#10609));
#10609 = PRODUCT_CONTEXT('',#2,'mechanical');
#10610 = PRODUCT_DEFINITION_CONTEXT('part definition',#2,'design');
#10611 = ADVANCED_BREP_SHAPE_REPRESENTATION('',(#11,#10612),#12205);
#10612 = MANIFOLD_SOLID_BREP('',#10613);
#10613 = CLOSED_SHELL('',(#10614,#10654,#10685,#10716,#11140,#11564,
    #11576,#11593,#11610,#11627,#11644,#11661,#11678,#11695,#11712,
    #11729,#11746,#11763,#11780,#11797,#11814,#11831,#11848,#11865,
    #11882,#11899,#11916,#11933,#11950,#11967,#11984,#12001,#12018,
    #12035,#12052,#12069,#12086,#12103,#12120,#12137,#12154,#12171,
    #12188));
#10614 = ADVANCED_FACE('',(#10615),#10649,.T.);
#10615 = FACE_BOUND('',#10616,.T.);
#10616 = EDGE_LOOP('',(#10617,#10627,#10635,#10643));
#10617 = ORIENTED_EDGE('',*,*,#10618,.T.);
#10618 = EDGE_CURVE('',#10619,#10621,#10623,.T.);
#10619 = VERTEX_POINT('',#10620);
#10620 = CARTESIAN_POINT('',(130.6,-75.5,0.));
#10621 = VERTEX_POINT('',#10622);
#10622 = CARTESIAN_POINT('',(130.6,-75.5,1.51));
#10623 = LINE('',#10624,#10625);
#10624 = CARTESIAN_POINT('',(130.6,-75.5,0.));
#10625 = VECTOR('',#10626,1.);
#10626 = DIRECTION('',(0.,0.,1.));
#10627 = ORIENTED_EDGE('',*,*,#10628,.T.);
#10628 = EDGE_CURVE('',#10621,#10629,#10631,.T.);
#10629 = VERTEX_POINT('',#10630);
#10630 = CARTESIAN_POINT('',(99.6,-75.5,1.51));
#10631 = LINE('',#10632,#10633);
#10632 = CARTESIAN_POINT('',(130.6,-75.5,1.51));
#10633 = VECTOR('',#10634,1.);
#10634 = DIRECTION('',(-1.,0.,0.));
#10635 = ORIENTED_EDGE('',*,*,#10636,.F.);
#10636 = EDGE_CURVE('',#10637,#10629,#10639,.T.);
#10637 = VERTEX_POINT('',#10638);
#10638 = CARTESIAN_POINT('',(99.6,-75.5,0.));
#10639 = LINE('',#10640,#10641);
#10640 = CARTESIAN_POINT('',(99.6,-75.5,0.));
#10641 = VECTOR('',#10642,1.);
#10642 = DIRECTION('',(0.,0.,1.));
#10643 = ORIENTED_EDGE('',*,*,#10644,.F.);
#10644 = EDGE_CURVE('',#10619,#10637,#10645,.T.);
#10645 = LINE('',#10646,#10647);
#10646 = CARTESIAN_POINT('',(130.6,-75.5,0.));
#10647 = VECTOR('',#10648,1.);
#10648 = DIRECTION('',(-1.,0.,0.));
#10649 = PLANE('',#10650);
#10650 = AXIS2_PLACEMENT_3D('',#10651,#10652,#10653);
#10651 = CARTESIAN_POINT('',(130.6,-75.5,0.));
#10652 = DIRECTION('',(0.,-1.,0.));
#10653 = DIRECTION('',(-1.,0.,0.));
#10654 = ADVANCED_FACE('',(#10655),#10680,.T.);
#10655 = FACE_BOUND('',#10656,.T.);
#10656 = EDGE_LOOP('',(#10657,#10667,#10673,#10674));
#10657 = ORIENTED_EDGE('',*,*,#10658,.T.);
#10658 = EDGE_CURVE('',#10659,#10661,#10663,.T.);
#10659 = VERTEX_POINT('',#10660);
#10660 = CARTESIAN_POINT('',(130.6,-39.5,0.));
#10661 = VERTEX_POINT('',#10662);
#10662 = CARTESIAN_POINT('',(130.6,-39.5,1.51));
#10663 = LINE('',#10664,#10665);
#10664 = CARTESIAN_POINT('',(130.6,-39.5,0.));
#10665 = VECTOR('',#10666,1.);
#10666 = DIRECTION('',(0.,0.,1.));
#10667 = ORIENTED_EDGE('',*,*,#10668,.T.);
#10668 = EDGE_CURVE('',#10661,#10621,#10669,.T.);
#10669 = LINE('',#10670,#10671);
#10670 = CARTESIAN_POINT('',(130.6,-39.5,1.51));
#10671 = VECTOR('',#10672,1.);
#10672 = DIRECTION('',(0.,-1.,0.));
#10673 = ORIENTED_EDGE('',*,*,#10618,.F.);
#10674 = ORIENTED_EDGE('',*,*,#10675,.F.);
#10675 = EDGE_CURVE('',#10659,#10619,#10676,.T.);
#10676 = LINE('',#10677,#10678);
#10677 = CARTESIAN_POINT('',(130.6,-39.5,0.));
#10678 = VECTOR('',#10679,1.);
#10679 = DIRECTION('',(0.,-1.,0.));
#10680 = PLANE('',#10681);
#10681 = AXIS2_PLACEMENT_3D('',#10682,#10683,#10684);
#10682 = CARTESIAN_POINT('',(130.6,-39.5,0.));
#10683 = DIRECTION('',(1.,0.,-0.));
#10684 = DIRECTION('',(0.,-1.,0.));
#10685 = ADVANCED_FACE('',(#10686),#10711,.T.);
#10686 = FACE_BOUND('',#10687,.T.);
#10687 = EDGE_LOOP('',(#10688,#10689,#10697,#10705));
#10688 = ORIENTED_EDGE('',*,*,#10636,.T.);
#10689 = ORIENTED_EDGE('',*,*,#10690,.T.);
#10690 = EDGE_CURVE('',#10629,#10691,#10693,.T.);
#10691 = VERTEX_POINT('',#10692);
#10692 = CARTESIAN_POINT('',(99.6,-39.5,1.51));
#10693 = LINE('',#10694,#10695);
#10694 = CARTESIAN_POINT('',(99.6,-75.5,1.51));
#10695 = VECTOR('',#10696,1.);
#10696 = DIRECTION('',(0.,1.,0.));
#10697 = ORIENTED_EDGE('',*,*,#10698,.F.);
#10698 = EDGE_CURVE('',#10699,#10691,#10701,.T.);
#10699 = VERTEX_POINT('',#10700);
#10700 = CARTESIAN_POINT('',(99.6,-39.5,0.));
#10701 = LINE('',#10702,#10703);
#10702 = CARTESIAN_POINT('',(99.6,-39.5,0.));
#10703 = VECTOR('',#10704,1.);
#10704 = DIRECTION('',(0.,0.,1.));
#10705 = ORIENTED_EDGE('',*,*,#10706,.F.);
#10706 = EDGE_CURVE('',#10637,#10699,#10707,.T.);
#10707 = LINE('',#10708,#10709);
#10708 = CARTESIAN_POINT('',(99.6,-75.5,0.));
#10709 = VECTOR('',#10710,1.);
#10710 = DIRECTION('',(0.,1.,0.));
#10711 = PLANE('',#10712);
#10712 = AXIS2_PLACEMENT_3D('',#10713,#10714,#10715);
#10713 = CARTESIAN_POINT('',(99.6,-75.5,0.));
#10714 = DIRECTION('',(-1.,0.,0.));
#10715 = DIRECTION('',(0.,1.,0.));
#10716 = ADVANCED_FACE('',(#10717,#10728,#10739,#10750,#10761,#10772,
    #10783,#10794,#10805,#10816,#10827,#10838,#10849,#10860,#10871,
    #10882,#10893,#10904,#10915,#10926,#10937,#10948,#10959,#10970,
    #10981,#10992,#11003,#11014,#11025,#11036,#11047,#11058,#11069,
    #11080,#11091,#11102,#11113,#11124),#11135,.F.);
#10717 = FACE_BOUND('',#10718,.F.);
#10718 = EDGE_LOOP('',(#10719,#10720,#10721,#10727));
#10719 = ORIENTED_EDGE('',*,*,#10644,.F.);
#10720 = ORIENTED_EDGE('',*,*,#10675,.F.);
#10721 = ORIENTED_EDGE('',*,*,#10722,.F.);
#10722 = EDGE_CURVE('',#10699,#10659,#10723,.T.);
#10723 = LINE('',#10724,#10725);
#10724 = CARTESIAN_POINT('',(99.6,-39.5,0.));
#10725 = VECTOR('',#10726,1.);
#10726 = DIRECTION('',(1.,0.,0.));
#10727 = ORIENTED_EDGE('',*,*,#10706,.F.);
#10728 = FACE_BOUND('',#10729,.F.);
#10729 = EDGE_LOOP('',(#10730));
#10730 = ORIENTED_EDGE('',*,*,#10731,.T.);
#10731 = EDGE_CURVE('',#10732,#10732,#10734,.T.);
#10732 = VERTEX_POINT('',#10733);
#10733 = CARTESIAN_POINT('',(102.6,-72.425,0.));
#10734 = CIRCLE('',#10735,0.425);
#10735 = AXIS2_PLACEMENT_3D('',#10736,#10737,#10738);
#10736 = CARTESIAN_POINT('',(102.6,-72.,0.));
#10737 = DIRECTION('',(-0.,0.,-1.));
#10738 = DIRECTION('',(-0.,-1.,0.));
#10739 = FACE_BOUND('',#10740,.F.);
#10740 = EDGE_LOOP('',(#10741));
#10741 = ORIENTED_EDGE('',*,*,#10742,.T.);
#10742 = EDGE_CURVE('',#10743,#10743,#10745,.T.);
#10743 = VERTEX_POINT('',#10744);
#10744 = CARTESIAN_POINT('',(106.1,-72.425,0.));
#10745 = CIRCLE('',#10746,0.425);
#10746 = AXIS2_PLACEMENT_3D('',#10747,#10748,#10749);
#10747 = CARTESIAN_POINT('',(106.1,-72.,0.));
#10748 = DIRECTION('',(-0.,0.,-1.));
#10749 = DIRECTION('',(-0.,-1.,0.));
#10750 = FACE_BOUND('',#10751,.F.);
#10751 = EDGE_LOOP('',(#10752));
#10752 = ORIENTED_EDGE('',*,*,#10753,.T.);
#10753 = EDGE_CURVE('',#10754,#10754,#10756,.T.);
#10754 = VERTEX_POINT('',#10755);
#10755 = CARTESIAN_POINT('',(102.8,-69.7,0.));
#10756 = CIRCLE('',#10757,1.6);
#10757 = AXIS2_PLACEMENT_3D('',#10758,#10759,#10760);
#10758 = CARTESIAN_POINT('',(102.8,-68.1,0.));
#10759 = DIRECTION('',(-0.,0.,-1.));
#10760 = DIRECTION('',(-8.881784197001E-15,-1.,0.));
#10761 = FACE_BOUND('',#10762,.F.);
#10762 = EDGE_LOOP('',(#10763));
#10763 = ORIENTED_EDGE('',*,*,#10764,.T.);
#10764 = EDGE_CURVE('',#10765,#10765,#10767,.T.);
#10765 = VERTEX_POINT('',#10766);
#10766 = CARTESIAN_POINT('',(109.6,-72.425,0.));
#10767 = CIRCLE('',#10768,0.425);
#10768 = AXIS2_PLACEMENT_3D('',#10769,#10770,#10771);
#10769 = CARTESIAN_POINT('',(109.6,-72.,0.));
#10770 = DIRECTION('',(-0.,0.,-1.));
#10771 = DIRECTION('',(-0.,-1.,0.));
#10772 = FACE_BOUND('',#10773,.F.);
#10773 = EDGE_LOOP('',(#10774));
#10774 = ORIENTED_EDGE('',*,*,#10775,.T.);
#10775 = EDGE_CURVE('',#10776,#10776,#10778,.T.);
#10776 = VERTEX_POINT('',#10777);
#10777 = CARTESIAN_POINT('',(113.2,-72.425,0.));
#10778 = CIRCLE('',#10779,0.425);
#10779 = AXIS2_PLACEMENT_3D('',#10780,#10781,#10782);
#10780 = CARTESIAN_POINT('',(113.2,-72.,0.));
#10781 = DIRECTION('',(-0.,0.,-1.));
#10782 = DIRECTION('',(-0.,-1.,0.));
#10783 = FACE_BOUND('',#10784,.F.);
#10784 = EDGE_LOOP('',(#10785));
#10785 = ORIENTED_EDGE('',*,*,#10786,.T.);
#10786 = EDGE_CURVE('',#10787,#10787,#10789,.T.);
#10787 = VERTEX_POINT('',#10788);
#10788 = CARTESIAN_POINT('',(103.2,-64.68,0.));
#10789 = CIRCLE('',#10790,0.5);
#10790 = AXIS2_PLACEMENT_3D('',#10791,#10792,#10793);
#10791 = CARTESIAN_POINT('',(103.2,-64.18,0.));
#10792 = DIRECTION('',(-0.,0.,-1.));
#10793 = DIRECTION('',(-0.,-1.,0.));
#10794 = FACE_BOUND('',#10795,.F.);
#10795 = EDGE_LOOP('',(#10796));
#10796 = ORIENTED_EDGE('',*,*,#10797,.T.);
#10797 = EDGE_CURVE('',#10798,#10798,#10800,.T.);
#10798 = VERTEX_POINT('',#10799);
#10799 = CARTESIAN_POINT('',(103.2,-62.14,0.));
#10800 = CIRCLE('',#10801,0.5);
#10801 = AXIS2_PLACEMENT_3D('',#10802,#10803,#10804);
#10802 = CARTESIAN_POINT('',(103.2,-61.64,0.));
#10803 = DIRECTION('',(-0.,0.,-1.));
#10804 = DIRECTION('',(-0.,-1.,0.));
#10805 = FACE_BOUND('',#10806,.F.);
#10806 = EDGE_LOOP('',(#10807));
#10807 = ORIENTED_EDGE('',*,*,#10808,.T.);
#10808 = EDGE_CURVE('',#10809,#10809,#10811,.T.);
#10809 = VERTEX_POINT('',#10810);
#10810 = CARTESIAN_POINT('',(107.46,-62.06,0.));
#10811 = CIRCLE('',#10812,0.42);
#10812 = AXIS2_PLACEMENT_3D('',#10813,#10814,#10815);
#10813 = CARTESIAN_POINT('',(107.46,-61.64,0.));
#10814 = DIRECTION('',(-0.,0.,-1.));
#10815 = DIRECTION('',(-3.383536836953E-14,-1.,0.));
#10816 = FACE_BOUND('',#10817,.F.);
#10817 = EDGE_LOOP('',(#10818));
#10818 = ORIENTED_EDGE('',*,*,#10819,.T.);
#10819 = EDGE_CURVE('',#10820,#10820,#10822,.T.);
#10820 = VERTEX_POINT('',#10821);
#10821 = CARTESIAN_POINT('',(103.2,-59.6,0.));
#10822 = CIRCLE('',#10823,0.5);
#10823 = AXIS2_PLACEMENT_3D('',#10824,#10825,#10826);
#10824 = CARTESIAN_POINT('',(103.2,-59.1,0.));
#10825 = DIRECTION('',(-0.,0.,-1.));
#10826 = DIRECTION('',(-0.,-1.,0.));
#10827 = FACE_BOUND('',#10828,.F.);
#10828 = EDGE_LOOP('',(#10829));
#10829 = ORIENTED_EDGE('',*,*,#10830,.T.);
#10830 = EDGE_CURVE('',#10831,#10831,#10833,.T.);
#10831 = VERTEX_POINT('',#10832);
#10832 = CARTESIAN_POINT('',(107.46,-59.52,0.));
#10833 = CIRCLE('',#10834,0.42);
#10834 = AXIS2_PLACEMENT_3D('',#10835,#10836,#10837);
#10835 = CARTESIAN_POINT('',(107.46,-59.1,0.));
#10836 = DIRECTION('',(-0.,0.,-1.));
#10837 = DIRECTION('',(-3.383536836953E-14,-1.,0.));
#10838 = FACE_BOUND('',#10839,.F.);
#10839 = EDGE_LOOP('',(#10840));
#10840 = ORIENTED_EDGE('',*,*,#10841,.T.);
#10841 = EDGE_CURVE('',#10842,#10842,#10844,.T.);
#10842 = VERTEX_POINT('',#10843);
#10843 = CARTESIAN_POINT('',(116.6,-72.425,0.));
#10844 = CIRCLE('',#10845,0.425);
#10845 = AXIS2_PLACEMENT_3D('',#10846,#10847,#10848);
#10846 = CARTESIAN_POINT('',(116.6,-72.,0.));
#10847 = DIRECTION('',(-0.,0.,-1.));
#10848 = DIRECTION('',(-0.,-1.,0.));
#10849 = FACE_BOUND('',#10850,.F.);
#10850 = EDGE_LOOP('',(#10851));
#10851 = ORIENTED_EDGE('',*,*,#10852,.T.);
#10852 = EDGE_CURVE('',#10853,#10853,#10855,.T.);
#10853 = VERTEX_POINT('',#10854);
#10854 = CARTESIAN_POINT('',(122.7,-62.06,0.));
#10855 = CIRCLE('',#10856,0.42);
#10856 = AXIS2_PLACEMENT_3D('',#10857,#10858,#10859);
#10857 = CARTESIAN_POINT('',(122.7,-61.64,0.));
#10858 = DIRECTION('',(-0.,0.,-1.));
#10859 = DIRECTION('',(-0.,-1.,0.));
#10860 = FACE_BOUND('',#10861,.F.);
#10861 = EDGE_LOOP('',(#10862));
#10862 = ORIENTED_EDGE('',*,*,#10863,.T.);
#10863 = EDGE_CURVE('',#10864,#10864,#10866,.T.);
#10864 = VERTEX_POINT('',#10865);
#10865 = CARTESIAN_POINT('',(122.7,-59.52,0.));
#10866 = CIRCLE('',#10867,0.42);
#10867 = AXIS2_PLACEMENT_3D('',#10868,#10869,#10870);
#10868 = CARTESIAN_POINT('',(122.7,-59.1,0.));
#10869 = DIRECTION('',(-0.,0.,-1.));
#10870 = DIRECTION('',(-0.,-1.,0.));
#10871 = FACE_BOUND('',#10872,.F.);
#10872 = EDGE_LOOP('',(#10873));
#10873 = ORIENTED_EDGE('',*,*,#10874,.T.);
#10874 = EDGE_CURVE('',#10875,#10875,#10877,.T.);
#10875 = VERTEX_POINT('',#10876);
#10876 = CARTESIAN_POINT('',(127.,-60.35,0.));
#10877 = CIRCLE('',#10878,0.5);
#10878 = AXIS2_PLACEMENT_3D('',#10879,#10880,#10881);
#10879 = CARTESIAN_POINT('',(127.,-59.85,0.));
#10880 = DIRECTION('',(-0.,0.,-1.));
#10881 = DIRECTION('',(-0.,-1.,0.));
#10882 = FACE_BOUND('',#10883,.F.);
#10883 = EDGE_LOOP('',(#10884));
#10884 = ORIENTED_EDGE('',*,*,#10885,.T.);
#10885 = EDGE_CURVE('',#10886,#10886,#10888,.T.);
#10886 = VERTEX_POINT('',#10887);
#10887 = CARTESIAN_POINT('',(127.,-57.81,0.));
#10888 = CIRCLE('',#10889,0.5);
#10889 = AXIS2_PLACEMENT_3D('',#10890,#10891,#10892);
#10890 = CARTESIAN_POINT('',(127.,-57.31,0.));
#10891 = DIRECTION('',(-0.,0.,-1.));
#10892 = DIRECTION('',(-0.,-1.,0.));
#10893 = FACE_BOUND('',#10894,.F.);
#10894 = EDGE_LOOP('',(#10895));
#10895 = ORIENTED_EDGE('',*,*,#10896,.T.);
#10896 = EDGE_CURVE('',#10897,#10897,#10899,.T.);
#10897 = VERTEX_POINT('',#10898);
#10898 = CARTESIAN_POINT('',(103.1,-54.52,0.));
#10899 = CIRCLE('',#10900,0.5);
#10900 = AXIS2_PLACEMENT_3D('',#10901,#10902,#10903);
#10901 = CARTESIAN_POINT('',(103.1,-54.02,0.));
#10902 = DIRECTION('',(-0.,0.,-1.));
#10903 = DIRECTION('',(-0.,-1.,0.));
#10904 = FACE_BOUND('',#10905,.F.);
#10905 = EDGE_LOOP('',(#10906));
#10906 = ORIENTED_EDGE('',*,*,#10907,.T.);
#10907 = EDGE_CURVE('',#10908,#10908,#10910,.T.);
#10908 = VERTEX_POINT('',#10909);
#10909 = CARTESIAN_POINT('',(107.46,-56.98,0.));
#10910 = CIRCLE('',#10911,0.42);
#10911 = AXIS2_PLACEMENT_3D('',#10912,#10913,#10914);
#10912 = CARTESIAN_POINT('',(107.46,-56.56,0.));
#10913 = DIRECTION('',(-0.,0.,-1.));
#10914 = DIRECTION('',(-3.383536836953E-14,-1.,0.));
#10915 = FACE_BOUND('',#10916,.F.);
#10916 = EDGE_LOOP('',(#10917));
#10917 = ORIENTED_EDGE('',*,*,#10918,.T.);
#10918 = EDGE_CURVE('',#10919,#10919,#10921,.T.);
#10919 = VERTEX_POINT('',#10920);
#10920 = CARTESIAN_POINT('',(107.46,-54.44,0.));
#10921 = CIRCLE('',#10922,0.42);
#10922 = AXIS2_PLACEMENT_3D('',#10923,#10924,#10925);
#10923 = CARTESIAN_POINT('',(107.46,-54.02,0.));
#10924 = DIRECTION('',(-0.,0.,-1.));
#10925 = DIRECTION('',(-3.383536836953E-14,-1.,0.));
#10926 = FACE_BOUND('',#10927,.F.);
#10927 = EDGE_LOOP('',(#10928));
#10928 = ORIENTED_EDGE('',*,*,#10929,.T.);
#10929 = EDGE_CURVE('',#10930,#10930,#10932,.T.);
#10930 = VERTEX_POINT('',#10931);
#10931 = CARTESIAN_POINT('',(103.1,-51.98,0.));
#10932 = CIRCLE('',#10933,0.5);
#10933 = AXIS2_PLACEMENT_3D('',#10934,#10935,#10936);
#10934 = CARTESIAN_POINT('',(103.1,-51.48,0.));
#10935 = DIRECTION('',(-0.,0.,-1.));
#10936 = DIRECTION('',(-0.,-1.,0.));
#10937 = FACE_BOUND('',#10938,.F.);
#10938 = EDGE_LOOP('',(#10939));
#10939 = ORIENTED_EDGE('',*,*,#10940,.T.);
#10940 = EDGE_CURVE('',#10941,#10941,#10943,.T.);
#10941 = VERTEX_POINT('',#10942);
#10942 = CARTESIAN_POINT('',(107.46,-51.9,0.));
#10943 = CIRCLE('',#10944,0.42);
#10944 = AXIS2_PLACEMENT_3D('',#10945,#10946,#10947);
#10945 = CARTESIAN_POINT('',(107.46,-51.48,0.));
#10946 = DIRECTION('',(-0.,0.,-1.));
#10947 = DIRECTION('',(-3.383536836953E-14,-1.,0.));
#10948 = FACE_BOUND('',#10949,.F.);
#10949 = EDGE_LOOP('',(#10950));
#10950 = ORIENTED_EDGE('',*,*,#10951,.T.);
#10951 = EDGE_CURVE('',#10952,#10952,#10954,.T.);
#10952 = VERTEX_POINT('',#10953);
#10953 = CARTESIAN_POINT('',(103.1,-49.44,0.));
#10954 = CIRCLE('',#10955,0.5);
#10955 = AXIS2_PLACEMENT_3D('',#10956,#10957,#10958);
#10956 = CARTESIAN_POINT('',(103.1,-48.94,0.));
#10957 = DIRECTION('',(-0.,0.,-1.));
#10958 = DIRECTION('',(-0.,-1.,0.));
#10959 = FACE_BOUND('',#10960,.F.);
#10960 = EDGE_LOOP('',(#10961));
#10961 = ORIENTED_EDGE('',*,*,#10962,.T.);
#10962 = EDGE_CURVE('',#10963,#10963,#10965,.T.);
#10963 = VERTEX_POINT('',#10964);
#10964 = CARTESIAN_POINT('',(103.1,-46.9,0.));
#10965 = CIRCLE('',#10966,0.5);
#10966 = AXIS2_PLACEMENT_3D('',#10967,#10968,#10969);
#10967 = CARTESIAN_POINT('',(103.1,-46.4,0.));
#10968 = DIRECTION('',(-0.,0.,-1.));
#10969 = DIRECTION('',(-0.,-1.,0.));
#10970 = FACE_BOUND('',#10971,.F.);
#10971 = EDGE_LOOP('',(#10972));
#10972 = ORIENTED_EDGE('',*,*,#10973,.T.);
#10973 = EDGE_CURVE('',#10974,#10974,#10976,.T.);
#10974 = VERTEX_POINT('',#10975);
#10975 = CARTESIAN_POINT('',(107.46,-49.36,0.));
#10976 = CIRCLE('',#10977,0.42);
#10977 = AXIS2_PLACEMENT_3D('',#10978,#10979,#10980);
#10978 = CARTESIAN_POINT('',(107.46,-48.94,0.));
#10979 = DIRECTION('',(-0.,0.,-1.));
#10980 = DIRECTION('',(-3.383536836953E-14,-1.,0.));
#10981 = FACE_BOUND('',#10982,.F.);
#10982 = EDGE_LOOP('',(#10983));
#10983 = ORIENTED_EDGE('',*,*,#10984,.T.);
#10984 = EDGE_CURVE('',#10985,#10985,#10987,.T.);
#10985 = VERTEX_POINT('',#10986);
#10986 = CARTESIAN_POINT('',(107.46,-46.82,0.));
#10987 = CIRCLE('',#10988,0.42);
#10988 = AXIS2_PLACEMENT_3D('',#10989,#10990,#10991);
#10989 = CARTESIAN_POINT('',(107.46,-46.4,0.));
#10990 = DIRECTION('',(-0.,0.,-1.));
#10991 = DIRECTION('',(-3.383536836953E-14,-1.,0.));
#10992 = FACE_BOUND('',#10993,.F.);
#10993 = EDGE_LOOP('',(#10994));
#10994 = ORIENTED_EDGE('',*,*,#10995,.T.);
#10995 = EDGE_CURVE('',#10996,#10996,#10998,.T.);
#10996 = VERTEX_POINT('',#10997);
#10997 = CARTESIAN_POINT('',(103.1,-44.36,0.));
#10998 = CIRCLE('',#10999,0.5);
#10999 = AXIS2_PLACEMENT_3D('',#11000,#11001,#11002);
#11000 = CARTESIAN_POINT('',(103.1,-43.86,0.));
#11001 = DIRECTION('',(-0.,0.,-1.));
#11002 = DIRECTION('',(-0.,-1.,0.));
#11003 = FACE_BOUND('',#11004,.F.);
#11004 = EDGE_LOOP('',(#11005));
#11005 = ORIENTED_EDGE('',*,*,#11006,.T.);
#11006 = EDGE_CURVE('',#11007,#11007,#11009,.T.);
#11007 = VERTEX_POINT('',#11008);
#11008 = CARTESIAN_POINT('',(107.46,-44.28,0.));
#11009 = CIRCLE('',#11010,0.42);
#11010 = AXIS2_PLACEMENT_3D('',#11011,#11012,#11013);
#11011 = CARTESIAN_POINT('',(107.46,-43.86,0.));
#11012 = DIRECTION('',(-0.,0.,-1.));
#11013 = DIRECTION('',(-3.383536836953E-14,-1.,0.));
#11014 = FACE_BOUND('',#11015,.F.);
#11015 = EDGE_LOOP('',(#11016));
#11016 = ORIENTED_EDGE('',*,*,#11017,.T.);
#11017 = EDGE_CURVE('',#11018,#11018,#11020,.T.);
#11018 = VERTEX_POINT('',#11019);
#11019 = CARTESIAN_POINT('',(122.7,-56.98,0.));
#11020 = CIRCLE('',#11021,0.42);
#11021 = AXIS2_PLACEMENT_3D('',#11022,#11023,#11024);
#11022 = CARTESIAN_POINT('',(122.7,-56.56,0.));
#11023 = DIRECTION('',(-0.,0.,-1.));
#11024 = DIRECTION('',(-0.,-1.,0.));
#11025 = FACE_BOUND('',#11026,.F.);
#11026 = EDGE_LOOP('',(#11027));
#11027 = ORIENTED_EDGE('',*,*,#11028,.T.);
#11028 = EDGE_CURVE('',#11029,#11029,#11031,.T.);
#11029 = VERTEX_POINT('',#11030);
#11030 = CARTESIAN_POINT('',(122.7,-54.44,0.));
#11031 = CIRCLE('',#11032,0.42);
#11032 = AXIS2_PLACEMENT_3D('',#11033,#11034,#11035);
#11033 = CARTESIAN_POINT('',(122.7,-54.02,0.));
#11034 = DIRECTION('',(-0.,0.,-1.));
#11035 = DIRECTION('',(-0.,-1.,0.));
#11036 = FACE_BOUND('',#11037,.F.);
#11037 = EDGE_LOOP('',(#11038));
#11038 = ORIENTED_EDGE('',*,*,#11039,.T.);
#11039 = EDGE_CURVE('',#11040,#11040,#11042,.T.);
#11040 = VERTEX_POINT('',#11041);
#11041 = CARTESIAN_POINT('',(127.,-55.27,0.));
#11042 = CIRCLE('',#11043,0.5);
#11043 = AXIS2_PLACEMENT_3D('',#11044,#11045,#11046);
#11044 = CARTESIAN_POINT('',(127.,-54.77,0.));
#11045 = DIRECTION('',(-0.,0.,-1.));
#11046 = DIRECTION('',(-0.,-1.,0.));
#11047 = FACE_BOUND('',#11048,.F.);
#11048 = EDGE_LOOP('',(#11049));
#11049 = ORIENTED_EDGE('',*,*,#11050,.T.);
#11050 = EDGE_CURVE('',#11051,#11051,#11053,.T.);
#11051 = VERTEX_POINT('',#11052);
#11052 = CARTESIAN_POINT('',(122.7,-51.9,0.));
#11053 = CIRCLE('',#11054,0.42);
#11054 = AXIS2_PLACEMENT_3D('',#11055,#11056,#11057);
#11055 = CARTESIAN_POINT('',(122.7,-51.48,0.));
#11056 = DIRECTION('',(-0.,0.,-1.));
#11057 = DIRECTION('',(-0.,-1.,0.));
#11058 = FACE_BOUND('',#11059,.F.);
#11059 = EDGE_LOOP('',(#11060));
#11060 = ORIENTED_EDGE('',*,*,#11061,.T.);
#11061 = EDGE_CURVE('',#11062,#11062,#11064,.T.);
#11062 = VERTEX_POINT('',#11063);
#11063 = CARTESIAN_POINT('',(127.,-52.73,0.));
#11064 = CIRCLE('',#11065,0.5);
#11065 = AXIS2_PLACEMENT_3D('',#11066,#11067,#11068);
#11066 = CARTESIAN_POINT('',(127.,-52.23,0.));
#11067 = DIRECTION('',(-0.,0.,-1.));
#11068 = DIRECTION('',(-0.,-1.,0.));
#11069 = FACE_BOUND('',#11070,.F.);
#11070 = EDGE_LOOP('',(#11071));
#11071 = ORIENTED_EDGE('',*,*,#11072,.T.);
#11072 = EDGE_CURVE('',#11073,#11073,#11075,.T.);
#11073 = VERTEX_POINT('',#11074);
#11074 = CARTESIAN_POINT('',(127.,-50.19,0.));
#11075 = CIRCLE('',#11076,0.5);
#11076 = AXIS2_PLACEMENT_3D('',#11077,#11078,#11079);
#11077 = CARTESIAN_POINT('',(127.,-49.69,0.));
#11078 = DIRECTION('',(-0.,0.,-1.));
#11079 = DIRECTION('',(-0.,-1.,0.));
#11080 = FACE_BOUND('',#11081,.F.);
#11081 = EDGE_LOOP('',(#11082));
#11082 = ORIENTED_EDGE('',*,*,#11083,.T.);
#11083 = EDGE_CURVE('',#11084,#11084,#11086,.T.);
#11084 = VERTEX_POINT('',#11085);
#11085 = CARTESIAN_POINT('',(122.7,-49.36,0.));
#11086 = CIRCLE('',#11087,0.42);
#11087 = AXIS2_PLACEMENT_3D('',#11088,#11089,#11090);
#11088 = CARTESIAN_POINT('',(122.7,-48.94,0.));
#11089 = DIRECTION('',(-0.,0.,-1.));
#11090 = DIRECTION('',(-0.,-1.,0.));
#11091 = FACE_BOUND('',#11092,.F.);
#11092 = EDGE_LOOP('',(#11093));
#11093 = ORIENTED_EDGE('',*,*,#11094,.T.);
#11094 = EDGE_CURVE('',#11095,#11095,#11097,.T.);
#11095 = VERTEX_POINT('',#11096);
#11096 = CARTESIAN_POINT('',(122.7,-46.82,0.));
#11097 = CIRCLE('',#11098,0.42);
#11098 = AXIS2_PLACEMENT_3D('',#11099,#11100,#11101);
#11099 = CARTESIAN_POINT('',(122.7,-46.4,0.));
#11100 = DIRECTION('',(-0.,0.,-1.));
#11101 = DIRECTION('',(-0.,-1.,0.));
#11102 = FACE_BOUND('',#11103,.F.);
#11103 = EDGE_LOOP('',(#11104));
#11104 = ORIENTED_EDGE('',*,*,#11105,.T.);
#11105 = EDGE_CURVE('',#11106,#11106,#11108,.T.);
#11106 = VERTEX_POINT('',#11107);
#11107 = CARTESIAN_POINT('',(127.,-47.65,0.));
#11108 = CIRCLE('',#11109,0.5);
#11109 = AXIS2_PLACEMENT_3D('',#11110,#11111,#11112);
#11110 = CARTESIAN_POINT('',(127.,-47.15,0.));
#11111 = DIRECTION('',(-0.,0.,-1.));
#11112 = DIRECTION('',(-0.,-1.,0.));
#11113 = FACE_BOUND('',#11114,.F.);
#11114 = EDGE_LOOP('',(#11115));
#11115 = ORIENTED_EDGE('',*,*,#11116,.T.);
#11116 = EDGE_CURVE('',#11117,#11117,#11119,.T.);
#11117 = VERTEX_POINT('',#11118);
#11118 = CARTESIAN_POINT('',(122.7,-44.28,0.));
#11119 = CIRCLE('',#11120,0.42);
#11120 = AXIS2_PLACEMENT_3D('',#11121,#11122,#11123);
#11121 = CARTESIAN_POINT('',(122.7,-43.86,0.));
#11122 = DIRECTION('',(-0.,0.,-1.));
#11123 = DIRECTION('',(-0.,-1.,0.));
#11124 = FACE_BOUND('',#11125,.F.);
#11125 = EDGE_LOOP('',(#11126));
#11126 = ORIENTED_EDGE('',*,*,#11127,.T.);
#11127 = EDGE_CURVE('',#11128,#11128,#11130,.T.);
#11128 = VERTEX_POINT('',#11129);
#11129 = CARTESIAN_POINT('',(127.5,-44.5,0.));
#11130 = CIRCLE('',#11131,1.6);
#11131 = AXIS2_PLACEMENT_3D('',#11132,#11133,#11134);
#11132 = CARTESIAN_POINT('',(127.5,-42.9,0.));
#11133 = DIRECTION('',(-0.,0.,-1.));
#11134 = DIRECTION('',(-0.,-1.,0.));
#11135 = PLANE('',#11136);
#11136 = AXIS2_PLACEMENT_3D('',#11137,#11138,#11139);
#11137 = CARTESIAN_POINT('',(0.,0.,0.));
#11138 = DIRECTION('',(0.,0.,1.));
#11139 = DIRECTION('',(1.,0.,-0.));
#11140 = ADVANCED_FACE('',(#11141,#11152,#11163,#11174,#11185,#11196,
    #11207,#11218,#11229,#11240,#11251,#11262,#11273,#11284,#11295,
    #11306,#11317,#11328,#11339,#11350,#11361,#11372,#11383,#11394,
    #11405,#11416,#11427,#11438,#11449,#11460,#11471,#11482,#11493,
    #11504,#11515,#11526,#11537,#11548),#11559,.T.);
#11141 = FACE_BOUND('',#11142,.T.);
#11142 = EDGE_LOOP('',(#11143,#11144,#11145,#11151));
#11143 = ORIENTED_EDGE('',*,*,#10628,.F.);
#11144 = ORIENTED_EDGE('',*,*,#10668,.F.);
#11145 = ORIENTED_EDGE('',*,*,#11146,.F.);
#11146 = EDGE_CURVE('',#10691,#10661,#11147,.T.);
#11147 = LINE('',#11148,#11149);
#11148 = CARTESIAN_POINT('',(99.6,-39.5,1.51));
#11149 = VECTOR('',#11150,1.);
#11150 = DIRECTION('',(1.,0.,0.));
#11151 = ORIENTED_EDGE('',*,*,#10690,.F.);
#11152 = FACE_BOUND('',#11153,.T.);
#11153 = EDGE_LOOP('',(#11154));
#11154 = ORIENTED_EDGE('',*,*,#11155,.T.);
#11155 = EDGE_CURVE('',#11156,#11156,#11158,.T.);
#11156 = VERTEX_POINT('',#11157);
#11157 = CARTESIAN_POINT('',(102.6,-72.425,1.51));
#11158 = CIRCLE('',#11159,0.425);
#11159 = AXIS2_PLACEMENT_3D('',#11160,#11161,#11162);
#11160 = CARTESIAN_POINT('',(102.6,-72.,1.51));
#11161 = DIRECTION('',(-0.,0.,-1.));
#11162 = DIRECTION('',(-0.,-1.,0.));
#11163 = FACE_BOUND('',#11164,.T.);
#11164 = EDGE_LOOP('',(#11165));
#11165 = ORIENTED_EDGE('',*,*,#11166,.T.);
#11166 = EDGE_CURVE('',#11167,#11167,#11169,.T.);
#11167 = VERTEX_POINT('',#11168);
#11168 = CARTESIAN_POINT('',(106.1,-72.425,1.51));
#11169 = CIRCLE('',#11170,0.425);
#11170 = AXIS2_PLACEMENT_3D('',#11171,#11172,#11173);
#11171 = CARTESIAN_POINT('',(106.1,-72.,1.51));
#11172 = DIRECTION('',(-0.,0.,-1.));
#11173 = DIRECTION('',(-0.,-1.,0.));
#11174 = FACE_BOUND('',#11175,.T.);
#11175 = EDGE_LOOP('',(#11176));
#11176 = ORIENTED_EDGE('',*,*,#11177,.T.);
#11177 = EDGE_CURVE('',#11178,#11178,#11180,.T.);
#11178 = VERTEX_POINT('',#11179);
#11179 = CARTESIAN_POINT('',(102.8,-69.7,1.51));
#11180 = CIRCLE('',#11181,1.6);
#11181 = AXIS2_PLACEMENT_3D('',#11182,#11183,#11184);
#11182 = CARTESIAN_POINT('',(102.8,-68.1,1.51));
#11183 = DIRECTION('',(-0.,0.,-1.));
#11184 = DIRECTION('',(-8.881784197001E-15,-1.,0.));
#11185 = FACE_BOUND('',#11186,.T.);
#11186 = EDGE_LOOP('',(#11187));
#11187 = ORIENTED_EDGE('',*,*,#11188,.T.);
#11188 = EDGE_CURVE('',#11189,#11189,#11191,.T.);
#11189 = VERTEX_POINT('',#11190);
#11190 = CARTESIAN_POINT('',(109.6,-72.425,1.51));
#11191 = CIRCLE('',#11192,0.425);
#11192 = AXIS2_PLACEMENT_3D('',#11193,#11194,#11195);
#11193 = CARTESIAN_POINT('',(109.6,-72.,1.51));
#11194 = DIRECTION('',(-0.,0.,-1.));
#11195 = DIRECTION('',(-0.,-1.,0.));
#11196 = FACE_BOUND('',#11197,.T.);
#11197 = EDGE_LOOP('',(#11198));
#11198 = ORIENTED_EDGE('',*,*,#11199,.T.);
#11199 = EDGE_CURVE('',#11200,#11200,#11202,.T.);
#11200 = VERTEX_POINT('',#11201);
#11201 = CARTESIAN_POINT('',(113.2,-72.425,1.51));
#11202 = CIRCLE('',#11203,0.425);
#11203 = AXIS2_PLACEMENT_3D('',#11204,#11205,#11206);
#11204 = CARTESIAN_POINT('',(113.2,-72.,1.51));
#11205 = DIRECTION('',(-0.,0.,-1.));
#11206 = DIRECTION('',(-0.,-1.,0.));
#11207 = FACE_BOUND('',#11208,.T.);
#11208 = EDGE_LOOP('',(#11209));
#11209 = ORIENTED_EDGE('',*,*,#11210,.T.);
#11210 = EDGE_CURVE('',#11211,#11211,#11213,.T.);
#11211 = VERTEX_POINT('',#11212);
#11212 = CARTESIAN_POINT('',(103.2,-64.68,1.51));
#11213 = CIRCLE('',#11214,0.5);
#11214 = AXIS2_PLACEMENT_3D('',#11215,#11216,#11217);
#11215 = CARTESIAN_POINT('',(103.2,-64.18,1.51));
#11216 = DIRECTION('',(-0.,0.,-1.));
#11217 = DIRECTION('',(-0.,-1.,0.));
#11218 = FACE_BOUND('',#11219,.T.);
#11219 = EDGE_LOOP('',(#11220));
#11220 = ORIENTED_EDGE('',*,*,#11221,.T.);
#11221 = EDGE_CURVE('',#11222,#11222,#11224,.T.);
#11222 = VERTEX_POINT('',#11223);
#11223 = CARTESIAN_POINT('',(103.2,-62.14,1.51));
#11224 = CIRCLE('',#11225,0.5);
#11225 = AXIS2_PLACEMENT_3D('',#11226,#11227,#11228);
#11226 = CARTESIAN_POINT('',(103.2,-61.64,1.51));
#11227 = DIRECTION('',(-0.,0.,-1.));
#11228 = DIRECTION('',(-0.,-1.,0.));
#11229 = FACE_BOUND('',#11230,.T.);
#11230 = EDGE_LOOP('',(#11231));
#11231 = ORIENTED_EDGE('',*,*,#11232,.T.);
#11232 = EDGE_CURVE('',#11233,#11233,#11235,.T.);
#11233 = VERTEX_POINT('',#11234);
#11234 = CARTESIAN_POINT('',(107.46,-62.06,1.51));
#11235 = CIRCLE('',#11236,0.42);
#11236 = AXIS2_PLACEMENT_3D('',#11237,#11238,#11239);
#11237 = CARTESIAN_POINT('',(107.46,-61.64,1.51));
#11238 = DIRECTION('',(-0.,0.,-1.));
#11239 = DIRECTION('',(-3.383536836953E-14,-1.,0.));
#11240 = FACE_BOUND('',#11241,.T.);
#11241 = EDGE_LOOP('',(#11242));
#11242 = ORIENTED_EDGE('',*,*,#11243,.T.);
#11243 = EDGE_CURVE('',#11244,#11244,#11246,.T.);
#11244 = VERTEX_POINT('',#11245);
#11245 = CARTESIAN_POINT('',(103.2,-59.6,1.51));
#11246 = CIRCLE('',#11247,0.5);
#11247 = AXIS2_PLACEMENT_3D('',#11248,#11249,#11250);
#11248 = CARTESIAN_POINT('',(103.2,-59.1,1.51));
#11249 = DIRECTION('',(-0.,0.,-1.));
#11250 = DIRECTION('',(-0.,-1.,0.));
#11251 = FACE_BOUND('',#11252,.T.);
#11252 = EDGE_LOOP('',(#11253));
#11253 = ORIENTED_EDGE('',*,*,#11254,.T.);
#11254 = EDGE_CURVE('',#11255,#11255,#11257,.T.);
#11255 = VERTEX_POINT('',#11256);
#11256 = CARTESIAN_POINT('',(107.46,-59.52,1.51));
#11257 = CIRCLE('',#11258,0.42);
#11258 = AXIS2_PLACEMENT_3D('',#11259,#11260,#11261);
#11259 = CARTESIAN_POINT('',(107.46,-59.1,1.51));
#11260 = DIRECTION('',(-0.,0.,-1.));
#11261 = DIRECTION('',(-3.383536836953E-14,-1.,0.));
#11262 = FACE_BOUND('',#11263,.T.);
#11263 = EDGE_LOOP('',(#11264));
#11264 = ORIENTED_EDGE('',*,*,#11265,.T.);
#11265 = EDGE_CURVE('',#11266,#11266,#11268,.T.);
#11266 = VERTEX_POINT('',#11267);
#11267 = CARTESIAN_POINT('',(116.6,-72.425,1.51));
#11268 = CIRCLE('',#11269,0.425);
#11269 = AXIS2_PLACEMENT_3D('',#11270,#11271,#11272);
#11270 = CARTESIAN_POINT('',(116.6,-72.,1.51));
#11271 = DIRECTION('',(-0.,0.,-1.));
#11272 = DIRECTION('',(-0.,-1.,0.));
#11273 = FACE_BOUND('',#11274,.T.);
#11274 = EDGE_LOOP('',(#11275));
#11275 = ORIENTED_EDGE('',*,*,#11276,.T.);
#11276 = EDGE_CURVE('',#11277,#11277,#11279,.T.);
#11277 = VERTEX_POINT('',#11278);
#11278 = CARTESIAN_POINT('',(122.7,-62.06,1.51));
#11279 = CIRCLE('',#11280,0.42);
#11280 = AXIS2_PLACEMENT_3D('',#11281,#11282,#11283);
#11281 = CARTESIAN_POINT('',(122.7,-61.64,1.51));
#11282 = DIRECTION('',(-0.,0.,-1.));
#11283 = DIRECTION('',(-0.,-1.,0.));
#11284 = FACE_BOUND('',#11285,.T.);
#11285 = EDGE_LOOP('',(#11286));
#11286 = ORIENTED_EDGE('',*,*,#11287,.T.);
#11287 = EDGE_CURVE('',#11288,#11288,#11290,.T.);
#11288 = VERTEX_POINT('',#11289);
#11289 = CARTESIAN_POINT('',(122.7,-59.52,1.51));
#11290 = CIRCLE('',#11291,0.42);
#11291 = AXIS2_PLACEMENT_3D('',#11292,#11293,#11294);
#11292 = CARTESIAN_POINT('',(122.7,-59.1,1.51));
#11293 = DIRECTION('',(-0.,0.,-1.));
#11294 = DIRECTION('',(-0.,-1.,0.));
#11295 = FACE_BOUND('',#11296,.T.);
#11296 = EDGE_LOOP('',(#11297));
#11297 = ORIENTED_EDGE('',*,*,#11298,.T.);
#11298 = EDGE_CURVE('',#11299,#11299,#11301,.T.);
#11299 = VERTEX_POINT('',#11300);
#11300 = CARTESIAN_POINT('',(127.,-60.35,1.51));
#11301 = CIRCLE('',#11302,0.5);
#11302 = AXIS2_PLACEMENT_3D('',#11303,#11304,#11305);
#11303 = CARTESIAN_POINT('',(127.,-59.85,1.51));
#11304 = DIRECTION('',(-0.,0.,-1.));
#11305 = DIRECTION('',(-0.,-1.,0.));
#11306 = FACE_BOUND('',#11307,.T.);
#11307 = EDGE_LOOP('',(#11308));
#11308 = ORIENTED_EDGE('',*,*,#11309,.T.);
#11309 = EDGE_CURVE('',#11310,#11310,#11312,.T.);
#11310 = VERTEX_POINT('',#11311);
#11311 = CARTESIAN_POINT('',(127.,-57.81,1.51));
#11312 = CIRCLE('',#11313,0.5);
#11313 = AXIS2_PLACEMENT_3D('',#11314,#11315,#11316);
#11314 = CARTESIAN_POINT('',(127.,-57.31,1.51));
#11315 = DIRECTION('',(-0.,0.,-1.));
#11316 = DIRECTION('',(-0.,-1.,0.));
#11317 = FACE_BOUND('',#11318,.T.);
#11318 = EDGE_LOOP('',(#11319));
#11319 = ORIENTED_EDGE('',*,*,#11320,.T.);
#11320 = EDGE_CURVE('',#11321,#11321,#11323,.T.);
#11321 = VERTEX_POINT('',#11322);
#11322 = CARTESIAN_POINT('',(103.1,-54.52,1.51));
#11323 = CIRCLE('',#11324,0.5);
#11324 = AXIS2_PLACEMENT_3D('',#11325,#11326,#11327);
#11325 = CARTESIAN_POINT('',(103.1,-54.02,1.51));
#11326 = DIRECTION('',(-0.,0.,-1.));
#11327 = DIRECTION('',(-0.,-1.,0.));
#11328 = FACE_BOUND('',#11329,.T.);
#11329 = EDGE_LOOP('',(#11330));
#11330 = ORIENTED_EDGE('',*,*,#11331,.T.);
#11331 = EDGE_CURVE('',#11332,#11332,#11334,.T.);
#11332 = VERTEX_POINT('',#11333);
#11333 = CARTESIAN_POINT('',(107.46,-56.98,1.51));
#11334 = CIRCLE('',#11335,0.42);
#11335 = AXIS2_PLACEMENT_3D('',#11336,#11337,#11338);
#11336 = CARTESIAN_POINT('',(107.46,-56.56,1.51));
#11337 = DIRECTION('',(-0.,0.,-1.));
#11338 = DIRECTION('',(-3.383536836953E-14,-1.,0.));
#11339 = FACE_BOUND('',#11340,.T.);
#11340 = EDGE_LOOP('',(#11341));
#11341 = ORIENTED_EDGE('',*,*,#11342,.T.);
#11342 = EDGE_CURVE('',#11343,#11343,#11345,.T.);
#11343 = VERTEX_POINT('',#11344);
#11344 = CARTESIAN_POINT('',(107.46,-54.44,1.51));
#11345 = CIRCLE('',#11346,0.42);
#11346 = AXIS2_PLACEMENT_3D('',#11347,#11348,#11349);
#11347 = CARTESIAN_POINT('',(107.46,-54.02,1.51));
#11348 = DIRECTION('',(-0.,0.,-1.));
#11349 = DIRECTION('',(-3.383536836953E-14,-1.,0.));
#11350 = FACE_BOUND('',#11351,.T.);
#11351 = EDGE_LOOP('',(#11352));
#11352 = ORIENTED_EDGE('',*,*,#11353,.T.);
#11353 = EDGE_CURVE('',#11354,#11354,#11356,.T.);
#11354 = VERTEX_POINT('',#11355);
#11355 = CARTESIAN_POINT('',(103.1,-51.98,1.51));
#11356 = CIRCLE('',#11357,0.5);
#11357 = AXIS2_PLACEMENT_3D('',#11358,#11359,#11360);
#11358 = CARTESIAN_POINT('',(103.1,-51.48,1.51));
#11359 = DIRECTION('',(-0.,0.,-1.));
#11360 = DIRECTION('',(-0.,-1.,0.));
#11361 = FACE_BOUND('',#11362,.T.);
#11362 = EDGE_LOOP('',(#11363));
#11363 = ORIENTED_EDGE('',*,*,#11364,.T.);
#11364 = EDGE_CURVE('',#11365,#11365,#11367,.T.);
#11365 = VERTEX_POINT('',#11366);
#11366 = CARTESIAN_POINT('',(107.46,-51.9,1.51));
#11367 = CIRCLE('',#11368,0.42);
#11368 = AXIS2_PLACEMENT_3D('',#11369,#11370,#11371);
#11369 = CARTESIAN_POINT('',(107.46,-51.48,1.51));
#11370 = DIRECTION('',(-0.,0.,-1.));
#11371 = DIRECTION('',(-3.383536836953E-14,-1.,0.));
#11372 = FACE_BOUND('',#11373,.T.);
#11373 = EDGE_LOOP('',(#11374));
#11374 = ORIENTED_EDGE('',*,*,#11375,.T.);
#11375 = EDGE_CURVE('',#11376,#11376,#11378,.T.);
#11376 = VERTEX_POINT('',#11377);
#11377 = CARTESIAN_POINT('',(103.1,-49.44,1.51));
#11378 = CIRCLE('',#11379,0.5);
#11379 = AXIS2_PLACEMENT_3D('',#11380,#11381,#11382);
#11380 = CARTESIAN_POINT('',(103.1,-48.94,1.51));
#11381 = DIRECTION('',(-0.,0.,-1.));
#11382 = DIRECTION('',(-0.,-1.,0.));
#11383 = FACE_BOUND('',#11384,.T.);
#11384 = EDGE_LOOP('',(#11385));
#11385 = ORIENTED_EDGE('',*,*,#11386,.T.);
#11386 = EDGE_CURVE('',#11387,#11387,#11389,.T.);
#11387 = VERTEX_POINT('',#11388);
#11388 = CARTESIAN_POINT('',(103.1,-46.9,1.51));
#11389 = CIRCLE('',#11390,0.5);
#11390 = AXIS2_PLACEMENT_3D('',#11391,#11392,#11393);
#11391 = CARTESIAN_POINT('',(103.1,-46.4,1.51));
#11392 = DIRECTION('',(-0.,0.,-1.));
#11393 = DIRECTION('',(-0.,-1.,0.));
#11394 = FACE_BOUND('',#11395,.T.);
#11395 = EDGE_LOOP('',(#11396));
#11396 = ORIENTED_EDGE('',*,*,#11397,.T.);
#11397 = EDGE_CURVE('',#11398,#11398,#11400,.T.);
#11398 = VERTEX_POINT('',#11399);
#11399 = CARTESIAN_POINT('',(107.46,-49.36,1.51));
#11400 = CIRCLE('',#11401,0.42);
#11401 = AXIS2_PLACEMENT_3D('',#11402,#11403,#11404);
#11402 = CARTESIAN_POINT('',(107.46,-48.94,1.51));
#11403 = DIRECTION('',(-0.,0.,-1.));
#11404 = DIRECTION('',(-3.383536836953E-14,-1.,0.));
#11405 = FACE_BOUND('',#11406,.T.);
#11406 = EDGE_LOOP('',(#11407));
#11407 = ORIENTED_EDGE('',*,*,#11408,.T.);
#11408 = EDGE_CURVE('',#11409,#11409,#11411,.T.);
#11409 = VERTEX_POINT('',#11410);
#11410 = CARTESIAN_POINT('',(107.46,-46.82,1.51));
#11411 = CIRCLE('',#11412,0.42);
#11412 = AXIS2_PLACEMENT_3D('',#11413,#11414,#11415);
#11413 = CARTESIAN_POINT('',(107.46,-46.4,1.51));
#11414 = DIRECTION('',(-0.,0.,-1.));
#11415 = DIRECTION('',(-3.383536836953E-14,-1.,0.));
#11416 = FACE_BOUND('',#11417,.T.);
#11417 = EDGE_LOOP('',(#11418));
#11418 = ORIENTED_EDGE('',*,*,#11419,.T.);
#11419 = EDGE_CURVE('',#11420,#11420,#11422,.T.);
#11420 = VERTEX_POINT('',#11421);
#11421 = CARTESIAN_POINT('',(103.1,-44.36,1.51));
#11422 = CIRCLE('',#11423,0.5);
#11423 = AXIS2_PLACEMENT_3D('',#11424,#11425,#11426);
#11424 = CARTESIAN_POINT('',(103.1,-43.86,1.51));
#11425 = DIRECTION('',(-0.,0.,-1.));
#11426 = DIRECTION('',(-0.,-1.,0.));
#11427 = FACE_BOUND('',#11428,.T.);
#11428 = EDGE_LOOP('',(#11429));
#11429 = ORIENTED_EDGE('',*,*,#11430,.T.);
#11430 = EDGE_CURVE('',#11431,#11431,#11433,.T.);
#11431 = VERTEX_POINT('',#11432);
#11432 = CARTESIAN_POINT('',(107.46,-44.28,1.51));
#11433 = CIRCLE('',#11434,0.42);
#11434 = AXIS2_PLACEMENT_3D('',#11435,#11436,#11437);
#11435 = CARTESIAN_POINT('',(107.46,-43.86,1.51));
#11436 = DIRECTION('',(-0.,0.,-1.));
#11437 = DIRECTION('',(-3.383536836953E-14,-1.,0.));
#11438 = FACE_BOUND('',#11439,.T.);
#11439 = EDGE_LOOP('',(#11440));
#11440 = ORIENTED_EDGE('',*,*,#11441,.T.);
#11441 = EDGE_CURVE('',#11442,#11442,#11444,.T.);
#11442 = VERTEX_POINT('',#11443);
#11443 = CARTESIAN_POINT('',(122.7,-56.98,1.51));
#11444 = CIRCLE('',#11445,0.42);
#11445 = AXIS2_PLACEMENT_3D('',#11446,#11447,#11448);
#11446 = CARTESIAN_POINT('',(122.7,-56.56,1.51));
#11447 = DIRECTION('',(-0.,0.,-1.));
#11448 = DIRECTION('',(-0.,-1.,0.));
#11449 = FACE_BOUND('',#11450,.T.);
#11450 = EDGE_LOOP('',(#11451));
#11451 = ORIENTED_EDGE('',*,*,#11452,.T.);
#11452 = EDGE_CURVE('',#11453,#11453,#11455,.T.);
#11453 = VERTEX_POINT('',#11454);
#11454 = CARTESIAN_POINT('',(122.7,-54.44,1.51));
#11455 = CIRCLE('',#11456,0.42);
#11456 = AXIS2_PLACEMENT_3D('',#11457,#11458,#11459);
#11457 = CARTESIAN_POINT('',(122.7,-54.02,1.51));
#11458 = DIRECTION('',(-0.,0.,-1.));
#11459 = DIRECTION('',(-0.,-1.,0.));
#11460 = FACE_BOUND('',#11461,.T.);
#11461 = EDGE_LOOP('',(#11462));
#11462 = ORIENTED_EDGE('',*,*,#11463,.T.);
#11463 = EDGE_CURVE('',#11464,#11464,#11466,.T.);
#11464 = VERTEX_POINT('',#11465);
#11465 = CARTESIAN_POINT('',(127.,-55.27,1.51));
#11466 = CIRCLE('',#11467,0.5);
#11467 = AXIS2_PLACEMENT_3D('',#11468,#11469,#11470);
#11468 = CARTESIAN_POINT('',(127.,-54.77,1.51));
#11469 = DIRECTION('',(-0.,0.,-1.));
#11470 = DIRECTION('',(-0.,-1.,0.));
#11471 = FACE_BOUND('',#11472,.T.);
#11472 = EDGE_LOOP('',(#11473));
#11473 = ORIENTED_EDGE('',*,*,#11474,.T.);
#11474 = EDGE_CURVE('',#11475,#11475,#11477,.T.);
#11475 = VERTEX_POINT('',#11476);
#11476 = CARTESIAN_POINT('',(122.7,-51.9,1.51));
#11477 = CIRCLE('',#11478,0.42);
#11478 = AXIS2_PLACEMENT_3D('',#11479,#11480,#11481);
#11479 = CARTESIAN_POINT('',(122.7,-51.48,1.51));
#11480 = DIRECTION('',(-0.,0.,-1.));
#11481 = DIRECTION('',(-0.,-1.,0.));
#11482 = FACE_BOUND('',#11483,.T.);
#11483 = EDGE_LOOP('',(#11484));
#11484 = ORIENTED_EDGE('',*,*,#11485,.T.);
#11485 = EDGE_CURVE('',#11486,#11486,#11488,.T.);
#11486 = VERTEX_POINT('',#11487);
#11487 = CARTESIAN_POINT('',(127.,-52.73,1.51));
#11488 = CIRCLE('',#11489,0.5);
#11489 = AXIS2_PLACEMENT_3D('',#11490,#11491,#11492);
#11490 = CARTESIAN_POINT('',(127.,-52.23,1.51));
#11491 = DIRECTION('',(-0.,0.,-1.));
#11492 = DIRECTION('',(-0.,-1.,0.));
#11493 = FACE_BOUND('',#11494,.T.);
#11494 = EDGE_LOOP('',(#11495));
#11495 = ORIENTED_EDGE('',*,*,#11496,.T.);
#11496 = EDGE_CURVE('',#11497,#11497,#11499,.T.);
#11497 = VERTEX_POINT('',#11498);
#11498 = CARTESIAN_POINT('',(127.,-50.19,1.51));
#11499 = CIRCLE('',#11500,0.5);
#11500 = AXIS2_PLACEMENT_3D('',#11501,#11502,#11503);
#11501 = CARTESIAN_POINT('',(127.,-49.69,1.51));
#11502 = DIRECTION('',(-0.,0.,-1.));
#11503 = DIRECTION('',(-0.,-1.,0.));
#11504 = FACE_BOUND('',#11505,.T.);
#11505 = EDGE_LOOP('',(#11506));
#11506 = ORIENTED_EDGE('',*,*,#11507,.T.);
#11507 = EDGE_CURVE('',#11508,#11508,#11510,.T.);
#11508 = VERTEX_POINT('',#11509);
#11509 = CARTESIAN_POINT('',(122.7,-49.36,1.51));
#11510 = CIRCLE('',#11511,0.42);
#11511 = AXIS2_PLACEMENT_3D('',#11512,#11513,#11514);
#11512 = CARTESIAN_POINT('',(122.7,-48.94,1.51));
#11513 = DIRECTION('',(-0.,0.,-1.));
#11514 = DIRECTION('',(-0.,-1.,0.));
#11515 = FACE_BOUND('',#11516,.T.);
#11516 = EDGE_LOOP('',(#11517));
#11517 = ORIENTED_EDGE('',*,*,#11518,.T.);
#11518 = EDGE_CURVE('',#11519,#11519,#11521,.T.);
#11519 = VERTEX_POINT('',#11520);
#11520 = CARTESIAN_POINT('',(122.7,-46.82,1.51));
#11521 = CIRCLE('',#11522,0.42);
#11522 = AXIS2_PLACEMENT_3D('',#11523,#11524,#11525);
#11523 = CARTESIAN_POINT('',(122.7,-46.4,1.51));
#11524 = DIRECTION('',(-0.,0.,-1.));
#11525 = DIRECTION('',(-0.,-1.,0.));
#11526 = FACE_BOUND('',#11527,.T.);
#11527 = EDGE_LOOP('',(#11528));
#11528 = ORIENTED_EDGE('',*,*,#11529,.T.);
#11529 = EDGE_CURVE('',#11530,#11530,#11532,.T.);
#11530 = VERTEX_POINT('',#11531);
#11531 = CARTESIAN_POINT('',(127.,-47.65,1.51));
#11532 = CIRCLE('',#11533,0.5);
#11533 = AXIS2_PLACEMENT_3D('',#11534,#11535,#11536);
#11534 = CARTESIAN_POINT('',(127.,-47.15,1.51));
#11535 = DIRECTION('',(-0.,0.,-1.));
#11536 = DIRECTION('',(-0.,-1.,0.));
#11537 = FACE_BOUND('',#11538,.T.);
#11538 = EDGE_LOOP('',(#11539));
#11539 = ORIENTED_EDGE('',*,*,#11540,.T.);
#11540 = EDGE_CURVE('',#11541,#11541,#11543,.T.);
#11541 = VERTEX_POINT('',#11542);
#11542 = CARTESIAN_POINT('',(122.7,-44.28,1.51));
#11543 = CIRCLE('',#11544,0.42);
#11544 = AXIS2_PLACEMENT_3D('',#11545,#11546,#11547);
#11545 = CARTESIAN_POINT('',(122.7,-43.86,1.51));
#11546 = DIRECTION('',(-0.,0.,-1.));
#11547 = DIRECTION('',(-0.,-1.,0.));
#11548 = FACE_BOUND('',#11549,.T.);
#11549 = EDGE_LOOP('',(#11550));
#11550 = ORIENTED_EDGE('',*,*,#11551,.T.);
#11551 = EDGE_CURVE('',#11552,#11552,#11554,.T.);
#11552 = VERTEX_POINT('',#11553);
#11553 = CARTESIAN_POINT('',(127.5,-44.5,1.51));
#11554 = CIRCLE('',#11555,1.6);
#11555 = AXIS2_PLACEMENT_3D('',#11556,#11557,#11558);
#11556 = CARTESIAN_POINT('',(127.5,-42.9,1.51));
#11557 = DIRECTION('',(-0.,0.,-1.));
#11558 = DIRECTION('',(-0.,-1.,0.));
#11559 = PLANE('',#11560);
#11560 = AXIS2_PLACEMENT_3D('',#11561,#11562,#11563);
#11561 = CARTESIAN_POINT('',(0.,0.,1.51));
#11562 = DIRECTION('',(0.,0.,1.));
#11563 = DIRECTION('',(1.,0.,-0.));
#11564 = ADVANCED_FACE('',(#11565),#11571,.T.);
#11565 = FACE_BOUND('',#11566,.T.);
#11566 = EDGE_LOOP('',(#11567,#11568,#11569,#11570));
#11567 = ORIENTED_EDGE('',*,*,#10698,.T.);
#11568 = ORIENTED_EDGE('',*,*,#11146,.T.);
#11569 = ORIENTED_EDGE('',*,*,#10658,.F.);
#11570 = ORIENTED_EDGE('',*,*,#10722,.F.);
#11571 = PLANE('',#11572);
#11572 = AXIS2_PLACEMENT_3D('',#11573,#11574,#11575);
#11573 = CARTESIAN_POINT('',(99.6,-39.5,0.));
#11574 = DIRECTION('',(0.,1.,0.));
#11575 = DIRECTION('',(1.,0.,0.));
#11576 = ADVANCED_FACE('',(#11577),#11588,.F.);
#11577 = FACE_BOUND('',#11578,.T.);
#11578 = EDGE_LOOP('',(#11579,#11580,#11586,#11587));
#11579 = ORIENTED_EDGE('',*,*,#10731,.T.);
#11580 = ORIENTED_EDGE('',*,*,#11581,.T.);
#11581 = EDGE_CURVE('',#10732,#11156,#11582,.T.);
#11582 = LINE('',#11583,#11584);
#11583 = CARTESIAN_POINT('',(102.6,-72.425,-4.6E-02));
#11584 = VECTOR('',#11585,1.);
#11585 = DIRECTION('',(0.,0.,1.));
#11586 = ORIENTED_EDGE('',*,*,#11155,.F.);
#11587 = ORIENTED_EDGE('',*,*,#11581,.F.);
#11588 = CYLINDRICAL_SURFACE('',#11589,0.425);
#11589 = AXIS2_PLACEMENT_3D('',#11590,#11591,#11592);
#11590 = CARTESIAN_POINT('',(102.6,-72.,-4.6E-02));
#11591 = DIRECTION('',(-0.,-0.,-1.));
#11592 = DIRECTION('',(-0.,-1.,0.));
#11593 = ADVANCED_FACE('',(#11594),#11605,.F.);
#11594 = FACE_BOUND('',#11595,.T.);
#11595 = EDGE_LOOP('',(#11596,#11597,#11603,#11604));
#11596 = ORIENTED_EDGE('',*,*,#10742,.T.);
#11597 = ORIENTED_EDGE('',*,*,#11598,.T.);
#11598 = EDGE_CURVE('',#10743,#11167,#11599,.T.);
#11599 = LINE('',#11600,#11601);
#11600 = CARTESIAN_POINT('',(106.1,-72.425,-4.6E-02));
#11601 = VECTOR('',#11602,1.);
#11602 = DIRECTION('',(0.,0.,1.));
#11603 = ORIENTED_EDGE('',*,*,#11166,.F.);
#11604 = ORIENTED_EDGE('',*,*,#11598,.F.);
#11605 = CYLINDRICAL_SURFACE('',#11606,0.425);
#11606 = AXIS2_PLACEMENT_3D('',#11607,#11608,#11609);
#11607 = CARTESIAN_POINT('',(106.1,-72.,-4.6E-02));
#11608 = DIRECTION('',(-0.,-0.,-1.));
#11609 = DIRECTION('',(-0.,-1.,0.));
#11610 = ADVANCED_FACE('',(#11611),#11622,.F.);
#11611 = FACE_BOUND('',#11612,.T.);
#11612 = EDGE_LOOP('',(#11613,#11614,#11620,#11621));
#11613 = ORIENTED_EDGE('',*,*,#10753,.T.);
#11614 = ORIENTED_EDGE('',*,*,#11615,.T.);
#11615 = EDGE_CURVE('',#10754,#11178,#11616,.T.);
#11616 = LINE('',#11617,#11618);
#11617 = CARTESIAN_POINT('',(102.8,-69.7,-4.6E-02));
#11618 = VECTOR('',#11619,1.);
#11619 = DIRECTION('',(0.,0.,1.));
#11620 = ORIENTED_EDGE('',*,*,#11177,.F.);
#11621 = ORIENTED_EDGE('',*,*,#11615,.F.);
#11622 = CYLINDRICAL_SURFACE('',#11623,1.6);
#11623 = AXIS2_PLACEMENT_3D('',#11624,#11625,#11626);
#11624 = CARTESIAN_POINT('',(102.8,-68.1,-4.6E-02));
#11625 = DIRECTION('',(-0.,-0.,-1.));
#11626 = DIRECTION('',(-8.881784197001E-15,-1.,0.));
#11627 = ADVANCED_FACE('',(#11628),#11639,.F.);
#11628 = FACE_BOUND('',#11629,.T.);
#11629 = EDGE_LOOP('',(#11630,#11631,#11637,#11638));
#11630 = ORIENTED_EDGE('',*,*,#10764,.T.);
#11631 = ORIENTED_EDGE('',*,*,#11632,.T.);
#11632 = EDGE_CURVE('',#10765,#11189,#11633,.T.);
#11633 = LINE('',#11634,#11635);
#11634 = CARTESIAN_POINT('',(109.6,-72.425,-4.6E-02));
#11635 = VECTOR('',#11636,1.);
#11636 = DIRECTION('',(0.,0.,1.));
#11637 = ORIENTED_EDGE('',*,*,#11188,.F.);
#11638 = ORIENTED_EDGE('',*,*,#11632,.F.);
#11639 = CYLINDRICAL_SURFACE('',#11640,0.425);
#11640 = AXIS2_PLACEMENT_3D('',#11641,#11642,#11643);
#11641 = CARTESIAN_POINT('',(109.6,-72.,-4.6E-02));
#11642 = DIRECTION('',(-0.,-0.,-1.));
#11643 = DIRECTION('',(-0.,-1.,0.));
#11644 = ADVANCED_FACE('',(#11645),#11656,.F.);
#11645 = FACE_BOUND('',#11646,.T.);
#11646 = EDGE_LOOP('',(#11647,#11648,#11654,#11655));
#11647 = ORIENTED_EDGE('',*,*,#10775,.T.);
#11648 = ORIENTED_EDGE('',*,*,#11649,.T.);
#11649 = EDGE_CURVE('',#10776,#11200,#11650,.T.);
#11650 = LINE('',#11651,#11652);
#11651 = CARTESIAN_POINT('',(113.2,-72.425,-4.6E-02));
#11652 = VECTOR('',#11653,1.);
#11653 = DIRECTION('',(0.,0.,1.));
#11654 = ORIENTED_EDGE('',*,*,#11199,.F.);
#11655 = ORIENTED_EDGE('',*,*,#11649,.F.);
#11656 = CYLINDRICAL_SURFACE('',#11657,0.425);
#11657 = AXIS2_PLACEMENT_3D('',#11658,#11659,#11660);
#11658 = CARTESIAN_POINT('',(113.2,-72.,-4.6E-02));
#11659 = DIRECTION('',(-0.,-0.,-1.));
#11660 = DIRECTION('',(-0.,-1.,0.));
#11661 = ADVANCED_FACE('',(#11662),#11673,.F.);
#11662 = FACE_BOUND('',#11663,.T.);
#11663 = EDGE_LOOP('',(#11664,#11665,#11671,#11672));
#11664 = ORIENTED_EDGE('',*,*,#10786,.T.);
#11665 = ORIENTED_EDGE('',*,*,#11666,.T.);
#11666 = EDGE_CURVE('',#10787,#11211,#11667,.T.);
#11667 = LINE('',#11668,#11669);
#11668 = CARTESIAN_POINT('',(103.2,-64.68,-4.6E-02));
#11669 = VECTOR('',#11670,1.);
#11670 = DIRECTION('',(0.,0.,1.));
#11671 = ORIENTED_EDGE('',*,*,#11210,.F.);
#11672 = ORIENTED_EDGE('',*,*,#11666,.F.);
#11673 = CYLINDRICAL_SURFACE('',#11674,0.5);
#11674 = AXIS2_PLACEMENT_3D('',#11675,#11676,#11677);
#11675 = CARTESIAN_POINT('',(103.2,-64.18,-4.6E-02));
#11676 = DIRECTION('',(-0.,-0.,-1.));
#11677 = DIRECTION('',(-0.,-1.,0.));
#11678 = ADVANCED_FACE('',(#11679),#11690,.F.);
#11679 = FACE_BOUND('',#11680,.T.);
#11680 = EDGE_LOOP('',(#11681,#11682,#11688,#11689));
#11681 = ORIENTED_EDGE('',*,*,#10797,.T.);
#11682 = ORIENTED_EDGE('',*,*,#11683,.T.);
#11683 = EDGE_CURVE('',#10798,#11222,#11684,.T.);
#11684 = LINE('',#11685,#11686);
#11685 = CARTESIAN_POINT('',(103.2,-62.14,-4.6E-02));
#11686 = VECTOR('',#11687,1.);
#11687 = DIRECTION('',(0.,0.,1.));
#11688 = ORIENTED_EDGE('',*,*,#11221,.F.);
#11689 = ORIENTED_EDGE('',*,*,#11683,.F.);
#11690 = CYLINDRICAL_SURFACE('',#11691,0.5);
#11691 = AXIS2_PLACEMENT_3D('',#11692,#11693,#11694);
#11692 = CARTESIAN_POINT('',(103.2,-61.64,-4.6E-02));
#11693 = DIRECTION('',(-0.,-0.,-1.));
#11694 = DIRECTION('',(-0.,-1.,0.));
#11695 = ADVANCED_FACE('',(#11696),#11707,.F.);
#11696 = FACE_BOUND('',#11697,.T.);
#11697 = EDGE_LOOP('',(#11698,#11699,#11705,#11706));
#11698 = ORIENTED_EDGE('',*,*,#10808,.T.);
#11699 = ORIENTED_EDGE('',*,*,#11700,.T.);
#11700 = EDGE_CURVE('',#10809,#11233,#11701,.T.);
#11701 = LINE('',#11702,#11703);
#11702 = CARTESIAN_POINT('',(107.46,-62.06,-4.6E-02));
#11703 = VECTOR('',#11704,1.);
#11704 = DIRECTION('',(0.,0.,1.));
#11705 = ORIENTED_EDGE('',*,*,#11232,.F.);
#11706 = ORIENTED_EDGE('',*,*,#11700,.F.);
#11707 = CYLINDRICAL_SURFACE('',#11708,0.42);
#11708 = AXIS2_PLACEMENT_3D('',#11709,#11710,#11711);
#11709 = CARTESIAN_POINT('',(107.46,-61.64,-4.6E-02));
#11710 = DIRECTION('',(-0.,-0.,-1.));
#11711 = DIRECTION('',(-3.383536836953E-14,-1.,0.));
#11712 = ADVANCED_FACE('',(#11713),#11724,.F.);
#11713 = FACE_BOUND('',#11714,.T.);
#11714 = EDGE_LOOP('',(#11715,#11716,#11722,#11723));
#11715 = ORIENTED_EDGE('',*,*,#10819,.T.);
#11716 = ORIENTED_EDGE('',*,*,#11717,.T.);
#11717 = EDGE_CURVE('',#10820,#11244,#11718,.T.);
#11718 = LINE('',#11719,#11720);
#11719 = CARTESIAN_POINT('',(103.2,-59.6,-4.6E-02));
#11720 = VECTOR('',#11721,1.);
#11721 = DIRECTION('',(0.,0.,1.));
#11722 = ORIENTED_EDGE('',*,*,#11243,.F.);
#11723 = ORIENTED_EDGE('',*,*,#11717,.F.);
#11724 = CYLINDRICAL_SURFACE('',#11725,0.5);
#11725 = AXIS2_PLACEMENT_3D('',#11726,#11727,#11728);
#11726 = CARTESIAN_POINT('',(103.2,-59.1,-4.6E-02));
#11727 = DIRECTION('',(-0.,-0.,-1.));
#11728 = DIRECTION('',(-0.,-1.,0.));
#11729 = ADVANCED_FACE('',(#11730),#11741,.F.);
#11730 = FACE_BOUND('',#11731,.T.);
#11731 = EDGE_LOOP('',(#11732,#11733,#11739,#11740));
#11732 = ORIENTED_EDGE('',*,*,#10830,.T.);
#11733 = ORIENTED_EDGE('',*,*,#11734,.T.);
#11734 = EDGE_CURVE('',#10831,#11255,#11735,.T.);
#11735 = LINE('',#11736,#11737);
#11736 = CARTESIAN_POINT('',(107.46,-59.52,-4.6E-02));
#11737 = VECTOR('',#11738,1.);
#11738 = DIRECTION('',(0.,0.,1.));
#11739 = ORIENTED_EDGE('',*,*,#11254,.F.);
#11740 = ORIENTED_EDGE('',*,*,#11734,.F.);
#11741 = CYLINDRICAL_SURFACE('',#11742,0.42);
#11742 = AXIS2_PLACEMENT_3D('',#11743,#11744,#11745);
#11743 = CARTESIAN_POINT('',(107.46,-59.1,-4.6E-02));
#11744 = DIRECTION('',(-0.,-0.,-1.));
#11745 = DIRECTION('',(-3.383536836953E-14,-1.,0.));
#11746 = ADVANCED_FACE('',(#11747),#11758,.F.);
#11747 = FACE_BOUND('',#11748,.T.);
#11748 = EDGE_LOOP('',(#11749,#11750,#11756,#11757));
#11749 = ORIENTED_EDGE('',*,*,#10841,.T.);
#11750 = ORIENTED_EDGE('',*,*,#11751,.T.);
#11751 = EDGE_CURVE('',#10842,#11266,#11752,.T.);
#11752 = LINE('',#11753,#11754);
#11753 = CARTESIAN_POINT('',(116.6,-72.425,-4.6E-02));
#11754 = VECTOR('',#11755,1.);
#11755 = DIRECTION('',(0.,0.,1.));
#11756 = ORIENTED_EDGE('',*,*,#11265,.F.);
#11757 = ORIENTED_EDGE('',*,*,#11751,.F.);
#11758 = CYLINDRICAL_SURFACE('',#11759,0.425);
#11759 = AXIS2_PLACEMENT_3D('',#11760,#11761,#11762);
#11760 = CARTESIAN_POINT('',(116.6,-72.,-4.6E-02));
#11761 = DIRECTION('',(-0.,-0.,-1.));
#11762 = DIRECTION('',(-0.,-1.,0.));
#11763 = ADVANCED_FACE('',(#11764),#11775,.F.);
#11764 = FACE_BOUND('',#11765,.T.);
#11765 = EDGE_LOOP('',(#11766,#11767,#11773,#11774));
#11766 = ORIENTED_EDGE('',*,*,#10852,.T.);
#11767 = ORIENTED_EDGE('',*,*,#11768,.T.);
#11768 = EDGE_CURVE('',#10853,#11277,#11769,.T.);
#11769 = LINE('',#11770,#11771);
#11770 = CARTESIAN_POINT('',(122.7,-62.06,-4.6E-02));
#11771 = VECTOR('',#11772,1.);
#11772 = DIRECTION('',(0.,0.,1.));
#11773 = ORIENTED_EDGE('',*,*,#11276,.F.);
#11774 = ORIENTED_EDGE('',*,*,#11768,.F.);
#11775 = CYLINDRICAL_SURFACE('',#11776,0.42);
#11776 = AXIS2_PLACEMENT_3D('',#11777,#11778,#11779);
#11777 = CARTESIAN_POINT('',(122.7,-61.64,-4.6E-02));
#11778 = DIRECTION('',(-0.,-0.,-1.));
#11779 = DIRECTION('',(-0.,-1.,0.));
#11780 = ADVANCED_FACE('',(#11781),#11792,.F.);
#11781 = FACE_BOUND('',#11782,.T.);
#11782 = EDGE_LOOP('',(#11783,#11784,#11790,#11791));
#11783 = ORIENTED_EDGE('',*,*,#10863,.T.);
#11784 = ORIENTED_EDGE('',*,*,#11785,.T.);
#11785 = EDGE_CURVE('',#10864,#11288,#11786,.T.);
#11786 = LINE('',#11787,#11788);
#11787 = CARTESIAN_POINT('',(122.7,-59.52,-4.6E-02));
#11788 = VECTOR('',#11789,1.);
#11789 = DIRECTION('',(0.,0.,1.));
#11790 = ORIENTED_EDGE('',*,*,#11287,.F.);
#11791 = ORIENTED_EDGE('',*,*,#11785,.F.);
#11792 = CYLINDRICAL_SURFACE('',#11793,0.42);
#11793 = AXIS2_PLACEMENT_3D('',#11794,#11795,#11796);
#11794 = CARTESIAN_POINT('',(122.7,-59.1,-4.6E-02));
#11795 = DIRECTION('',(-0.,-0.,-1.));
#11796 = DIRECTION('',(-0.,-1.,0.));
#11797 = ADVANCED_FACE('',(#11798),#11809,.F.);
#11798 = FACE_BOUND('',#11799,.T.);
#11799 = EDGE_LOOP('',(#11800,#11801,#11807,#11808));
#11800 = ORIENTED_EDGE('',*,*,#10874,.T.);
#11801 = ORIENTED_EDGE('',*,*,#11802,.T.);
#11802 = EDGE_CURVE('',#10875,#11299,#11803,.T.);
#11803 = LINE('',#11804,#11805);
#11804 = CARTESIAN_POINT('',(127.,-60.35,-4.6E-02));
#11805 = VECTOR('',#11806,1.);
#11806 = DIRECTION('',(0.,0.,1.));
#11807 = ORIENTED_EDGE('',*,*,#11298,.F.);
#11808 = ORIENTED_EDGE('',*,*,#11802,.F.);
#11809 = CYLINDRICAL_SURFACE('',#11810,0.5);
#11810 = AXIS2_PLACEMENT_3D('',#11811,#11812,#11813);
#11811 = CARTESIAN_POINT('',(127.,-59.85,-4.6E-02));
#11812 = DIRECTION('',(-0.,-0.,-1.));
#11813 = DIRECTION('',(-0.,-1.,0.));
#11814 = ADVANCED_FACE('',(#11815),#11826,.F.);
#11815 = FACE_BOUND('',#11816,.T.);
#11816 = EDGE_LOOP('',(#11817,#11818,#11824,#11825));
#11817 = ORIENTED_EDGE('',*,*,#10885,.T.);
#11818 = ORIENTED_EDGE('',*,*,#11819,.T.);
#11819 = EDGE_CURVE('',#10886,#11310,#11820,.T.);
#11820 = LINE('',#11821,#11822);
#11821 = CARTESIAN_POINT('',(127.,-57.81,-4.6E-02));
#11822 = VECTOR('',#11823,1.);
#11823 = DIRECTION('',(0.,0.,1.));
#11824 = ORIENTED_EDGE('',*,*,#11309,.F.);
#11825 = ORIENTED_EDGE('',*,*,#11819,.F.);
#11826 = CYLINDRICAL_SURFACE('',#11827,0.5);
#11827 = AXIS2_PLACEMENT_3D('',#11828,#11829,#11830);
#11828 = CARTESIAN_POINT('',(127.,-57.31,-4.6E-02));
#11829 = DIRECTION('',(-0.,-0.,-1.));
#11830 = DIRECTION('',(-0.,-1.,0.));
#11831 = ADVANCED_FACE('',(#11832),#11843,.F.);
#11832 = FACE_BOUND('',#11833,.T.);
#11833 = EDGE_LOOP('',(#11834,#11835,#11841,#11842));
#11834 = ORIENTED_EDGE('',*,*,#10896,.T.);
#11835 = ORIENTED_EDGE('',*,*,#11836,.T.);
#11836 = EDGE_CURVE('',#10897,#11321,#11837,.T.);
#11837 = LINE('',#11838,#11839);
#11838 = CARTESIAN_POINT('',(103.1,-54.52,-4.6E-02));
#11839 = VECTOR('',#11840,1.);
#11840 = DIRECTION('',(0.,0.,1.));
#11841 = ORIENTED_EDGE('',*,*,#11320,.F.);
#11842 = ORIENTED_EDGE('',*,*,#11836,.F.);
#11843 = CYLINDRICAL_SURFACE('',#11844,0.5);
#11844 = AXIS2_PLACEMENT_3D('',#11845,#11846,#11847);
#11845 = CARTESIAN_POINT('',(103.1,-54.02,-4.6E-02));
#11846 = DIRECTION('',(-0.,-0.,-1.));
#11847 = DIRECTION('',(-0.,-1.,0.));
#11848 = ADVANCED_FACE('',(#11849),#11860,.F.);
#11849 = FACE_BOUND('',#11850,.T.);
#11850 = EDGE_LOOP('',(#11851,#11852,#11858,#11859));
#11851 = ORIENTED_EDGE('',*,*,#10907,.T.);
#11852 = ORIENTED_EDGE('',*,*,#11853,.T.);
#11853 = EDGE_CURVE('',#10908,#11332,#11854,.T.);
#11854 = LINE('',#11855,#11856);
#11855 = CARTESIAN_POINT('',(107.46,-56.98,-4.6E-02));
#11856 = VECTOR('',#11857,1.);
#11857 = DIRECTION('',(0.,0.,1.));
#11858 = ORIENTED_EDGE('',*,*,#11331,.F.);
#11859 = ORIENTED_EDGE('',*,*,#11853,.F.);
#11860 = CYLINDRICAL_SURFACE('',#11861,0.42);
#11861 = AXIS2_PLACEMENT_3D('',#11862,#11863,#11864);
#11862 = CARTESIAN_POINT('',(107.46,-56.56,-4.6E-02));
#11863 = DIRECTION('',(-0.,-0.,-1.));
#11864 = DIRECTION('',(-3.383536836953E-14,-1.,0.));
#11865 = ADVANCED_FACE('',(#11866),#11877,.F.);
#11866 = FACE_BOUND('',#11867,.T.);
#11867 = EDGE_LOOP('',(#11868,#11869,#11875,#11876));
#11868 = ORIENTED_EDGE('',*,*,#10918,.T.);
#11869 = ORIENTED_EDGE('',*,*,#11870,.T.);
#11870 = EDGE_CURVE('',#10919,#11343,#11871,.T.);
#11871 = LINE('',#11872,#11873);
#11872 = CARTESIAN_POINT('',(107.46,-54.44,-4.6E-02));
#11873 = VECTOR('',#11874,1.);
#11874 = DIRECTION('',(0.,0.,1.));
#11875 = ORIENTED_EDGE('',*,*,#11342,.F.);
#11876 = ORIENTED_EDGE('',*,*,#11870,.F.);
#11877 = CYLINDRICAL_SURFACE('',#11878,0.42);
#11878 = AXIS2_PLACEMENT_3D('',#11879,#11880,#11881);
#11879 = CARTESIAN_POINT('',(107.46,-54.02,-4.6E-02));
#11880 = DIRECTION('',(-0.,-0.,-1.));
#11881 = DIRECTION('',(-3.383536836953E-14,-1.,0.));
#11882 = ADVANCED_FACE('',(#11883),#11894,.F.);
#11883 = FACE_BOUND('',#11884,.T.);
#11884 = EDGE_LOOP('',(#11885,#11886,#11892,#11893));
#11885 = ORIENTED_EDGE('',*,*,#10929,.T.);
#11886 = ORIENTED_EDGE('',*,*,#11887,.T.);
#11887 = EDGE_CURVE('',#10930,#11354,#11888,.T.);
#11888 = LINE('',#11889,#11890);
#11889 = CARTESIAN_POINT('',(103.1,-51.98,-4.6E-02));
#11890 = VECTOR('',#11891,1.);
#11891 = DIRECTION('',(0.,0.,1.));
#11892 = ORIENTED_EDGE('',*,*,#11353,.F.);
#11893 = ORIENTED_EDGE('',*,*,#11887,.F.);
#11894 = CYLINDRICAL_SURFACE('',#11895,0.5);
#11895 = AXIS2_PLACEMENT_3D('',#11896,#11897,#11898);
#11896 = CARTESIAN_POINT('',(103.1,-51.48,-4.6E-02));
#11897 = DIRECTION('',(-0.,-0.,-1.));
#11898 = DIRECTION('',(-0.,-1.,0.));
#11899 = ADVANCED_FACE('',(#11900),#11911,.F.);
#11900 = FACE_BOUND('',#11901,.T.);
#11901 = EDGE_LOOP('',(#11902,#11903,#11909,#11910));
#11902 = ORIENTED_EDGE('',*,*,#10940,.T.);
#11903 = ORIENTED_EDGE('',*,*,#11904,.T.);
#11904 = EDGE_CURVE('',#10941,#11365,#11905,.T.);
#11905 = LINE('',#11906,#11907);
#11906 = CARTESIAN_POINT('',(107.46,-51.9,-4.6E-02));
#11907 = VECTOR('',#11908,1.);
#11908 = DIRECTION('',(0.,0.,1.));
#11909 = ORIENTED_EDGE('',*,*,#11364,.F.);
#11910 = ORIENTED_EDGE('',*,*,#11904,.F.);
#11911 = CYLINDRICAL_SURFACE('',#11912,0.42);
#11912 = AXIS2_PLACEMENT_3D('',#11913,#11914,#11915);
#11913 = CARTESIAN_POINT('',(107.46,-51.48,-4.6E-02));
#11914 = DIRECTION('',(-0.,-0.,-1.));
#11915 = DIRECTION('',(-3.383536836953E-14,-1.,0.));
#11916 = ADVANCED_FACE('',(#11917),#11928,.F.);
#11917 = FACE_BOUND('',#11918,.T.);
#11918 = EDGE_LOOP('',(#11919,#11920,#11926,#11927));
#11919 = ORIENTED_EDGE('',*,*,#10951,.T.);
#11920 = ORIENTED_EDGE('',*,*,#11921,.T.);
#11921 = EDGE_CURVE('',#10952,#11376,#11922,.T.);
#11922 = LINE('',#11923,#11924);
#11923 = CARTESIAN_POINT('',(103.1,-49.44,-4.6E-02));
#11924 = VECTOR('',#11925,1.);
#11925 = DIRECTION('',(0.,0.,1.));
#11926 = ORIENTED_EDGE('',*,*,#11375,.F.);
#11927 = ORIENTED_EDGE('',*,*,#11921,.F.);
#11928 = CYLINDRICAL_SURFACE('',#11929,0.5);
#11929 = AXIS2_PLACEMENT_3D('',#11930,#11931,#11932);
#11930 = CARTESIAN_POINT('',(103.1,-48.94,-4.6E-02));
#11931 = DIRECTION('',(-0.,-0.,-1.));
#11932 = DIRECTION('',(-0.,-1.,0.));
#11933 = ADVANCED_FACE('',(#11934),#11945,.F.);
#11934 = FACE_BOUND('',#11935,.T.);
#11935 = EDGE_LOOP('',(#11936,#11937,#11943,#11944));
#11936 = ORIENTED_EDGE('',*,*,#10962,.T.);
#11937 = ORIENTED_EDGE('',*,*,#11938,.T.);
#11938 = EDGE_CURVE('',#10963,#11387,#11939,.T.);
#11939 = LINE('',#11940,#11941);
#11940 = CARTESIAN_POINT('',(103.1,-46.9,-4.6E-02));
#11941 = VECTOR('',#11942,1.);
#11942 = DIRECTION('',(0.,0.,1.));
#11943 = ORIENTED_EDGE('',*,*,#11386,.F.);
#11944 = ORIENTED_EDGE('',*,*,#11938,.F.);
#11945 = CYLINDRICAL_SURFACE('',#11946,0.5);
#11946 = AXIS2_PLACEMENT_3D('',#11947,#11948,#11949);
#11947 = CARTESIAN_POINT('',(103.1,-46.4,-4.6E-02));
#11948 = DIRECTION('',(-0.,-0.,-1.));
#11949 = DIRECTION('',(-0.,-1.,0.));
#11950 = ADVANCED_FACE('',(#11951),#11962,.F.);
#11951 = FACE_BOUND('',#11952,.T.);
#11952 = EDGE_LOOP('',(#11953,#11954,#11960,#11961));
#11953 = ORIENTED_EDGE('',*,*,#10973,.T.);
#11954 = ORIENTED_EDGE('',*,*,#11955,.T.);
#11955 = EDGE_CURVE('',#10974,#11398,#11956,.T.);
#11956 = LINE('',#11957,#11958);
#11957 = CARTESIAN_POINT('',(107.46,-49.36,-4.6E-02));
#11958 = VECTOR('',#11959,1.);
#11959 = DIRECTION('',(0.,0.,1.));
#11960 = ORIENTED_EDGE('',*,*,#11397,.F.);
#11961 = ORIENTED_EDGE('',*,*,#11955,.F.);
#11962 = CYLINDRICAL_SURFACE('',#11963,0.42);
#11963 = AXIS2_PLACEMENT_3D('',#11964,#11965,#11966);
#11964 = CARTESIAN_POINT('',(107.46,-48.94,-4.6E-02));
#11965 = DIRECTION('',(-0.,-0.,-1.));
#11966 = DIRECTION('',(-3.383536836953E-14,-1.,0.));
#11967 = ADVANCED_FACE('',(#11968),#11979,.F.);
#11968 = FACE_BOUND('',#11969,.T.);
#11969 = EDGE_LOOP('',(#11970,#11971,#11977,#11978));
#11970 = ORIENTED_EDGE('',*,*,#10984,.T.);
#11971 = ORIENTED_EDGE('',*,*,#11972,.T.);
#11972 = EDGE_CURVE('',#10985,#11409,#11973,.T.);
#11973 = LINE('',#11974,#11975);
#11974 = CARTESIAN_POINT('',(107.46,-46.82,-4.6E-02));
#11975 = VECTOR('',#11976,1.);
#11976 = DIRECTION('',(0.,0.,1.));
#11977 = ORIENTED_EDGE('',*,*,#11408,.F.);
#11978 = ORIENTED_EDGE('',*,*,#11972,.F.);
#11979 = CYLINDRICAL_SURFACE('',#11980,0.42);
#11980 = AXIS2_PLACEMENT_3D('',#11981,#11982,#11983);
#11981 = CARTESIAN_POINT('',(107.46,-46.4,-4.6E-02));
#11982 = DIRECTION('',(-0.,-0.,-1.));
#11983 = DIRECTION('',(-3.383536836953E-14,-1.,0.));
#11984 = ADVANCED_FACE('',(#11985),#11996,.F.);
#11985 = FACE_BOUND('',#11986,.T.);
#11986 = EDGE_LOOP('',(#11987,#11988,#11994,#11995));
#11987 = ORIENTED_EDGE('',*,*,#10995,.T.);
#11988 = ORIENTED_EDGE('',*,*,#11989,.T.);
#11989 = EDGE_CURVE('',#10996,#11420,#11990,.T.);
#11990 = LINE('',#11991,#11992);
#11991 = CARTESIAN_POINT('',(103.1,-44.36,-4.6E-02));
#11992 = VECTOR('',#11993,1.);
#11993 = DIRECTION('',(0.,0.,1.));
#11994 = ORIENTED_EDGE('',*,*,#11419,.F.);
#11995 = ORIENTED_EDGE('',*,*,#11989,.F.);
#11996 = CYLINDRICAL_SURFACE('',#11997,0.5);
#11997 = AXIS2_PLACEMENT_3D('',#11998,#11999,#12000);
#11998 = CARTESIAN_POINT('',(103.1,-43.86,-4.6E-02));
#11999 = DIRECTION('',(-0.,-0.,-1.));
#12000 = DIRECTION('',(-0.,-1.,0.));
#12001 = ADVANCED_FACE('',(#12002),#12013,.F.);
#12002 = FACE_BOUND('',#12003,.T.);
#12003 = EDGE_LOOP('',(#12004,#12005,#12011,#12012));
#12004 = ORIENTED_EDGE('',*,*,#11006,.T.);
#12005 = ORIENTED_EDGE('',*,*,#12006,.T.);
#12006 = EDGE_CURVE('',#11007,#11431,#12007,.T.);
#12007 = LINE('',#12008,#12009);
#12008 = CARTESIAN_POINT('',(107.46,-44.28,-4.6E-02));
#12009 = VECTOR('',#12010,1.);
#12010 = DIRECTION('',(0.,0.,1.));
#12011 = ORIENTED_EDGE('',*,*,#11430,.F.);
#12012 = ORIENTED_EDGE('',*,*,#12006,.F.);
#12013 = CYLINDRICAL_SURFACE('',#12014,0.42);
#12014 = AXIS2_PLACEMENT_3D('',#12015,#12016,#12017);
#12015 = CARTESIAN_POINT('',(107.46,-43.86,-4.6E-02));
#12016 = DIRECTION('',(-0.,-0.,-1.));
#12017 = DIRECTION('',(-3.383536836953E-14,-1.,0.));
#12018 = ADVANCED_FACE('',(#12019),#12030,.F.);
#12019 = FACE_BOUND('',#12020,.T.);
#12020 = EDGE_LOOP('',(#12021,#12022,#12028,#12029));
#12021 = ORIENTED_EDGE('',*,*,#11017,.T.);
#12022 = ORIENTED_EDGE('',*,*,#12023,.T.);
#12023 = EDGE_CURVE('',#11018,#11442,#12024,.T.);
#12024 = LINE('',#12025,#12026);
#12025 = CARTESIAN_POINT('',(122.7,-56.98,-4.6E-02));
#12026 = VECTOR('',#12027,1.);
#12027 = DIRECTION('',(0.,0.,1.));
#12028 = ORIENTED_EDGE('',*,*,#11441,.F.);
#12029 = ORIENTED_EDGE('',*,*,#12023,.F.);
#12030 = CYLINDRICAL_SURFACE('',#12031,0.42);
#12031 = AXIS2_PLACEMENT_3D('',#12032,#12033,#12034);
#12032 = CARTESIAN_POINT('',(122.7,-56.56,-4.6E-02));
#12033 = DIRECTION('',(-0.,-0.,-1.));
#12034 = DIRECTION('',(-0.,-1.,0.));
#12035 = ADVANCED_FACE('',(#12036),#12047,.F.);
#12036 = FACE_BOUND('',#12037,.T.);
#12037 = EDGE_LOOP('',(#12038,#12039,#12045,#12046));
#12038 = ORIENTED_EDGE('',*,*,#11028,.T.);
#12039 = ORIENTED_EDGE('',*,*,#12040,.T.);
#12040 = EDGE_CURVE('',#11029,#11453,#12041,.T.);
#12041 = LINE('',#12042,#12043);
#12042 = CARTESIAN_POINT('',(122.7,-54.44,-4.6E-02));
#12043 = VECTOR('',#12044,1.);
#12044 = DIRECTION('',(0.,0.,1.));
#12045 = ORIENTED_EDGE('',*,*,#11452,.F.);
#12046 = ORIENTED_EDGE('',*,*,#12040,.F.);
#12047 = CYLINDRICAL_SURFACE('',#12048,0.42);
#12048 = AXIS2_PLACEMENT_3D('',#12049,#12050,#12051);
#12049 = CARTESIAN_POINT('',(122.7,-54.02,-4.6E-02));
#12050 = DIRECTION('',(-0.,-0.,-1.));
#12051 = DIRECTION('',(-0.,-1.,0.));
#12052 = ADVANCED_FACE('',(#12053),#12064,.F.);
#12053 = FACE_BOUND('',#12054,.T.);
#12054 = EDGE_LOOP('',(#12055,#12056,#12062,#12063));
#12055 = ORIENTED_EDGE('',*,*,#11039,.T.);
#12056 = ORIENTED_EDGE('',*,*,#12057,.T.);
#12057 = EDGE_CURVE('',#11040,#11464,#12058,.T.);
#12058 = LINE('',#12059,#12060);
#12059 = CARTESIAN_POINT('',(127.,-55.27,-4.6E-02));
#12060 = VECTOR('',#12061,1.);
#12061 = DIRECTION('',(0.,0.,1.));
#12062 = ORIENTED_EDGE('',*,*,#11463,.F.);
#12063 = ORIENTED_EDGE('',*,*,#12057,.F.);
#12064 = CYLINDRICAL_SURFACE('',#12065,0.5);
#12065 = AXIS2_PLACEMENT_3D('',#12066,#12067,#12068);
#12066 = CARTESIAN_POINT('',(127.,-54.77,-4.6E-02));
#12067 = DIRECTION('',(-0.,-0.,-1.));
#12068 = DIRECTION('',(-0.,-1.,0.));
#12069 = ADVANCED_FACE('',(#12070),#12081,.F.);
#12070 = FACE_BOUND('',#12071,.T.);
#12071 = EDGE_LOOP('',(#12072,#12073,#12079,#12080));
#12072 = ORIENTED_EDGE('',*,*,#11050,.T.);
#12073 = ORIENTED_EDGE('',*,*,#12074,.T.);
#12074 = EDGE_CURVE('',#11051,#11475,#12075,.T.);
#12075 = LINE('',#12076,#12077);
#12076 = CARTESIAN_POINT('',(122.7,-51.9,-4.6E-02));
#12077 = VECTOR('',#12078,1.);
#12078 = DIRECTION('',(0.,0.,1.));
#12079 = ORIENTED_EDGE('',*,*,#11474,.F.);
#12080 = ORIENTED_EDGE('',*,*,#12074,.F.);
#12081 = CYLINDRICAL_SURFACE('',#12082,0.42);
#12082 = AXIS2_PLACEMENT_3D('',#12083,#12084,#12085);
#12083 = CARTESIAN_POINT('',(122.7,-51.48,-4.6E-02));
#12084 = DIRECTION('',(-0.,-0.,-1.));
#12085 = DIRECTION('',(-0.,-1.,0.));
#12086 = ADVANCED_FACE('',(#12087),#12098,.F.);
#12087 = FACE_BOUND('',#12088,.T.);
#12088 = EDGE_LOOP('',(#12089,#12090,#12096,#12097));
#12089 = ORIENTED_EDGE('',*,*,#11061,.T.);
#12090 = ORIENTED_EDGE('',*,*,#12091,.T.);
#12091 = EDGE_CURVE('',#11062,#11486,#12092,.T.);
#12092 = LINE('',#12093,#12094);
#12093 = CARTESIAN_POINT('',(127.,-52.73,-4.6E-02));
#12094 = VECTOR('',#12095,1.);
#12095 = DIRECTION('',(0.,0.,1.));
#12096 = ORIENTED_EDGE('',*,*,#11485,.F.);
#12097 = ORIENTED_EDGE('',*,*,#12091,.F.);
#12098 = CYLINDRICAL_SURFACE('',#12099,0.5);
#12099 = AXIS2_PLACEMENT_3D('',#12100,#12101,#12102);
#12100 = CARTESIAN_POINT('',(127.,-52.23,-4.6E-02));
#12101 = DIRECTION('',(-0.,-0.,-1.));
#12102 = DIRECTION('',(-0.,-1.,0.));
#12103 = ADVANCED_FACE('',(#12104),#12115,.F.);
#12104 = FACE_BOUND('',#12105,.T.);
#12105 = EDGE_LOOP('',(#12106,#12107,#12113,#12114));
#12106 = ORIENTED_EDGE('',*,*,#11072,.T.);
#12107 = ORIENTED_EDGE('',*,*,#12108,.T.);
#12108 = EDGE_CURVE('',#11073,#11497,#12109,.T.);
#12109 = LINE('',#12110,#12111);
#12110 = CARTESIAN_POINT('',(127.,-50.19,-4.6E-02));
#12111 = VECTOR('',#12112,1.);
#12112 = DIRECTION('',(0.,0.,1.));
#12113 = ORIENTED_EDGE('',*,*,#11496,.F.);
#12114 = ORIENTED_EDGE('',*,*,#12108,.F.);
#12115 = CYLINDRICAL_SURFACE('',#12116,0.5);
#12116 = AXIS2_PLACEMENT_3D('',#12117,#12118,#12119);
#12117 = CARTESIAN_POINT('',(127.,-49.69,-4.6E-02));
#12118 = DIRECTION('',(-0.,-0.,-1.));
#12119 = DIRECTION('',(-0.,-1.,0.));
#12120 = ADVANCED_FACE('',(#12121),#12132,.F.);
#12121 = FACE_BOUND('',#12122,.T.);
#12122 = EDGE_LOOP('',(#12123,#12124,#12130,#12131));
#12123 = ORIENTED_EDGE('',*,*,#11083,.T.);
#12124 = ORIENTED_EDGE('',*,*,#12125,.T.);
#12125 = EDGE_CURVE('',#11084,#11508,#12126,.T.);
#12126 = LINE('',#12127,#12128);
#12127 = CARTESIAN_POINT('',(122.7,-49.36,-4.6E-02));
#12128 = VECTOR('',#12129,1.);
#12129 = DIRECTION('',(0.,0.,1.));
#12130 = ORIENTED_EDGE('',*,*,#11507,.F.);
#12131 = ORIENTED_EDGE('',*,*,#12125,.F.);
#12132 = CYLINDRICAL_SURFACE('',#12133,0.42);
#12133 = AXIS2_PLACEMENT_3D('',#12134,#12135,#12136);
#12134 = CARTESIAN_POINT('',(122.7,-48.94,-4.6E-02));
#12135 = DIRECTION('',(-0.,-0.,-1.));
#12136 = DIRECTION('',(-0.,-1.,0.));
#12137 = ADVANCED_FACE('',(#12138),#12149,.F.);
#12138 = FACE_BOUND('',#12139,.T.);
#12139 = EDGE_LOOP('',(#12140,#12141,#12147,#12148));
#12140 = ORIENTED_EDGE('',*,*,#11094,.T.);
#12141 = ORIENTED_EDGE('',*,*,#12142,.T.);
#12142 = EDGE_CURVE('',#11095,#11519,#12143,.T.);
#12143 = LINE('',#12144,#12145);
#12144 = CARTESIAN_POINT('',(122.7,-46.82,-4.6E-02));
#12145 = VECTOR('',#12146,1.);
#12146 = DIRECTION('',(0.,0.,1.));
#12147 = ORIENTED_EDGE('',*,*,#11518,.F.);
#12148 = ORIENTED_EDGE('',*,*,#12142,.F.);
#12149 = CYLINDRICAL_SURFACE('',#12150,0.42);
#12150 = AXIS2_PLACEMENT_3D('',#12151,#12152,#12153);
#12151 = CARTESIAN_POINT('',(122.7,-46.4,-4.6E-02));
#12152 = DIRECTION('',(-0.,-0.,-1.));
#12153 = DIRECTION('',(-0.,-1.,0.));
#12154 = ADVANCED_FACE('',(#12155),#12166,.F.);
#12155 = FACE_BOUND('',#12156,.T.);
#12156 = EDGE_LOOP('',(#12157,#12158,#12164,#12165));
#12157 = ORIENTED_EDGE('',*,*,#11105,.T.);
#12158 = ORIENTED_EDGE('',*,*,#12159,.T.);
#12159 = EDGE_CURVE('',#11106,#11530,#12160,.T.);
#12160 = LINE('',#12161,#12162);
#12161 = CARTESIAN_POINT('',(127.,-47.65,-4.6E-02));
#12162 = VECTOR('',#12163,1.);
#12163 = DIRECTION('',(0.,0.,1.));
#12164 = ORIENTED_EDGE('',*,*,#11529,.F.);
#12165 = ORIENTED_EDGE('',*,*,#12159,.F.);
#12166 = CYLINDRICAL_SURFACE('',#12167,0.5);
#12167 = AXIS2_PLACEMENT_3D('',#12168,#12169,#12170);
#12168 = CARTESIAN_POINT('',(127.,-47.15,-4.6E-02));
#12169 = DIRECTION('',(-0.,-0.,-1.));
#12170 = DIRECTION('',(-0.,-1.,0.));
#12171 = ADVANCED_FACE('',(#12172),#12183,.F.);
#12172 = FACE_BOUND('',#12173,.T.);
#12173 = EDGE_LOOP('',(#12174,#12175,#12181,#12182));
#12174 = ORIENTED_EDGE('',*,*,#11116,.T.);
#12175 = ORIENTED_EDGE('',*,*,#12176,.T.);
#12176 = EDGE_CURVE('',#11117,#11541,#12177,.T.);
#12177 = LINE('',#12178,#12179);
#12178 = CARTESIAN_POINT('',(122.7,-44.28,-4.6E-02));
#12179 = VECTOR('',#12180,1.);
#12180 = DIRECTION('',(0.,0.,1.));
#12181 = ORIENTED_EDGE('',*,*,#11540,.F.);
#12182 = ORIENTED_EDGE('',*,*,#12176,.F.);
#12183 = CYLINDRICAL_SURFACE('',#12184,0.42);
#12184 = AXIS2_PLACEMENT_3D('',#12185,#12186,#12187);
#12185 = CARTESIAN_POINT('',(122.7,-43.86,-4.6E-02));
#12186 = DIRECTION('',(-0.,-0.,-1.));
#12187 = DIRECTION('',(-0.,-1.,0.));
#12188 = ADVANCED_FACE('',(#12189),#12200,.F.);
#12189 = FACE_BOUND('',#12190,.T.);
#12190 = EDGE_LOOP('',(#12191,#12192,#12198,#12199));
#12191 = ORIENTED_EDGE('',*,*,#11127,.T.);
#12192 = ORIENTED_EDGE('',*,*,#12193,.T.);
#12193 = EDGE_CURVE('',#11128,#11552,#12194,.T.);
#12194 = LINE('',#12195,#12196);
#12195 = CARTESIAN_POINT('',(127.5,-44.5,-4.6E-02));
#12196 = VECTOR('',#12197,1.);
#12197 = DIRECTION('',(0.,0.,1.));
#12198 = ORIENTED_EDGE('',*,*,#11551,.F.);
#12199 = ORIENTED_EDGE('',*,*,#12193,.F.);
#12200 = CYLINDRICAL_SURFACE('',#12201,1.6);
#12201 = AXIS2_PLACEMENT_3D('',#12202,#12203,#12204);
#12202 = CARTESIAN_POINT('',(127.5,-42.9,-4.6E-02));
#12203 = DIRECTION('',(-0.,-0.,-1.));
#12204 = DIRECTION('',(-0.,-1.,0.));
#12205 = ( GEOMETRIC_REPRESENTATION_CONTEXT(3) 
GLOBAL_UNCERTAINTY_ASSIGNED_CONTEXT((#12209)) 
GLOBAL_UNIT_ASSIGNED_CONTEXT((#12206,#12207,#12208)) 
REPRESENTATION_CONTEXT('Context #1',
  '3D Context with UNIT and UNCERTAINTY') );
#12206 = ( LENGTH_UNIT() NAMED_UNIT(*) SI_UNIT(.MILLI.,.METRE.) );
#12207 = ( NAMED_UNIT(*) PLANE_ANGLE_UNIT() SI_UNIT($,.RADIAN.) );
#12208 = ( NAMED_UNIT(*) SI_UNIT($,.STERADIAN.) SOLID_ANGLE_UNIT() );
#12209 = UNCERTAINTY_MEASURE_WITH_UNIT(LENGTH_MEASURE(1.E-07),#12206,
  'distance_accuracy_value','confusion accuracy');
#12210 = CONTEXT_DEPENDENT_SHAPE_REPRESENTATION(#12211,#12213);
#12211 = ( REPRESENTATION_RELATIONSHIP('','',#10611,#10) 
REPRESENTATION_RELATIONSHIP_WITH_TRANSFORMATION(#12212) 
SHAPE_REPRESENTATION_RELATIONSHIP() );
#12212 = ITEM_DEFINED_TRANSFORMATION('','',#11,#35);
#12213 = PRODUCT_DEFINITION_SHAPE('Placement','Placement of an item',
  #12214);
#12214 = NEXT_ASSEMBLY_USAGE_OCCURRENCE('6','=>[0:1:1:6]','',#5,#10606,$
  );
#12215 = PRODUCT_RELATED_PRODUCT_CATEGORY('part',$,(#10608));
#12216 = MECHANICAL_DESIGN_GEOMETRIC_PRESENTATION_REPRESENTATION('',(
    #12217,#12225,#12232,#12239,#12246,#12253,#12260,#12267,#12274,
    #12281,#12288,#12295,#12302,#12309,#12316,#12323,#12330,#12337,
    #12344,#12351,#12358,#12365,#12372,#12379,#12386,#12393,#12400,
    #12407,#12414,#12421,#12428,#12435,#12442,#12449,#12456,#12463,
    #12470,#12477,#12484,#12491,#12498,#12506,#12513,#12520,#12527,
    #12534,#12541,#12548,#12555,#12562,#12569,#12576,#12583,#12590,
    #12597,#12604,#12611,#12618,#12625,#12632,#12639,#12646,#12653,
    #12660,#12667,#12674,#12681,#12688,#12695,#12702,#12709,#12716,
    #12723,#12730,#12737,#12744,#12751,#12758,#12765,#12772,#12779,
    #12786,#12793,#12800,#12807,#12814,#12821,#12828,#12835,#12842,
    #12849,#12856,#12863,#12870,#12877,#12884,#12891,#12898,#12905,
    #12912,#12919,#12926,#12933,#12940,#12947,#12954,#12961,#12968,
    #12975,#12982,#12989,#12996,#13003,#13010,#13017,#13024,#13031,
    #13038,#13045,#13052,#13059,#13066,#13073,#13080,#13087,#13094,
    #13101,#13108,#13115,#13122,#13129,#13136,#13143,#13150,#13157,
    #13164,#13171,#13178,#13185,#13192,#13199,#13206,#13213,#13220,
    #13227,#13234,#13241,#13248),#8468);
#12217 = STYLED_ITEM('color',(#12218),#4342);
#12218 = PRESENTATION_STYLE_ASSIGNMENT((#12219));
#12219 = SURFACE_STYLE_USAGE(.BOTH.,#12220);
#12220 = SURFACE_SIDE_STYLE('',(#12221));
#12221 = SURFACE_STYLE_FILL_AREA(#12222);
#12222 = FILL_AREA_STYLE('',(#12223));
#12223 = FILL_AREA_STYLE_COLOUR('',#12224);
#12224 = COLOUR_RGB('',0.147999998088,0.144999993226,0.144999993226);
#12225 = STYLED_ITEM('color',(#12226),#4382);
#12226 = PRESENTATION_STYLE_ASSIGNMENT((#12227));
#12227 = SURFACE_STYLE_USAGE(.BOTH.,#12228);
#12228 = SURFACE_SIDE_STYLE('',(#12229));
#12229 = SURFACE_STYLE_FILL_AREA(#12230);
#12230 = FILL_AREA_STYLE('',(#12231));
#12231 = FILL_AREA_STYLE_COLOUR('',#12224);
#12232 = STYLED_ITEM('color',(#12233),#4413);
#12233 = PRESENTATION_STYLE_ASSIGNMENT((#12234));
#12234 = SURFACE_STYLE_USAGE(.BOTH.,#12235);
#12235 = SURFACE_SIDE_STYLE('',(#12236));
#12236 = SURFACE_STYLE_FILL_AREA(#12237);
#12237 = FILL_AREA_STYLE('',(#12238));
#12238 = FILL_AREA_STYLE_COLOUR('',#12224);
#12239 = STYLED_ITEM('color',(#12240),#4444);
#12240 = PRESENTATION_STYLE_ASSIGNMENT((#12241));
#12241 = SURFACE_STYLE_USAGE(.BOTH.,#12242);
#12242 = SURFACE_SIDE_STYLE('',(#12243));
#12243 = SURFACE_STYLE_FILL_AREA(#12244);
#12244 = FILL_AREA_STYLE('',(#12245));
#12245 = FILL_AREA_STYLE_COLOUR('',#12224);
#12246 = STYLED_ITEM('color',(#12247),#4937);
#12247 = PRESENTATION_STYLE_ASSIGNMENT((#12248));
#12248 = SURFACE_STYLE_USAGE(.BOTH.,#12249);
#12249 = SURFACE_SIDE_STYLE('',(#12250));
#12250 = SURFACE_STYLE_FILL_AREA(#12251);
#12251 = FILL_AREA_STYLE('',(#12252));
#12252 = FILL_AREA_STYLE_COLOUR('',#12224);
#12253 = STYLED_ITEM('color',(#12254),#5430);
#12254 = PRESENTATION_STYLE_ASSIGNMENT((#12255));
#12255 = SURFACE_STYLE_USAGE(.BOTH.,#12256);
#12256 = SURFACE_SIDE_STYLE('',(#12257));
#12257 = SURFACE_STYLE_FILL_AREA(#12258);
#12258 = FILL_AREA_STYLE('',(#12259));
#12259 = FILL_AREA_STYLE_COLOUR('',#12224);
#12260 = STYLED_ITEM('color',(#12261),#5447);
#12261 = PRESENTATION_STYLE_ASSIGNMENT((#12262));
#12262 = SURFACE_STYLE_USAGE(.BOTH.,#12263);
#12263 = SURFACE_SIDE_STYLE('',(#12264));
#12264 = SURFACE_STYLE_FILL_AREA(#12265);
#12265 = FILL_AREA_STYLE('',(#12266));
#12266 = FILL_AREA_STYLE_COLOUR('',#12224);
#12267 = STYLED_ITEM('color',(#12268),#5464);
#12268 = PRESENTATION_STYLE_ASSIGNMENT((#12269));
#12269 = SURFACE_STYLE_USAGE(.BOTH.,#12270);
#12270 = SURFACE_SIDE_STYLE('',(#12271));
#12271 = SURFACE_STYLE_FILL_AREA(#12272);
#12272 = FILL_AREA_STYLE('',(#12273));
#12273 = FILL_AREA_STYLE_COLOUR('',#12224);
#12274 = STYLED_ITEM('color',(#12275),#5481);
#12275 = PRESENTATION_STYLE_ASSIGNMENT((#12276));
#12276 = SURFACE_STYLE_USAGE(.BOTH.,#12277);
#12277 = SURFACE_SIDE_STYLE('',(#12278));
#12278 = SURFACE_STYLE_FILL_AREA(#12279);
#12279 = FILL_AREA_STYLE('',(#12280));
#12280 = FILL_AREA_STYLE_COLOUR('',#12224);
#12281 = STYLED_ITEM('color',(#12282),#5498);
#12282 = PRESENTATION_STYLE_ASSIGNMENT((#12283));
#12283 = SURFACE_STYLE_USAGE(.BOTH.,#12284);
#12284 = SURFACE_SIDE_STYLE('',(#12285));
#12285 = SURFACE_STYLE_FILL_AREA(#12286);
#12286 = FILL_AREA_STYLE('',(#12287));
#12287 = FILL_AREA_STYLE_COLOUR('',#12224);
#12288 = STYLED_ITEM('color',(#12289),#5515);
#12289 = PRESENTATION_STYLE_ASSIGNMENT((#12290));
#12290 = SURFACE_STYLE_USAGE(.BOTH.,#12291);
#12291 = SURFACE_SIDE_STYLE('',(#12292));
#12292 = SURFACE_STYLE_FILL_AREA(#12293);
#12293 = FILL_AREA_STYLE('',(#12294));
#12294 = FILL_AREA_STYLE_COLOUR('',#12224);
#12295 = STYLED_ITEM('color',(#12296),#5532);
#12296 = PRESENTATION_STYLE_ASSIGNMENT((#12297));
#12297 = SURFACE_STYLE_USAGE(.BOTH.,#12298);
#12298 = SURFACE_SIDE_STYLE('',(#12299));
#12299 = SURFACE_STYLE_FILL_AREA(#12300);
#12300 = FILL_AREA_STYLE('',(#12301));
#12301 = FILL_AREA_STYLE_COLOUR('',#12224);
#12302 = STYLED_ITEM('color',(#12303),#5549);
#12303 = PRESENTATION_STYLE_ASSIGNMENT((#12304));
#12304 = SURFACE_STYLE_USAGE(.BOTH.,#12305);
#12305 = SURFACE_SIDE_STYLE('',(#12306));
#12306 = SURFACE_STYLE_FILL_AREA(#12307);
#12307 = FILL_AREA_STYLE('',(#12308));
#12308 = FILL_AREA_STYLE_COLOUR('',#12224);
#12309 = STYLED_ITEM('color',(#12310),#5566);
#12310 = PRESENTATION_STYLE_ASSIGNMENT((#12311));
#12311 = SURFACE_STYLE_USAGE(.BOTH.,#12312);
#12312 = SURFACE_SIDE_STYLE('',(#12313));
#12313 = SURFACE_STYLE_FILL_AREA(#12314);
#12314 = FILL_AREA_STYLE('',(#12315));
#12315 = FILL_AREA_STYLE_COLOUR('',#12224);
#12316 = STYLED_ITEM('color',(#12317),#5583);
#12317 = PRESENTATION_STYLE_ASSIGNMENT((#12318));
#12318 = SURFACE_STYLE_USAGE(.BOTH.,#12319);
#12319 = SURFACE_SIDE_STYLE('',(#12320));
#12320 = SURFACE_STYLE_FILL_AREA(#12321);
#12321 = FILL_AREA_STYLE('',(#12322));
#12322 = FILL_AREA_STYLE_COLOUR('',#12224);
#12323 = STYLED_ITEM('color',(#12324),#5600);
#12324 = PRESENTATION_STYLE_ASSIGNMENT((#12325));
#12325 = SURFACE_STYLE_USAGE(.BOTH.,#12326);
#12326 = SURFACE_SIDE_STYLE('',(#12327));
#12327 = SURFACE_STYLE_FILL_AREA(#12328);
#12328 = FILL_AREA_STYLE('',(#12329));
#12329 = FILL_AREA_STYLE_COLOUR('',#12224);
#12330 = STYLED_ITEM('color',(#12331),#5617);
#12331 = PRESENTATION_STYLE_ASSIGNMENT((#12332));
#12332 = SURFACE_STYLE_USAGE(.BOTH.,#12333);
#12333 = SURFACE_SIDE_STYLE('',(#12334));
#12334 = SURFACE_STYLE_FILL_AREA(#12335);
#12335 = FILL_AREA_STYLE('',(#12336));
#12336 = FILL_AREA_STYLE_COLOUR('',#12224);
#12337 = STYLED_ITEM('color',(#12338),#5634);
#12338 = PRESENTATION_STYLE_ASSIGNMENT((#12339));
#12339 = SURFACE_STYLE_USAGE(.BOTH.,#12340);
#12340 = SURFACE_SIDE_STYLE('',(#12341));
#12341 = SURFACE_STYLE_FILL_AREA(#12342);
#12342 = FILL_AREA_STYLE('',(#12343));
#12343 = FILL_AREA_STYLE_COLOUR('',#12224);
#12344 = STYLED_ITEM('color',(#12345),#5651);
#12345 = PRESENTATION_STYLE_ASSIGNMENT((#12346));
#12346 = SURFACE_STYLE_USAGE(.BOTH.,#12347);
#12347 = SURFACE_SIDE_STYLE('',(#12348));
#12348 = SURFACE_STYLE_FILL_AREA(#12349);
#12349 = FILL_AREA_STYLE('',(#12350));
#12350 = FILL_AREA_STYLE_COLOUR('',#12224);
#12351 = STYLED_ITEM('color',(#12352),#5668);
#12352 = PRESENTATION_STYLE_ASSIGNMENT((#12353));
#12353 = SURFACE_STYLE_USAGE(.BOTH.,#12354);
#12354 = SURFACE_SIDE_STYLE('',(#12355));
#12355 = SURFACE_STYLE_FILL_AREA(#12356);
#12356 = FILL_AREA_STYLE('',(#12357));
#12357 = FILL_AREA_STYLE_COLOUR('',#12224);
#12358 = STYLED_ITEM('color',(#12359),#5685);
#12359 = PRESENTATION_STYLE_ASSIGNMENT((#12360));
#12360 = SURFACE_STYLE_USAGE(.BOTH.,#12361);
#12361 = SURFACE_SIDE_STYLE('',(#12362));
#12362 = SURFACE_STYLE_FILL_AREA(#12363);
#12363 = FILL_AREA_STYLE('',(#12364));
#12364 = FILL_AREA_STYLE_COLOUR('',#12224);
#12365 = STYLED_ITEM('color',(#12366),#5702);
#12366 = PRESENTATION_STYLE_ASSIGNMENT((#12367));
#12367 = SURFACE_STYLE_USAGE(.BOTH.,#12368);
#12368 = SURFACE_SIDE_STYLE('',(#12369));
#12369 = SURFACE_STYLE_FILL_AREA(#12370);
#12370 = FILL_AREA_STYLE('',(#12371));
#12371 = FILL_AREA_STYLE_COLOUR('',#12224);
#12372 = STYLED_ITEM('color',(#12373),#5719);
#12373 = PRESENTATION_STYLE_ASSIGNMENT((#12374));
#12374 = SURFACE_STYLE_USAGE(.BOTH.,#12375);
#12375 = SURFACE_SIDE_STYLE('',(#12376));
#12376 = SURFACE_STYLE_FILL_AREA(#12377);
#12377 = FILL_AREA_STYLE('',(#12378));
#12378 = FILL_AREA_STYLE_COLOUR('',#12224);
#12379 = STYLED_ITEM('color',(#12380),#5736);
#12380 = PRESENTATION_STYLE_ASSIGNMENT((#12381));
#12381 = SURFACE_STYLE_USAGE(.BOTH.,#12382);
#12382 = SURFACE_SIDE_STYLE('',(#12383));
#12383 = SURFACE_STYLE_FILL_AREA(#12384);
#12384 = FILL_AREA_STYLE('',(#12385));
#12385 = FILL_AREA_STYLE_COLOUR('',#12224);
#12386 = STYLED_ITEM('color',(#12387),#5753);
#12387 = PRESENTATION_STYLE_ASSIGNMENT((#12388));
#12388 = SURFACE_STYLE_USAGE(.BOTH.,#12389);
#12389 = SURFACE_SIDE_STYLE('',(#12390));
#12390 = SURFACE_STYLE_FILL_AREA(#12391);
#12391 = FILL_AREA_STYLE('',(#12392));
#12392 = FILL_AREA_STYLE_COLOUR('',#12224);
#12393 = STYLED_ITEM('color',(#12394),#5770);
#12394 = PRESENTATION_STYLE_ASSIGNMENT((#12395));
#12395 = SURFACE_STYLE_USAGE(.BOTH.,#12396);
#12396 = SURFACE_SIDE_STYLE('',(#12397));
#12397 = SURFACE_STYLE_FILL_AREA(#12398);
#12398 = FILL_AREA_STYLE('',(#12399));
#12399 = FILL_AREA_STYLE_COLOUR('',#12224);
#12400 = STYLED_ITEM('color',(#12401),#5787);
#12401 = PRESENTATION_STYLE_ASSIGNMENT((#12402));
#12402 = SURFACE_STYLE_USAGE(.BOTH.,#12403);
#12403 = SURFACE_SIDE_STYLE('',(#12404));
#12404 = SURFACE_STYLE_FILL_AREA(#12405);
#12405 = FILL_AREA_STYLE('',(#12406));
#12406 = FILL_AREA_STYLE_COLOUR('',#12224);
#12407 = STYLED_ITEM('color',(#12408),#5804);
#12408 = PRESENTATION_STYLE_ASSIGNMENT((#12409));
#12409 = SURFACE_STYLE_USAGE(.BOTH.,#12410);
#12410 = SURFACE_SIDE_STYLE('',(#12411));
#12411 = SURFACE_STYLE_FILL_AREA(#12412);
#12412 = FILL_AREA_STYLE('',(#12413));
#12413 = FILL_AREA_STYLE_COLOUR('',#12224);
#12414 = STYLED_ITEM('color',(#12415),#5821);
#12415 = PRESENTATION_STYLE_ASSIGNMENT((#12416));
#12416 = SURFACE_STYLE_USAGE(.BOTH.,#12417);
#12417 = SURFACE_SIDE_STYLE('',(#12418));
#12418 = SURFACE_STYLE_FILL_AREA(#12419);
#12419 = FILL_AREA_STYLE('',(#12420));
#12420 = FILL_AREA_STYLE_COLOUR('',#12224);
#12421 = STYLED_ITEM('color',(#12422),#5838);
#12422 = PRESENTATION_STYLE_ASSIGNMENT((#12423));
#12423 = SURFACE_STYLE_USAGE(.BOTH.,#12424);
#12424 = SURFACE_SIDE_STYLE('',(#12425));
#12425 = SURFACE_STYLE_FILL_AREA(#12426);
#12426 = FILL_AREA_STYLE('',(#12427));
#12427 = FILL_AREA_STYLE_COLOUR('',#12224);
#12428 = STYLED_ITEM('color',(#12429),#5855);
#12429 = PRESENTATION_STYLE_ASSIGNMENT((#12430));
#12430 = SURFACE_STYLE_USAGE(.BOTH.,#12431);
#12431 = SURFACE_SIDE_STYLE('',(#12432));
#12432 = SURFACE_STYLE_FILL_AREA(#12433);
#12433 = FILL_AREA_STYLE('',(#12434));
#12434 = FILL_AREA_STYLE_COLOUR('',#12224);
#12435 = STYLED_ITEM('color',(#12436),#5872);
#12436 = PRESENTATION_STYLE_ASSIGNMENT((#12437));
#12437 = SURFACE_STYLE_USAGE(.BOTH.,#12438);
#12438 = SURFACE_SIDE_STYLE('',(#12439));
#12439 = SURFACE_STYLE_FILL_AREA(#12440);
#12440 = FILL_AREA_STYLE('',(#12441));
#12441 = FILL_AREA_STYLE_COLOUR('',#12224);
#12442 = STYLED_ITEM('color',(#12443),#5889);
#12443 = PRESENTATION_STYLE_ASSIGNMENT((#12444));
#12444 = SURFACE_STYLE_USAGE(.BOTH.,#12445);
#12445 = SURFACE_SIDE_STYLE('',(#12446));
#12446 = SURFACE_STYLE_FILL_AREA(#12447);
#12447 = FILL_AREA_STYLE('',(#12448));
#12448 = FILL_AREA_STYLE_COLOUR('',#12224);
#12449 = STYLED_ITEM('color',(#12450),#5906);
#12450 = PRESENTATION_STYLE_ASSIGNMENT((#12451));
#12451 = SURFACE_STYLE_USAGE(.BOTH.,#12452);
#12452 = SURFACE_SIDE_STYLE('',(#12453));
#12453 = SURFACE_STYLE_FILL_AREA(#12454);
#12454 = FILL_AREA_STYLE('',(#12455));
#12455 = FILL_AREA_STYLE_COLOUR('',#12224);
#12456 = STYLED_ITEM('color',(#12457),#5923);
#12457 = PRESENTATION_STYLE_ASSIGNMENT((#12458));
#12458 = SURFACE_STYLE_USAGE(.BOTH.,#12459);
#12459 = SURFACE_SIDE_STYLE('',(#12460));
#12460 = SURFACE_STYLE_FILL_AREA(#12461);
#12461 = FILL_AREA_STYLE('',(#12462));
#12462 = FILL_AREA_STYLE_COLOUR('',#12224);
#12463 = STYLED_ITEM('color',(#12464),#5940);
#12464 = PRESENTATION_STYLE_ASSIGNMENT((#12465));
#12465 = SURFACE_STYLE_USAGE(.BOTH.,#12466);
#12466 = SURFACE_SIDE_STYLE('',(#12467));
#12467 = SURFACE_STYLE_FILL_AREA(#12468);
#12468 = FILL_AREA_STYLE('',(#12469));
#12469 = FILL_AREA_STYLE_COLOUR('',#12224);
#12470 = STYLED_ITEM('color',(#12471),#5957);
#12471 = PRESENTATION_STYLE_ASSIGNMENT((#12472));
#12472 = SURFACE_STYLE_USAGE(.BOTH.,#12473);
#12473 = SURFACE_SIDE_STYLE('',(#12474));
#12474 = SURFACE_STYLE_FILL_AREA(#12475);
#12475 = FILL_AREA_STYLE('',(#12476));
#12476 = FILL_AREA_STYLE_COLOUR('',#12224);
#12477 = STYLED_ITEM('color',(#12478),#5974);
#12478 = PRESENTATION_STYLE_ASSIGNMENT((#12479));
#12479 = SURFACE_STYLE_USAGE(.BOTH.,#12480);
#12480 = SURFACE_SIDE_STYLE('',(#12481));
#12481 = SURFACE_STYLE_FILL_AREA(#12482);
#12482 = FILL_AREA_STYLE('',(#12483));
#12483 = FILL_AREA_STYLE_COLOUR('',#12224);
#12484 = STYLED_ITEM('color',(#12485),#5991);
#12485 = PRESENTATION_STYLE_ASSIGNMENT((#12486));
#12486 = SURFACE_STYLE_USAGE(.BOTH.,#12487);
#12487 = SURFACE_SIDE_STYLE('',(#12488));
#12488 = SURFACE_STYLE_FILL_AREA(#12489);
#12489 = FILL_AREA_STYLE('',(#12490));
#12490 = FILL_AREA_STYLE_COLOUR('',#12224);
#12491 = STYLED_ITEM('color',(#12492),#6008);
#12492 = PRESENTATION_STYLE_ASSIGNMENT((#12493));
#12493 = SURFACE_STYLE_USAGE(.BOTH.,#12494);
#12494 = SURFACE_SIDE_STYLE('',(#12495));
#12495 = SURFACE_STYLE_FILL_AREA(#12496);
#12496 = FILL_AREA_STYLE('',(#12497));
#12497 = FILL_AREA_STYLE_COLOUR('',#12224);
#12498 = STYLED_ITEM('color',(#12499),#6020);
#12499 = PRESENTATION_STYLE_ASSIGNMENT((#12500));
#12500 = SURFACE_STYLE_USAGE(.BOTH.,#12501);
#12501 = SURFACE_SIDE_STYLE('',(#12502));
#12502 = SURFACE_STYLE_FILL_AREA(#12503);
#12503 = FILL_AREA_STYLE('',(#12504));
#12504 = FILL_AREA_STYLE_COLOUR('',#12505);
#12505 = COLOUR_RGB('',0.859000020776,0.737999965183,0.495999988746);
#12506 = STYLED_ITEM('color',(#12507),#6051);
#12507 = PRESENTATION_STYLE_ASSIGNMENT((#12508));
#12508 = SURFACE_STYLE_USAGE(.BOTH.,#12509);
#12509 = SURFACE_SIDE_STYLE('',(#12510));
#12510 = SURFACE_STYLE_FILL_AREA(#12511);
#12511 = FILL_AREA_STYLE('',(#12512));
#12512 = FILL_AREA_STYLE_COLOUR('',#12505);
#12513 = STYLED_ITEM('color',(#12514),#6075);
#12514 = PRESENTATION_STYLE_ASSIGNMENT((#12515));
#12515 = SURFACE_STYLE_USAGE(.BOTH.,#12516);
#12516 = SURFACE_SIDE_STYLE('',(#12517));
#12517 = SURFACE_STYLE_FILL_AREA(#12518);
#12518 = FILL_AREA_STYLE('',(#12519));
#12519 = FILL_AREA_STYLE_COLOUR('',#12505);
#12520 = STYLED_ITEM('color',(#12521),#6099);
#12521 = PRESENTATION_STYLE_ASSIGNMENT((#12522));
#12522 = SURFACE_STYLE_USAGE(.BOTH.,#12523);
#12523 = SURFACE_SIDE_STYLE('',(#12524));
#12524 = SURFACE_STYLE_FILL_AREA(#12525);
#12525 = FILL_AREA_STYLE('',(#12526));
#12526 = FILL_AREA_STYLE_COLOUR('',#12505);
#12527 = STYLED_ITEM('color',(#12528),#6116);
#12528 = PRESENTATION_STYLE_ASSIGNMENT((#12529));
#12529 = SURFACE_STYLE_USAGE(.BOTH.,#12530);
#12530 = SURFACE_SIDE_STYLE('',(#12531));
#12531 = SURFACE_STYLE_FILL_AREA(#12532);
#12532 = FILL_AREA_STYLE('',(#12533));
#12533 = FILL_AREA_STYLE_COLOUR('',#12505);
#12534 = STYLED_ITEM('color',(#12535),#6147);
#12535 = PRESENTATION_STYLE_ASSIGNMENT((#12536));
#12536 = SURFACE_STYLE_USAGE(.BOTH.,#12537);
#12537 = SURFACE_SIDE_STYLE('',(#12538));
#12538 = SURFACE_STYLE_FILL_AREA(#12539);
#12539 = FILL_AREA_STYLE('',(#12540));
#12540 = FILL_AREA_STYLE_COLOUR('',#12505);
#12541 = STYLED_ITEM('color',(#12542),#6171);
#12542 = PRESENTATION_STYLE_ASSIGNMENT((#12543));
#12543 = SURFACE_STYLE_USAGE(.BOTH.,#12544);
#12544 = SURFACE_SIDE_STYLE('',(#12545));
#12545 = SURFACE_STYLE_FILL_AREA(#12546);
#12546 = FILL_AREA_STYLE('',(#12547));
#12547 = FILL_AREA_STYLE_COLOUR('',#12505);
#12548 = STYLED_ITEM('color',(#12549),#6195);
#12549 = PRESENTATION_STYLE_ASSIGNMENT((#12550));
#12550 = SURFACE_STYLE_USAGE(.BOTH.,#12551);
#12551 = SURFACE_SIDE_STYLE('',(#12552));
#12552 = SURFACE_STYLE_FILL_AREA(#12553);
#12553 = FILL_AREA_STYLE('',(#12554));
#12554 = FILL_AREA_STYLE_COLOUR('',#12505);
#12555 = STYLED_ITEM('color',(#12556),#6212);
#12556 = PRESENTATION_STYLE_ASSIGNMENT((#12557));
#12557 = SURFACE_STYLE_USAGE(.BOTH.,#12558);
#12558 = SURFACE_SIDE_STYLE('',(#12559));
#12559 = SURFACE_STYLE_FILL_AREA(#12560);
#12560 = FILL_AREA_STYLE('',(#12561));
#12561 = FILL_AREA_STYLE_COLOUR('',#12505);
#12562 = STYLED_ITEM('color',(#12563),#6243);
#12563 = PRESENTATION_STYLE_ASSIGNMENT((#12564));
#12564 = SURFACE_STYLE_USAGE(.BOTH.,#12565);
#12565 = SURFACE_SIDE_STYLE('',(#12566));
#12566 = SURFACE_STYLE_FILL_AREA(#12567);
#12567 = FILL_AREA_STYLE('',(#12568));
#12568 = FILL_AREA_STYLE_COLOUR('',#12505);
#12569 = STYLED_ITEM('color',(#12570),#6267);
#12570 = PRESENTATION_STYLE_ASSIGNMENT((#12571));
#12571 = SURFACE_STYLE_USAGE(.BOTH.,#12572);
#12572 = SURFACE_SIDE_STYLE('',(#12573));
#12573 = SURFACE_STYLE_FILL_AREA(#12574);
#12574 = FILL_AREA_STYLE('',(#12575));
#12575 = FILL_AREA_STYLE_COLOUR('',#12505);
#12576 = STYLED_ITEM('color',(#12577),#6291);
#12577 = PRESENTATION_STYLE_ASSIGNMENT((#12578));
#12578 = SURFACE_STYLE_USAGE(.BOTH.,#12579);
#12579 = SURFACE_SIDE_STYLE('',(#12580));
#12580 = SURFACE_STYLE_FILL_AREA(#12581);
#12581 = FILL_AREA_STYLE('',(#12582));
#12582 = FILL_AREA_STYLE_COLOUR('',#12505);
#12583 = STYLED_ITEM('color',(#12584),#6308);
#12584 = PRESENTATION_STYLE_ASSIGNMENT((#12585));
#12585 = SURFACE_STYLE_USAGE(.BOTH.,#12586);
#12586 = SURFACE_SIDE_STYLE('',(#12587));
#12587 = SURFACE_STYLE_FILL_AREA(#12588);
#12588 = FILL_AREA_STYLE('',(#12589));
#12589 = FILL_AREA_STYLE_COLOUR('',#12505);
#12590 = STYLED_ITEM('color',(#12591),#6339);
#12591 = PRESENTATION_STYLE_ASSIGNMENT((#12592));
#12592 = SURFACE_STYLE_USAGE(.BOTH.,#12593);
#12593 = SURFACE_SIDE_STYLE('',(#12594));
#12594 = SURFACE_STYLE_FILL_AREA(#12595);
#12595 = FILL_AREA_STYLE('',(#12596));
#12596 = FILL_AREA_STYLE_COLOUR('',#12505);
#12597 = STYLED_ITEM('color',(#12598),#6363);
#12598 = PRESENTATION_STYLE_ASSIGNMENT((#12599));
#12599 = SURFACE_STYLE_USAGE(.BOTH.,#12600);
#12600 = SURFACE_SIDE_STYLE('',(#12601));
#12601 = SURFACE_STYLE_FILL_AREA(#12602);
#12602 = FILL_AREA_STYLE('',(#12603));
#12603 = FILL_AREA_STYLE_COLOUR('',#12505);
#12604 = STYLED_ITEM('color',(#12605),#6387);
#12605 = PRESENTATION_STYLE_ASSIGNMENT((#12606));
#12606 = SURFACE_STYLE_USAGE(.BOTH.,#12607);
#12607 = SURFACE_SIDE_STYLE('',(#12608));
#12608 = SURFACE_STYLE_FILL_AREA(#12609);
#12609 = FILL_AREA_STYLE('',(#12610));
#12610 = FILL_AREA_STYLE_COLOUR('',#12505);
#12611 = STYLED_ITEM('color',(#12612),#6404);
#12612 = PRESENTATION_STYLE_ASSIGNMENT((#12613));
#12613 = SURFACE_STYLE_USAGE(.BOTH.,#12614);
#12614 = SURFACE_SIDE_STYLE('',(#12615));
#12615 = SURFACE_STYLE_FILL_AREA(#12616);
#12616 = FILL_AREA_STYLE('',(#12617));
#12617 = FILL_AREA_STYLE_COLOUR('',#12505);
#12618 = STYLED_ITEM('color',(#12619),#6435);
#12619 = PRESENTATION_STYLE_ASSIGNMENT((#12620));
#12620 = SURFACE_STYLE_USAGE(.BOTH.,#12621);
#12621 = SURFACE_SIDE_STYLE('',(#12622));
#12622 = SURFACE_STYLE_FILL_AREA(#12623);
#12623 = FILL_AREA_STYLE('',(#12624));
#12624 = FILL_AREA_STYLE_COLOUR('',#12505);
#12625 = STYLED_ITEM('color',(#12626),#6459);
#12626 = PRESENTATION_STYLE_ASSIGNMENT((#12627));
#12627 = SURFACE_STYLE_USAGE(.BOTH.,#12628);
#12628 = SURFACE_SIDE_STYLE('',(#12629));
#12629 = SURFACE_STYLE_FILL_AREA(#12630);
#12630 = FILL_AREA_STYLE('',(#12631));
#12631 = FILL_AREA_STYLE_COLOUR('',#12505);
#12632 = STYLED_ITEM('color',(#12633),#6483);
#12633 = PRESENTATION_STYLE_ASSIGNMENT((#12634));
#12634 = SURFACE_STYLE_USAGE(.BOTH.,#12635);
#12635 = SURFACE_SIDE_STYLE('',(#12636));
#12636 = SURFACE_STYLE_FILL_AREA(#12637);
#12637 = FILL_AREA_STYLE('',(#12638));
#12638 = FILL_AREA_STYLE_COLOUR('',#12505);
#12639 = STYLED_ITEM('color',(#12640),#6500);
#12640 = PRESENTATION_STYLE_ASSIGNMENT((#12641));
#12641 = SURFACE_STYLE_USAGE(.BOTH.,#12642);
#12642 = SURFACE_SIDE_STYLE('',(#12643));
#12643 = SURFACE_STYLE_FILL_AREA(#12644);
#12644 = FILL_AREA_STYLE('',(#12645));
#12645 = FILL_AREA_STYLE_COLOUR('',#12505);
#12646 = STYLED_ITEM('color',(#12647),#6531);
#12647 = PRESENTATION_STYLE_ASSIGNMENT((#12648));
#12648 = SURFACE_STYLE_USAGE(.BOTH.,#12649);
#12649 = SURFACE_SIDE_STYLE('',(#12650));
#12650 = SURFACE_STYLE_FILL_AREA(#12651);
#12651 = FILL_AREA_STYLE('',(#12652));
#12652 = FILL_AREA_STYLE_COLOUR('',#12505);
#12653 = STYLED_ITEM('color',(#12654),#6555);
#12654 = PRESENTATION_STYLE_ASSIGNMENT((#12655));
#12655 = SURFACE_STYLE_USAGE(.BOTH.,#12656);
#12656 = SURFACE_SIDE_STYLE('',(#12657));
#12657 = SURFACE_STYLE_FILL_AREA(#12658);
#12658 = FILL_AREA_STYLE('',(#12659));
#12659 = FILL_AREA_STYLE_COLOUR('',#12505);
#12660 = STYLED_ITEM('color',(#12661),#6579);
#12661 = PRESENTATION_STYLE_ASSIGNMENT((#12662));
#12662 = SURFACE_STYLE_USAGE(.BOTH.,#12663);
#12663 = SURFACE_SIDE_STYLE('',(#12664));
#12664 = SURFACE_STYLE_FILL_AREA(#12665);
#12665 = FILL_AREA_STYLE('',(#12666));
#12666 = FILL_AREA_STYLE_COLOUR('',#12505);
#12667 = STYLED_ITEM('color',(#12668),#6596);
#12668 = PRESENTATION_STYLE_ASSIGNMENT((#12669));
#12669 = SURFACE_STYLE_USAGE(.BOTH.,#12670);
#12670 = SURFACE_SIDE_STYLE('',(#12671));
#12671 = SURFACE_STYLE_FILL_AREA(#12672);
#12672 = FILL_AREA_STYLE('',(#12673));
#12673 = FILL_AREA_STYLE_COLOUR('',#12505);
#12674 = STYLED_ITEM('color',(#12675),#6627);
#12675 = PRESENTATION_STYLE_ASSIGNMENT((#12676));
#12676 = SURFACE_STYLE_USAGE(.BOTH.,#12677);
#12677 = SURFACE_SIDE_STYLE('',(#12678));
#12678 = SURFACE_STYLE_FILL_AREA(#12679);
#12679 = FILL_AREA_STYLE('',(#12680));
#12680 = FILL_AREA_STYLE_COLOUR('',#12505);
#12681 = STYLED_ITEM('color',(#12682),#6651);
#12682 = PRESENTATION_STYLE_ASSIGNMENT((#12683));
#12683 = SURFACE_STYLE_USAGE(.BOTH.,#12684);
#12684 = SURFACE_SIDE_STYLE('',(#12685));
#12685 = SURFACE_STYLE_FILL_AREA(#12686);
#12686 = FILL_AREA_STYLE('',(#12687));
#12687 = FILL_AREA_STYLE_COLOUR('',#12505);
#12688 = STYLED_ITEM('color',(#12689),#6675);
#12689 = PRESENTATION_STYLE_ASSIGNMENT((#12690));
#12690 = SURFACE_STYLE_USAGE(.BOTH.,#12691);
#12691 = SURFACE_SIDE_STYLE('',(#12692));
#12692 = SURFACE_STYLE_FILL_AREA(#12693);
#12693 = FILL_AREA_STYLE('',(#12694));
#12694 = FILL_AREA_STYLE_COLOUR('',#12505);
#12695 = STYLED_ITEM('color',(#12696),#6692);
#12696 = PRESENTATION_STYLE_ASSIGNMENT((#12697));
#12697 = SURFACE_STYLE_USAGE(.BOTH.,#12698);
#12698 = SURFACE_SIDE_STYLE('',(#12699));
#12699 = SURFACE_STYLE_FILL_AREA(#12700);
#12700 = FILL_AREA_STYLE('',(#12701));
#12701 = FILL_AREA_STYLE_COLOUR('',#12505);
#12702 = STYLED_ITEM('color',(#12703),#6723);
#12703 = PRESENTATION_STYLE_ASSIGNMENT((#12704));
#12704 = SURFACE_STYLE_USAGE(.BOTH.,#12705);
#12705 = SURFACE_SIDE_STYLE('',(#12706));
#12706 = SURFACE_STYLE_FILL_AREA(#12707);
#12707 = FILL_AREA_STYLE('',(#12708));
#12708 = FILL_AREA_STYLE_COLOUR('',#12505);
#12709 = STYLED_ITEM('color',(#12710),#6747);
#12710 = PRESENTATION_STYLE_ASSIGNMENT((#12711));
#12711 = SURFACE_STYLE_USAGE(.BOTH.,#12712);
#12712 = SURFACE_SIDE_STYLE('',(#12713));
#12713 = SURFACE_STYLE_FILL_AREA(#12714);
#12714 = FILL_AREA_STYLE('',(#12715));
#12715 = FILL_AREA_STYLE_COLOUR('',#12505);
#12716 = STYLED_ITEM('color',(#12717),#6771);
#12717 = PRESENTATION_STYLE_ASSIGNMENT((#12718));
#12718 = SURFACE_STYLE_USAGE(.BOTH.,#12719);
#12719 = SURFACE_SIDE_STYLE('',(#12720));
#12720 = SURFACE_STYLE_FILL_AREA(#12721);
#12721 = FILL_AREA_STYLE('',(#12722));
#12722 = FILL_AREA_STYLE_COLOUR('',#12505);
#12723 = STYLED_ITEM('color',(#12724),#6788);
#12724 = PRESENTATION_STYLE_ASSIGNMENT((#12725));
#12725 = SURFACE_STYLE_USAGE(.BOTH.,#12726);
#12726 = SURFACE_SIDE_STYLE('',(#12727));
#12727 = SURFACE_STYLE_FILL_AREA(#12728);
#12728 = FILL_AREA_STYLE('',(#12729));
#12729 = FILL_AREA_STYLE_COLOUR('',#12505);
#12730 = STYLED_ITEM('color',(#12731),#6819);
#12731 = PRESENTATION_STYLE_ASSIGNMENT((#12732));
#12732 = SURFACE_STYLE_USAGE(.BOTH.,#12733);
#12733 = SURFACE_SIDE_STYLE('',(#12734));
#12734 = SURFACE_STYLE_FILL_AREA(#12735);
#12735 = FILL_AREA_STYLE('',(#12736));
#12736 = FILL_AREA_STYLE_COLOUR('',#12505);
#12737 = STYLED_ITEM('color',(#12738),#6843);
#12738 = PRESENTATION_STYLE_ASSIGNMENT((#12739));
#12739 = SURFACE_STYLE_USAGE(.BOTH.,#12740);
#12740 = SURFACE_SIDE_STYLE('',(#12741));
#12741 = SURFACE_STYLE_FILL_AREA(#12742);
#12742 = FILL_AREA_STYLE('',(#12743));
#12743 = FILL_AREA_STYLE_COLOUR('',#12505);
#12744 = STYLED_ITEM('color',(#12745),#6867);
#12745 = PRESENTATION_STYLE_ASSIGNMENT((#12746));
#12746 = SURFACE_STYLE_USAGE(.BOTH.,#12747);
#12747 = SURFACE_SIDE_STYLE('',(#12748));
#12748 = SURFACE_STYLE_FILL_AREA(#12749);
#12749 = FILL_AREA_STYLE('',(#12750));
#12750 = FILL_AREA_STYLE_COLOUR('',#12505);
#12751 = STYLED_ITEM('color',(#12752),#6884);
#12752 = PRESENTATION_STYLE_ASSIGNMENT((#12753));
#12753 = SURFACE_STYLE_USAGE(.BOTH.,#12754);
#12754 = SURFACE_SIDE_STYLE('',(#12755));
#12755 = SURFACE_STYLE_FILL_AREA(#12756);
#12756 = FILL_AREA_STYLE('',(#12757));
#12757 = FILL_AREA_STYLE_COLOUR('',#12505);
#12758 = STYLED_ITEM('color',(#12759),#6915);
#12759 = PRESENTATION_STYLE_ASSIGNMENT((#12760));
#12760 = SURFACE_STYLE_USAGE(.BOTH.,#12761);
#12761 = SURFACE_SIDE_STYLE('',(#12762));
#12762 = SURFACE_STYLE_FILL_AREA(#12763);
#12763 = FILL_AREA_STYLE('',(#12764));
#12764 = FILL_AREA_STYLE_COLOUR('',#12505);
#12765 = STYLED_ITEM('color',(#12766),#6939);
#12766 = PRESENTATION_STYLE_ASSIGNMENT((#12767));
#12767 = SURFACE_STYLE_USAGE(.BOTH.,#12768);
#12768 = SURFACE_SIDE_STYLE('',(#12769));
#12769 = SURFACE_STYLE_FILL_AREA(#12770);
#12770 = FILL_AREA_STYLE('',(#12771));
#12771 = FILL_AREA_STYLE_COLOUR('',#12505);
#12772 = STYLED_ITEM('color',(#12773),#6963);
#12773 = PRESENTATION_STYLE_ASSIGNMENT((#12774));
#12774 = SURFACE_STYLE_USAGE(.BOTH.,#12775);
#12775 = SURFACE_SIDE_STYLE('',(#12776));
#12776 = SURFACE_STYLE_FILL_AREA(#12777);
#12777 = FILL_AREA_STYLE('',(#12778));
#12778 = FILL_AREA_STYLE_COLOUR('',#12505);
#12779 = STYLED_ITEM('color',(#12780),#6980);
#12780 = PRESENTATION_STYLE_ASSIGNMENT((#12781));
#12781 = SURFACE_STYLE_USAGE(.BOTH.,#12782);
#12782 = SURFACE_SIDE_STYLE('',(#12783));
#12783 = SURFACE_STYLE_FILL_AREA(#12784);
#12784 = FILL_AREA_STYLE('',(#12785));
#12785 = FILL_AREA_STYLE_COLOUR('',#12505);
#12786 = STYLED_ITEM('color',(#12787),#7011);
#12787 = PRESENTATION_STYLE_ASSIGNMENT((#12788));
#12788 = SURFACE_STYLE_USAGE(.BOTH.,#12789);
#12789 = SURFACE_SIDE_STYLE('',(#12790));
#12790 = SURFACE_STYLE_FILL_AREA(#12791);
#12791 = FILL_AREA_STYLE('',(#12792));
#12792 = FILL_AREA_STYLE_COLOUR('',#12505);
#12793 = STYLED_ITEM('color',(#12794),#7035);
#12794 = PRESENTATION_STYLE_ASSIGNMENT((#12795));
#12795 = SURFACE_STYLE_USAGE(.BOTH.,#12796);
#12796 = SURFACE_SIDE_STYLE('',(#12797));
#12797 = SURFACE_STYLE_FILL_AREA(#12798);
#12798 = FILL_AREA_STYLE('',(#12799));
#12799 = FILL_AREA_STYLE_COLOUR('',#12505);
#12800 = STYLED_ITEM('color',(#12801),#7059);
#12801 = PRESENTATION_STYLE_ASSIGNMENT((#12802));
#12802 = SURFACE_STYLE_USAGE(.BOTH.,#12803);
#12803 = SURFACE_SIDE_STYLE('',(#12804));
#12804 = SURFACE_STYLE_FILL_AREA(#12805);
#12805 = FILL_AREA_STYLE('',(#12806));
#12806 = FILL_AREA_STYLE_COLOUR('',#12505);
#12807 = STYLED_ITEM('color',(#12808),#7076);
#12808 = PRESENTATION_STYLE_ASSIGNMENT((#12809));
#12809 = SURFACE_STYLE_USAGE(.BOTH.,#12810);
#12810 = SURFACE_SIDE_STYLE('',(#12811));
#12811 = SURFACE_STYLE_FILL_AREA(#12812);
#12812 = FILL_AREA_STYLE('',(#12813));
#12813 = FILL_AREA_STYLE_COLOUR('',#12505);
#12814 = STYLED_ITEM('color',(#12815),#7107);
#12815 = PRESENTATION_STYLE_ASSIGNMENT((#12816));
#12816 = SURFACE_STYLE_USAGE(.BOTH.,#12817);
#12817 = SURFACE_SIDE_STYLE('',(#12818));
#12818 = SURFACE_STYLE_FILL_AREA(#12819);
#12819 = FILL_AREA_STYLE('',(#12820));
#12820 = FILL_AREA_STYLE_COLOUR('',#12505);
#12821 = STYLED_ITEM('color',(#12822),#7131);
#12822 = PRESENTATION_STYLE_ASSIGNMENT((#12823));
#12823 = SURFACE_STYLE_USAGE(.BOTH.,#12824);
#12824 = SURFACE_SIDE_STYLE('',(#12825));
#12825 = SURFACE_STYLE_FILL_AREA(#12826);
#12826 = FILL_AREA_STYLE('',(#12827));
#12827 = FILL_AREA_STYLE_COLOUR('',#12505);
#12828 = STYLED_ITEM('color',(#12829),#7155);
#12829 = PRESENTATION_STYLE_ASSIGNMENT((#12830));
#12830 = SURFACE_STYLE_USAGE(.BOTH.,#12831);
#12831 = SURFACE_SIDE_STYLE('',(#12832));
#12832 = SURFACE_STYLE_FILL_AREA(#12833);
#12833 = FILL_AREA_STYLE('',(#12834));
#12834 = FILL_AREA_STYLE_COLOUR('',#12505);
#12835 = STYLED_ITEM('color',(#12836),#7172);
#12836 = PRESENTATION_STYLE_ASSIGNMENT((#12837));
#12837 = SURFACE_STYLE_USAGE(.BOTH.,#12838);
#12838 = SURFACE_SIDE_STYLE('',(#12839));
#12839 = SURFACE_STYLE_FILL_AREA(#12840);
#12840 = FILL_AREA_STYLE('',(#12841));
#12841 = FILL_AREA_STYLE_COLOUR('',#12505);
#12842 = STYLED_ITEM('color',(#12843),#7203);
#12843 = PRESENTATION_STYLE_ASSIGNMENT((#12844));
#12844 = SURFACE_STYLE_USAGE(.BOTH.,#12845);
#12845 = SURFACE_SIDE_STYLE('',(#12846));
#12846 = SURFACE_STYLE_FILL_AREA(#12847);
#12847 = FILL_AREA_STYLE('',(#12848));
#12848 = FILL_AREA_STYLE_COLOUR('',#12505);
#12849 = STYLED_ITEM('color',(#12850),#7227);
#12850 = PRESENTATION_STYLE_ASSIGNMENT((#12851));
#12851 = SURFACE_STYLE_USAGE(.BOTH.,#12852);
#12852 = SURFACE_SIDE_STYLE('',(#12853));
#12853 = SURFACE_STYLE_FILL_AREA(#12854);
#12854 = FILL_AREA_STYLE('',(#12855));
#12855 = FILL_AREA_STYLE_COLOUR('',#12505);
#12856 = STYLED_ITEM('color',(#12857),#7251);
#12857 = PRESENTATION_STYLE_ASSIGNMENT((#12858));
#12858 = SURFACE_STYLE_USAGE(.BOTH.,#12859);
#12859 = SURFACE_SIDE_STYLE('',(#12860));
#12860 = SURFACE_STYLE_FILL_AREA(#12861);
#12861 = FILL_AREA_STYLE('',(#12862));
#12862 = FILL_AREA_STYLE_COLOUR('',#12505);
#12863 = STYLED_ITEM('color',(#12864),#7268);
#12864 = PRESENTATION_STYLE_ASSIGNMENT((#12865));
#12865 = SURFACE_STYLE_USAGE(.BOTH.,#12866);
#12866 = SURFACE_SIDE_STYLE('',(#12867));
#12867 = SURFACE_STYLE_FILL_AREA(#12868);
#12868 = FILL_AREA_STYLE('',(#12869));
#12869 = FILL_AREA_STYLE_COLOUR('',#12505);
#12870 = STYLED_ITEM('color',(#12871),#7299);
#12871 = PRESENTATION_STYLE_ASSIGNMENT((#12872));
#12872 = SURFACE_STYLE_USAGE(.BOTH.,#12873);
#12873 = SURFACE_SIDE_STYLE('',(#12874));
#12874 = SURFACE_STYLE_FILL_AREA(#12875);
#12875 = FILL_AREA_STYLE('',(#12876));
#12876 = FILL_AREA_STYLE_COLOUR('',#12505);
#12877 = STYLED_ITEM('color',(#12878),#7323);
#12878 = PRESENTATION_STYLE_ASSIGNMENT((#12879));
#12879 = SURFACE_STYLE_USAGE(.BOTH.,#12880);
#12880 = SURFACE_SIDE_STYLE('',(#12881));
#12881 = SURFACE_STYLE_FILL_AREA(#12882);
#12882 = FILL_AREA_STYLE('',(#12883));
#12883 = FILL_AREA_STYLE_COLOUR('',#12505);
#12884 = STYLED_ITEM('color',(#12885),#7347);
#12885 = PRESENTATION_STYLE_ASSIGNMENT((#12886));
#12886 = SURFACE_STYLE_USAGE(.BOTH.,#12887);
#12887 = SURFACE_SIDE_STYLE('',(#12888));
#12888 = SURFACE_STYLE_FILL_AREA(#12889);
#12889 = FILL_AREA_STYLE('',(#12890));
#12890 = FILL_AREA_STYLE_COLOUR('',#12505);
#12891 = STYLED_ITEM('color',(#12892),#7364);
#12892 = PRESENTATION_STYLE_ASSIGNMENT((#12893));
#12893 = SURFACE_STYLE_USAGE(.BOTH.,#12894);
#12894 = SURFACE_SIDE_STYLE('',(#12895));
#12895 = SURFACE_STYLE_FILL_AREA(#12896);
#12896 = FILL_AREA_STYLE('',(#12897));
#12897 = FILL_AREA_STYLE_COLOUR('',#12505);
#12898 = STYLED_ITEM('color',(#12899),#7395);
#12899 = PRESENTATION_STYLE_ASSIGNMENT((#12900));
#12900 = SURFACE_STYLE_USAGE(.BOTH.,#12901);
#12901 = SURFACE_SIDE_STYLE('',(#12902));
#12902 = SURFACE_STYLE_FILL_AREA(#12903);
#12903 = FILL_AREA_STYLE('',(#12904));
#12904 = FILL_AREA_STYLE_COLOUR('',#12505);
#12905 = STYLED_ITEM('color',(#12906),#7419);
#12906 = PRESENTATION_STYLE_ASSIGNMENT((#12907));
#12907 = SURFACE_STYLE_USAGE(.BOTH.,#12908);
#12908 = SURFACE_SIDE_STYLE('',(#12909));
#12909 = SURFACE_STYLE_FILL_AREA(#12910);
#12910 = FILL_AREA_STYLE('',(#12911));
#12911 = FILL_AREA_STYLE_COLOUR('',#12505);
#12912 = STYLED_ITEM('color',(#12913),#7443);
#12913 = PRESENTATION_STYLE_ASSIGNMENT((#12914));
#12914 = SURFACE_STYLE_USAGE(.BOTH.,#12915);
#12915 = SURFACE_SIDE_STYLE('',(#12916));
#12916 = SURFACE_STYLE_FILL_AREA(#12917);
#12917 = FILL_AREA_STYLE('',(#12918));
#12918 = FILL_AREA_STYLE_COLOUR('',#12505);
#12919 = STYLED_ITEM('color',(#12920),#7460);
#12920 = PRESENTATION_STYLE_ASSIGNMENT((#12921));
#12921 = SURFACE_STYLE_USAGE(.BOTH.,#12922);
#12922 = SURFACE_SIDE_STYLE('',(#12923));
#12923 = SURFACE_STYLE_FILL_AREA(#12924);
#12924 = FILL_AREA_STYLE('',(#12925));
#12925 = FILL_AREA_STYLE_COLOUR('',#12505);
#12926 = STYLED_ITEM('color',(#12927),#7491);
#12927 = PRESENTATION_STYLE_ASSIGNMENT((#12928));
#12928 = SURFACE_STYLE_USAGE(.BOTH.,#12929);
#12929 = SURFACE_SIDE_STYLE('',(#12930));
#12930 = SURFACE_STYLE_FILL_AREA(#12931);
#12931 = FILL_AREA_STYLE('',(#12932));
#12932 = FILL_AREA_STYLE_COLOUR('',#12505);
#12933 = STYLED_ITEM('color',(#12934),#7515);
#12934 = PRESENTATION_STYLE_ASSIGNMENT((#12935));
#12935 = SURFACE_STYLE_USAGE(.BOTH.,#12936);
#12936 = SURFACE_SIDE_STYLE('',(#12937));
#12937 = SURFACE_STYLE_FILL_AREA(#12938);
#12938 = FILL_AREA_STYLE('',(#12939));
#12939 = FILL_AREA_STYLE_COLOUR('',#12505);
#12940 = STYLED_ITEM('color',(#12941),#7539);
#12941 = PRESENTATION_STYLE_ASSIGNMENT((#12942));
#12942 = SURFACE_STYLE_USAGE(.BOTH.,#12943);
#12943 = SURFACE_SIDE_STYLE('',(#12944));
#12944 = SURFACE_STYLE_FILL_AREA(#12945);
#12945 = FILL_AREA_STYLE('',(#12946));
#12946 = FILL_AREA_STYLE_COLOUR('',#12505);
#12947 = STYLED_ITEM('color',(#12948),#7556);
#12948 = PRESENTATION_STYLE_ASSIGNMENT((#12949));
#12949 = SURFACE_STYLE_USAGE(.BOTH.,#12950);
#12950 = SURFACE_SIDE_STYLE('',(#12951));
#12951 = SURFACE_STYLE_FILL_AREA(#12952);
#12952 = FILL_AREA_STYLE('',(#12953));
#12953 = FILL_AREA_STYLE_COLOUR('',#12505);
#12954 = STYLED_ITEM('color',(#12955),#7587);
#12955 = PRESENTATION_STYLE_ASSIGNMENT((#12956));
#12956 = SURFACE_STYLE_USAGE(.BOTH.,#12957);
#12957 = SURFACE_SIDE_STYLE('',(#12958));
#12958 = SURFACE_STYLE_FILL_AREA(#12959);
#12959 = FILL_AREA_STYLE('',(#12960));
#12960 = FILL_AREA_STYLE_COLOUR('',#12505);
#12961 = STYLED_ITEM('color',(#12962),#7611);
#12962 = PRESENTATION_STYLE_ASSIGNMENT((#12963));
#12963 = SURFACE_STYLE_USAGE(.BOTH.,#12964);
#12964 = SURFACE_SIDE_STYLE('',(#12965));
#12965 = SURFACE_STYLE_FILL_AREA(#12966);
#12966 = FILL_AREA_STYLE('',(#12967));
#12967 = FILL_AREA_STYLE_COLOUR('',#12505);
#12968 = STYLED_ITEM('color',(#12969),#7635);
#12969 = PRESENTATION_STYLE_ASSIGNMENT((#12970));
#12970 = SURFACE_STYLE_USAGE(.BOTH.,#12971);
#12971 = SURFACE_SIDE_STYLE('',(#12972));
#12972 = SURFACE_STYLE_FILL_AREA(#12973);
#12973 = FILL_AREA_STYLE('',(#12974));
#12974 = FILL_AREA_STYLE_COLOUR('',#12505);
#12975 = STYLED_ITEM('color',(#12976),#7652);
#12976 = PRESENTATION_STYLE_ASSIGNMENT((#12977));
#12977 = SURFACE_STYLE_USAGE(.BOTH.,#12978);
#12978 = SURFACE_SIDE_STYLE('',(#12979));
#12979 = SURFACE_STYLE_FILL_AREA(#12980);
#12980 = FILL_AREA_STYLE('',(#12981));
#12981 = FILL_AREA_STYLE_COLOUR('',#12505);
#12982 = STYLED_ITEM('color',(#12983),#7683);
#12983 = PRESENTATION_STYLE_ASSIGNMENT((#12984));
#12984 = SURFACE_STYLE_USAGE(.BOTH.,#12985);
#12985 = SURFACE_SIDE_STYLE('',(#12986));
#12986 = SURFACE_STYLE_FILL_AREA(#12987);
#12987 = FILL_AREA_STYLE('',(#12988));
#12988 = FILL_AREA_STYLE_COLOUR('',#12505);
#12989 = STYLED_ITEM('color',(#12990),#7707);
#12990 = PRESENTATION_STYLE_ASSIGNMENT((#12991));
#12991 = SURFACE_STYLE_USAGE(.BOTH.,#12992);
#12992 = SURFACE_SIDE_STYLE('',(#12993));
#12993 = SURFACE_STYLE_FILL_AREA(#12994);
#12994 = FILL_AREA_STYLE('',(#12995));
#12995 = FILL_AREA_STYLE_COLOUR('',#12505);
#12996 = STYLED_ITEM('color',(#12997),#7731);
#12997 = PRESENTATION_STYLE_ASSIGNMENT((#12998));
#12998 = SURFACE_STYLE_USAGE(.BOTH.,#12999);
#12999 = SURFACE_SIDE_STYLE('',(#13000));
#13000 = SURFACE_STYLE_FILL_AREA(#13001);
#13001 = FILL_AREA_STYLE('',(#13002));
#13002 = FILL_AREA_STYLE_COLOUR('',#12505);
#13003 = STYLED_ITEM('color',(#13004),#7748);
#13004 = PRESENTATION_STYLE_ASSIGNMENT((#13005));
#13005 = SURFACE_STYLE_USAGE(.BOTH.,#13006);
#13006 = SURFACE_SIDE_STYLE('',(#13007));
#13007 = SURFACE_STYLE_FILL_AREA(#13008);
#13008 = FILL_AREA_STYLE('',(#13009));
#13009 = FILL_AREA_STYLE_COLOUR('',#12505);
#13010 = STYLED_ITEM('color',(#13011),#7779);
#13011 = PRESENTATION_STYLE_ASSIGNMENT((#13012));
#13012 = SURFACE_STYLE_USAGE(.BOTH.,#13013);
#13013 = SURFACE_SIDE_STYLE('',(#13014));
#13014 = SURFACE_STYLE_FILL_AREA(#13015);
#13015 = FILL_AREA_STYLE('',(#13016));
#13016 = FILL_AREA_STYLE_COLOUR('',#12505);
#13017 = STYLED_ITEM('color',(#13018),#7803);
#13018 = PRESENTATION_STYLE_ASSIGNMENT((#13019));
#13019 = SURFACE_STYLE_USAGE(.BOTH.,#13020);
#13020 = SURFACE_SIDE_STYLE('',(#13021));
#13021 = SURFACE_STYLE_FILL_AREA(#13022);
#13022 = FILL_AREA_STYLE('',(#13023));
#13023 = FILL_AREA_STYLE_COLOUR('',#12505);
#13024 = STYLED_ITEM('color',(#13025),#7827);
#13025 = PRESENTATION_STYLE_ASSIGNMENT((#13026));
#13026 = SURFACE_STYLE_USAGE(.BOTH.,#13027);
#13027 = SURFACE_SIDE_STYLE('',(#13028));
#13028 = SURFACE_STYLE_FILL_AREA(#13029);
#13029 = FILL_AREA_STYLE('',(#13030));
#13030 = FILL_AREA_STYLE_COLOUR('',#12505);
#13031 = STYLED_ITEM('color',(#13032),#7844);
#13032 = PRESENTATION_STYLE_ASSIGNMENT((#13033));
#13033 = SURFACE_STYLE_USAGE(.BOTH.,#13034);
#13034 = SURFACE_SIDE_STYLE('',(#13035));
#13035 = SURFACE_STYLE_FILL_AREA(#13036);
#13036 = FILL_AREA_STYLE('',(#13037));
#13037 = FILL_AREA_STYLE_COLOUR('',#12505);
#13038 = STYLED_ITEM('color',(#13039),#7875);
#13039 = PRESENTATION_STYLE_ASSIGNMENT((#13040));
#13040 = SURFACE_STYLE_USAGE(.BOTH.,#13041);
#13041 = SURFACE_SIDE_STYLE('',(#13042));
#13042 = SURFACE_STYLE_FILL_AREA(#13043);
#13043 = FILL_AREA_STYLE('',(#13044));
#13044 = FILL_AREA_STYLE_COLOUR('',#12505);
#13045 = STYLED_ITEM('color',(#13046),#7899);
#13046 = PRESENTATION_STYLE_ASSIGNMENT((#13047));
#13047 = SURFACE_STYLE_USAGE(.BOTH.,#13048);
#13048 = SURFACE_SIDE_STYLE('',(#13049));
#13049 = SURFACE_STYLE_FILL_AREA(#13050);
#13050 = FILL_AREA_STYLE('',(#13051));
#13051 = FILL_AREA_STYLE_COLOUR('',#12505);
#13052 = STYLED_ITEM('color',(#13053),#7923);
#13053 = PRESENTATION_STYLE_ASSIGNMENT((#13054));
#13054 = SURFACE_STYLE_USAGE(.BOTH.,#13055);
#13055 = SURFACE_SIDE_STYLE('',(#13056));
#13056 = SURFACE_STYLE_FILL_AREA(#13057);
#13057 = FILL_AREA_STYLE('',(#13058));
#13058 = FILL_AREA_STYLE_COLOUR('',#12505);
#13059 = STYLED_ITEM('color',(#13060),#7940);
#13060 = PRESENTATION_STYLE_ASSIGNMENT((#13061));
#13061 = SURFACE_STYLE_USAGE(.BOTH.,#13062);
#13062 = SURFACE_SIDE_STYLE('',(#13063));
#13063 = SURFACE_STYLE_FILL_AREA(#13064);
#13064 = FILL_AREA_STYLE('',(#13065));
#13065 = FILL_AREA_STYLE_COLOUR('',#12505);
#13066 = STYLED_ITEM('color',(#13067),#7971);
#13067 = PRESENTATION_STYLE_ASSIGNMENT((#13068));
#13068 = SURFACE_STYLE_USAGE(.BOTH.,#13069);
#13069 = SURFACE_SIDE_STYLE('',(#13070));
#13070 = SURFACE_STYLE_FILL_AREA(#13071);
#13071 = FILL_AREA_STYLE('',(#13072));
#13072 = FILL_AREA_STYLE_COLOUR('',#12505);
#13073 = STYLED_ITEM('color',(#13074),#7995);
#13074 = PRESENTATION_STYLE_ASSIGNMENT((#13075));
#13075 = SURFACE_STYLE_USAGE(.BOTH.,#13076);
#13076 = SURFACE_SIDE_STYLE('',(#13077));
#13077 = SURFACE_STYLE_FILL_AREA(#13078);
#13078 = FILL_AREA_STYLE('',(#13079));
#13079 = FILL_AREA_STYLE_COLOUR('',#12505);
#13080 = STYLED_ITEM('color',(#13081),#8019);
#13081 = PRESENTATION_STYLE_ASSIGNMENT((#13082));
#13082 = SURFACE_STYLE_USAGE(.BOTH.,#13083);
#13083 = SURFACE_SIDE_STYLE('',(#13084));
#13084 = SURFACE_STYLE_FILL_AREA(#13085);
#13085 = FILL_AREA_STYLE('',(#13086));
#13086 = FILL_AREA_STYLE_COLOUR('',#12505);
#13087 = STYLED_ITEM('color',(#13088),#8036);
#13088 = PRESENTATION_STYLE_ASSIGNMENT((#13089));
#13089 = SURFACE_STYLE_USAGE(.BOTH.,#13090);
#13090 = SURFACE_SIDE_STYLE('',(#13091));
#13091 = SURFACE_STYLE_FILL_AREA(#13092);
#13092 = FILL_AREA_STYLE('',(#13093));
#13093 = FILL_AREA_STYLE_COLOUR('',#12505);
#13094 = STYLED_ITEM('color',(#13095),#8067);
#13095 = PRESENTATION_STYLE_ASSIGNMENT((#13096));
#13096 = SURFACE_STYLE_USAGE(.BOTH.,#13097);
#13097 = SURFACE_SIDE_STYLE('',(#13098));
#13098 = SURFACE_STYLE_FILL_AREA(#13099);
#13099 = FILL_AREA_STYLE('',(#13100));
#13100 = FILL_AREA_STYLE_COLOUR('',#12505);
#13101 = STYLED_ITEM('color',(#13102),#8091);
#13102 = PRESENTATION_STYLE_ASSIGNMENT((#13103));
#13103 = SURFACE_STYLE_USAGE(.BOTH.,#13104);
#13104 = SURFACE_SIDE_STYLE('',(#13105));
#13105 = SURFACE_STYLE_FILL_AREA(#13106);
#13106 = FILL_AREA_STYLE('',(#13107));
#13107 = FILL_AREA_STYLE_COLOUR('',#12505);
#13108 = STYLED_ITEM('color',(#13109),#8115);
#13109 = PRESENTATION_STYLE_ASSIGNMENT((#13110));
#13110 = SURFACE_STYLE_USAGE(.BOTH.,#13111);
#13111 = SURFACE_SIDE_STYLE('',(#13112));
#13112 = SURFACE_STYLE_FILL_AREA(#13113);
#13113 = FILL_AREA_STYLE('',(#13114));
#13114 = FILL_AREA_STYLE_COLOUR('',#12505);
#13115 = STYLED_ITEM('color',(#13116),#8132);
#13116 = PRESENTATION_STYLE_ASSIGNMENT((#13117));
#13117 = SURFACE_STYLE_USAGE(.BOTH.,#13118);
#13118 = SURFACE_SIDE_STYLE('',(#13119));
#13119 = SURFACE_STYLE_FILL_AREA(#13120);
#13120 = FILL_AREA_STYLE('',(#13121));
#13121 = FILL_AREA_STYLE_COLOUR('',#12505);
#13122 = STYLED_ITEM('color',(#13123),#8163);
#13123 = PRESENTATION_STYLE_ASSIGNMENT((#13124));
#13124 = SURFACE_STYLE_USAGE(.BOTH.,#13125);
#13125 = SURFACE_SIDE_STYLE('',(#13126));
#13126 = SURFACE_STYLE_FILL_AREA(#13127);
#13127 = FILL_AREA_STYLE('',(#13128));
#13128 = FILL_AREA_STYLE_COLOUR('',#12505);
#13129 = STYLED_ITEM('color',(#13130),#8187);
#13130 = PRESENTATION_STYLE_ASSIGNMENT((#13131));
#13131 = SURFACE_STYLE_USAGE(.BOTH.,#13132);
#13132 = SURFACE_SIDE_STYLE('',(#13133));
#13133 = SURFACE_STYLE_FILL_AREA(#13134);
#13134 = FILL_AREA_STYLE('',(#13135));
#13135 = FILL_AREA_STYLE_COLOUR('',#12505);
#13136 = STYLED_ITEM('color',(#13137),#8211);
#13137 = PRESENTATION_STYLE_ASSIGNMENT((#13138));
#13138 = SURFACE_STYLE_USAGE(.BOTH.,#13139);
#13139 = SURFACE_SIDE_STYLE('',(#13140));
#13140 = SURFACE_STYLE_FILL_AREA(#13141);
#13141 = FILL_AREA_STYLE('',(#13142));
#13142 = FILL_AREA_STYLE_COLOUR('',#12505);
#13143 = STYLED_ITEM('color',(#13144),#8228);
#13144 = PRESENTATION_STYLE_ASSIGNMENT((#13145));
#13145 = SURFACE_STYLE_USAGE(.BOTH.,#13146);
#13146 = SURFACE_SIDE_STYLE('',(#13147));
#13147 = SURFACE_STYLE_FILL_AREA(#13148);
#13148 = FILL_AREA_STYLE('',(#13149));
#13149 = FILL_AREA_STYLE_COLOUR('',#12505);
#13150 = STYLED_ITEM('color',(#13151),#8259);
#13151 = PRESENTATION_STYLE_ASSIGNMENT((#13152));
#13152 = SURFACE_STYLE_USAGE(.BOTH.,#13153);
#13153 = SURFACE_SIDE_STYLE('',(#13154));
#13154 = SURFACE_STYLE_FILL_AREA(#13155);
#13155 = FILL_AREA_STYLE('',(#13156));
#13156 = FILL_AREA_STYLE_COLOUR('',#12505);
#13157 = STYLED_ITEM('color',(#13158),#8283);
#13158 = PRESENTATION_STYLE_ASSIGNMENT((#13159));
#13159 = SURFACE_STYLE_USAGE(.BOTH.,#13160);
#13160 = SURFACE_SIDE_STYLE('',(#13161));
#13161 = SURFACE_STYLE_FILL_AREA(#13162);
#13162 = FILL_AREA_STYLE('',(#13163));
#13163 = FILL_AREA_STYLE_COLOUR('',#12505);
#13164 = STYLED_ITEM('color',(#13165),#8307);
#13165 = PRESENTATION_STYLE_ASSIGNMENT((#13166));
#13166 = SURFACE_STYLE_USAGE(.BOTH.,#13167);
#13167 = SURFACE_SIDE_STYLE('',(#13168));
#13168 = SURFACE_STYLE_FILL_AREA(#13169);
#13169 = FILL_AREA_STYLE('',(#13170));
#13170 = FILL_AREA_STYLE_COLOUR('',#12505);
#13171 = STYLED_ITEM('color',(#13172),#8324);
#13172 = PRESENTATION_STYLE_ASSIGNMENT((#13173));
#13173 = SURFACE_STYLE_USAGE(.BOTH.,#13174);
#13174 = SURFACE_SIDE_STYLE('',(#13175));
#13175 = SURFACE_STYLE_FILL_AREA(#13176);
#13176 = FILL_AREA_STYLE('',(#13177));
#13177 = FILL_AREA_STYLE_COLOUR('',#12505);
#13178 = STYLED_ITEM('color',(#13179),#8336);
#13179 = PRESENTATION_STYLE_ASSIGNMENT((#13180));
#13180 = SURFACE_STYLE_USAGE(.BOTH.,#13181);
#13181 = SURFACE_SIDE_STYLE('',(#13182));
#13182 = SURFACE_STYLE_FILL_AREA(#13183);
#13183 = FILL_AREA_STYLE('',(#13184));
#13184 = FILL_AREA_STYLE_COLOUR('',#12505);
#13185 = STYLED_ITEM('color',(#13186),#8348);
#13186 = PRESENTATION_STYLE_ASSIGNMENT((#13187));
#13187 = SURFACE_STYLE_USAGE(.BOTH.,#13188);
#13188 = SURFACE_SIDE_STYLE('',(#13189));
#13189 = SURFACE_STYLE_FILL_AREA(#13190);
#13190 = FILL_AREA_STYLE('',(#13191));
#13191 = FILL_AREA_STYLE_COLOUR('',#12505);
#13192 = STYLED_ITEM('color',(#13193),#8360);
#13193 = PRESENTATION_STYLE_ASSIGNMENT((#13194));
#13194 = SURFACE_STYLE_USAGE(.BOTH.,#13195);
#13195 = SURFACE_SIDE_STYLE('',(#13196));
#13196 = SURFACE_STYLE_FILL_AREA(#13197);
#13197 = FILL_AREA_STYLE('',(#13198));
#13198 = FILL_AREA_STYLE_COLOUR('',#12505);
#13199 = STYLED_ITEM('color',(#13200),#8372);
#13200 = PRESENTATION_STYLE_ASSIGNMENT((#13201));
#13201 = SURFACE_STYLE_USAGE(.BOTH.,#13202);
#13202 = SURFACE_SIDE_STYLE('',(#13203));
#13203 = SURFACE_STYLE_FILL_AREA(#13204);
#13204 = FILL_AREA_STYLE('',(#13205));
#13205 = FILL_AREA_STYLE_COLOUR('',#12505);
#13206 = STYLED_ITEM('color',(#13207),#8384);
#13207 = PRESENTATION_STYLE_ASSIGNMENT((#13208));
#13208 = SURFACE_STYLE_USAGE(.BOTH.,#13209);
#13209 = SURFACE_SIDE_STYLE('',(#13210));
#13210 = SURFACE_STYLE_FILL_AREA(#13211);
#13211 = FILL_AREA_STYLE('',(#13212));
#13212 = FILL_AREA_STYLE_COLOUR('',#12505);
#13213 = STYLED_ITEM('color',(#13214),#8396);
#13214 = PRESENTATION_STYLE_ASSIGNMENT((#13215));
#13215 = SURFACE_STYLE_USAGE(.BOTH.,#13216);
#13216 = SURFACE_SIDE_STYLE('',(#13217));
#13217 = SURFACE_STYLE_FILL_AREA(#13218);
#13218 = FILL_AREA_STYLE('',(#13219));
#13219 = FILL_AREA_STYLE_COLOUR('',#12505);
#13220 = STYLED_ITEM('color',(#13221),#8408);
#13221 = PRESENTATION_STYLE_ASSIGNMENT((#13222));
#13222 = SURFACE_STYLE_USAGE(.BOTH.,#13223);
#13223 = SURFACE_SIDE_STYLE('',(#13224));
#13224 = SURFACE_STYLE_FILL_AREA(#13225);
#13225 = FILL_AREA_STYLE('',(#13226));
#13226 = FILL_AREA_STYLE_COLOUR('',#12505);
#13227 = STYLED_ITEM('color',(#13228),#8420);
#13228 = PRESENTATION_STYLE_ASSIGNMENT((#13229));
#13229 = SURFACE_STYLE_USAGE(.BOTH.,#13230);
#13230 = SURFACE_SIDE_STYLE('',(#13231));
#13231 = SURFACE_STYLE_FILL_AREA(#13232);
#13232 = FILL_AREA_STYLE('',(#13233));
#13233 = FILL_AREA_STYLE_COLOUR('',#12505);
#13234 = STYLED_ITEM('color',(#13235),#8432);
#13235 = PRESENTATION_STYLE_ASSIGNMENT((#13236));
#13236 = SURFACE_STYLE_USAGE(.BOTH.,#13237);
#13237 = SURFACE_SIDE_STYLE('',(#13238));
#13238 = SURFACE_STYLE_FILL_AREA(#13239);
#13239 = FILL_AREA_STYLE('',(#13240));
#13240 = FILL_AREA_STYLE_COLOUR('',#12505);
#13241 = STYLED_ITEM('color',(#13242),#8444);
#13242 = PRESENTATION_STYLE_ASSIGNMENT((#13243));
#13243 = SURFACE_STYLE_USAGE(.BOTH.,#13244);
#13244 = SURFACE_SIDE_STYLE('',(#13245));
#13245 = SURFACE_STYLE_FILL_AREA(#13246);
#13246 = FILL_AREA_STYLE('',(#13247));
#13247 = FILL_AREA_STYLE_COLOUR('',#12505);
#13248 = STYLED_ITEM('color',(#13249),#8456);
#13249 = PRESENTATION_STYLE_ASSIGNMENT((#13250));
#13250 = SURFACE_STYLE_USAGE(.BOTH.,#13251);
#13251 = SURFACE_SIDE_STYLE('',(#13252));
#13252 = SURFACE_STYLE_FILL_AREA(#13253);
#13253 = FILL_AREA_STYLE('',(#13254));
#13254 = FILL_AREA_STYLE_COLOUR('',#12505);
#13255 = MECHANICAL_DESIGN_GEOMETRIC_PRESENTATION_REPRESENTATION('',(
    #13256,#13263,#13270,#13277,#13284,#13291,#13298,#13305,#13312,
    #13319,#13326,#13333,#13340,#13347,#13354,#13361,#13368,#13375,
    #13382,#13389,#13396,#13403,#13410,#13417,#13424,#13431,#13438,
    #13445,#13452,#13459,#13466,#13473,#13480,#13487,#13494,#13501,
    #13508,#13515,#13522,#13529,#13536,#13543,#13550,#13557,#13564,
    #13571,#13578,#13585,#13592,#13599,#13606,#13613,#13620,#13627,
    #13634,#13641,#13648,#13655,#13662,#13669,#13676,#13683,#13690,
    #13697,#13704,#13711,#13718,#13725,#13732,#13739,#13746,#13753,
    #13760,#13767,#13774,#13781),#10593);
#13256 = STYLED_ITEM('color',(#13257),#8489);
#13257 = PRESENTATION_STYLE_ASSIGNMENT((#13258));
#13258 = SURFACE_STYLE_USAGE(.BOTH.,#13259);
#13259 = SURFACE_SIDE_STYLE('',(#13260));
#13260 = SURFACE_STYLE_FILL_AREA(#13261);
#13261 = FILL_AREA_STYLE('',(#13262));
#13262 = FILL_AREA_STYLE_COLOUR('',#12224);
#13263 = STYLED_ITEM('color',(#13264),#8529);
#13264 = PRESENTATION_STYLE_ASSIGNMENT((#13265));
#13265 = SURFACE_STYLE_USAGE(.BOTH.,#13266);
#13266 = SURFACE_SIDE_STYLE('',(#13267));
#13267 = SURFACE_STYLE_FILL_AREA(#13268);
#13268 = FILL_AREA_STYLE('',(#13269));
#13269 = FILL_AREA_STYLE_COLOUR('',#12224);
#13270 = STYLED_ITEM('color',(#13271),#8560);
#13271 = PRESENTATION_STYLE_ASSIGNMENT((#13272));
#13272 = SURFACE_STYLE_USAGE(.BOTH.,#13273);
#13273 = SURFACE_SIDE_STYLE('',(#13274));
#13274 = SURFACE_STYLE_FILL_AREA(#13275);
#13275 = FILL_AREA_STYLE('',(#13276));
#13276 = FILL_AREA_STYLE_COLOUR('',#12224);
#13277 = STYLED_ITEM('color',(#13278),#8591);
#13278 = PRESENTATION_STYLE_ASSIGNMENT((#13279));
#13279 = SURFACE_STYLE_USAGE(.BOTH.,#13280);
#13280 = SURFACE_SIDE_STYLE('',(#13281));
#13281 = SURFACE_STYLE_FILL_AREA(#13282);
#13282 = FILL_AREA_STYLE('',(#13283));
#13283 = FILL_AREA_STYLE_COLOUR('',#12224);
#13284 = STYLED_ITEM('color',(#13285),#8838);
#13285 = PRESENTATION_STYLE_ASSIGNMENT((#13286));
#13286 = SURFACE_STYLE_USAGE(.BOTH.,#13287);
#13287 = SURFACE_SIDE_STYLE('',(#13288));
#13288 = SURFACE_STYLE_FILL_AREA(#13289);
#13289 = FILL_AREA_STYLE('',(#13290));
#13290 = FILL_AREA_STYLE_COLOUR('',#12224);
#13291 = STYLED_ITEM('color',(#13292),#9085);
#13292 = PRESENTATION_STYLE_ASSIGNMENT((#13293));
#13293 = SURFACE_STYLE_USAGE(.BOTH.,#13294);
#13294 = SURFACE_SIDE_STYLE('',(#13295));
#13295 = SURFACE_STYLE_FILL_AREA(#13296);
#13296 = FILL_AREA_STYLE('',(#13297));
#13297 = FILL_AREA_STYLE_COLOUR('',#12224);
#13298 = STYLED_ITEM('color',(#13299),#9102);
#13299 = PRESENTATION_STYLE_ASSIGNMENT((#13300));
#13300 = SURFACE_STYLE_USAGE(.BOTH.,#13301);
#13301 = SURFACE_SIDE_STYLE('',(#13302));
#13302 = SURFACE_STYLE_FILL_AREA(#13303);
#13303 = FILL_AREA_STYLE('',(#13304));
#13304 = FILL_AREA_STYLE_COLOUR('',#12224);
#13305 = STYLED_ITEM('color',(#13306),#9119);
#13306 = PRESENTATION_STYLE_ASSIGNMENT((#13307));
#13307 = SURFACE_STYLE_USAGE(.BOTH.,#13308);
#13308 = SURFACE_SIDE_STYLE('',(#13309));
#13309 = SURFACE_STYLE_FILL_AREA(#13310);
#13310 = FILL_AREA_STYLE('',(#13311));
#13311 = FILL_AREA_STYLE_COLOUR('',#12224);
#13312 = STYLED_ITEM('color',(#13313),#9136);
#13313 = PRESENTATION_STYLE_ASSIGNMENT((#13314));
#13314 = SURFACE_STYLE_USAGE(.BOTH.,#13315);
#13315 = SURFACE_SIDE_STYLE('',(#13316));
#13316 = SURFACE_STYLE_FILL_AREA(#13317);
#13317 = FILL_AREA_STYLE('',(#13318));
#13318 = FILL_AREA_STYLE_COLOUR('',#12224);
#13319 = STYLED_ITEM('color',(#13320),#9153);
#13320 = PRESENTATION_STYLE_ASSIGNMENT((#13321));
#13321 = SURFACE_STYLE_USAGE(.BOTH.,#13322);
#13322 = SURFACE_SIDE_STYLE('',(#13323));
#13323 = SURFACE_STYLE_FILL_AREA(#13324);
#13324 = FILL_AREA_STYLE('',(#13325));
#13325 = FILL_AREA_STYLE_COLOUR('',#12224);
#13326 = STYLED_ITEM('color',(#13327),#9170);
#13327 = PRESENTATION_STYLE_ASSIGNMENT((#13328));
#13328 = SURFACE_STYLE_USAGE(.BOTH.,#13329);
#13329 = SURFACE_SIDE_STYLE('',(#13330));
#13330 = SURFACE_STYLE_FILL_AREA(#13331);
#13331 = FILL_AREA_STYLE('',(#13332));
#13332 = FILL_AREA_STYLE_COLOUR('',#12224);
#13333 = STYLED_ITEM('color',(#13334),#9187);
#13334 = PRESENTATION_STYLE_ASSIGNMENT((#13335));
#13335 = SURFACE_STYLE_USAGE(.BOTH.,#13336);
#13336 = SURFACE_SIDE_STYLE('',(#13337));
#13337 = SURFACE_STYLE_FILL_AREA(#13338);
#13338 = FILL_AREA_STYLE('',(#13339));
#13339 = FILL_AREA_STYLE_COLOUR('',#12224);
#13340 = STYLED_ITEM('color',(#13341),#9204);
#13341 = PRESENTATION_STYLE_ASSIGNMENT((#13342));
#13342 = SURFACE_STYLE_USAGE(.BOTH.,#13343);
#13343 = SURFACE_SIDE_STYLE('',(#13344));
#13344 = SURFACE_STYLE_FILL_AREA(#13345);
#13345 = FILL_AREA_STYLE('',(#13346));
#13346 = FILL_AREA_STYLE_COLOUR('',#12224);
#13347 = STYLED_ITEM('color',(#13348),#9221);
#13348 = PRESENTATION_STYLE_ASSIGNMENT((#13349));
#13349 = SURFACE_STYLE_USAGE(.BOTH.,#13350);
#13350 = SURFACE_SIDE_STYLE('',(#13351));
#13351 = SURFACE_STYLE_FILL_AREA(#13352);
#13352 = FILL_AREA_STYLE('',(#13353));
#13353 = FILL_AREA_STYLE_COLOUR('',#12224);
#13354 = STYLED_ITEM('color',(#13355),#9238);
#13355 = PRESENTATION_STYLE_ASSIGNMENT((#13356));
#13356 = SURFACE_STYLE_USAGE(.BOTH.,#13357);
#13357 = SURFACE_SIDE_STYLE('',(#13358));
#13358 = SURFACE_STYLE_FILL_AREA(#13359);
#13359 = FILL_AREA_STYLE('',(#13360));
#13360 = FILL_AREA_STYLE_COLOUR('',#12224);
#13361 = STYLED_ITEM('color',(#13362),#9255);
#13362 = PRESENTATION_STYLE_ASSIGNMENT((#13363));
#13363 = SURFACE_STYLE_USAGE(.BOTH.,#13364);
#13364 = SURFACE_SIDE_STYLE('',(#13365));
#13365 = SURFACE_STYLE_FILL_AREA(#13366);
#13366 = FILL_AREA_STYLE('',(#13367));
#13367 = FILL_AREA_STYLE_COLOUR('',#12224);
#13368 = STYLED_ITEM('color',(#13369),#9272);
#13369 = PRESENTATION_STYLE_ASSIGNMENT((#13370));
#13370 = SURFACE_STYLE_USAGE(.BOTH.,#13371);
#13371 = SURFACE_SIDE_STYLE('',(#13372));
#13372 = SURFACE_STYLE_FILL_AREA(#13373);
#13373 = FILL_AREA_STYLE('',(#13374));
#13374 = FILL_AREA_STYLE_COLOUR('',#12224);
#13375 = STYLED_ITEM('color',(#13376),#9289);
#13376 = PRESENTATION_STYLE_ASSIGNMENT((#13377));
#13377 = SURFACE_STYLE_USAGE(.BOTH.,#13378);
#13378 = SURFACE_SIDE_STYLE('',(#13379));
#13379 = SURFACE_STYLE_FILL_AREA(#13380);
#13380 = FILL_AREA_STYLE('',(#13381));
#13381 = FILL_AREA_STYLE_COLOUR('',#12224);
#13382 = STYLED_ITEM('color',(#13383),#9306);
#13383 = PRESENTATION_STYLE_ASSIGNMENT((#13384));
#13384 = SURFACE_STYLE_USAGE(.BOTH.,#13385);
#13385 = SURFACE_SIDE_STYLE('',(#13386));
#13386 = SURFACE_STYLE_FILL_AREA(#13387);
#13387 = FILL_AREA_STYLE('',(#13388));
#13388 = FILL_AREA_STYLE_COLOUR('',#12224);
#13389 = STYLED_ITEM('color',(#13390),#9323);
#13390 = PRESENTATION_STYLE_ASSIGNMENT((#13391));
#13391 = SURFACE_STYLE_USAGE(.BOTH.,#13392);
#13392 = SURFACE_SIDE_STYLE('',(#13393));
#13393 = SURFACE_STYLE_FILL_AREA(#13394);
#13394 = FILL_AREA_STYLE('',(#13395));
#13395 = FILL_AREA_STYLE_COLOUR('',#12224);
#13396 = STYLED_ITEM('color',(#13397),#9340);
#13397 = PRESENTATION_STYLE_ASSIGNMENT((#13398));
#13398 = SURFACE_STYLE_USAGE(.BOTH.,#13399);
#13399 = SURFACE_SIDE_STYLE('',(#13400));
#13400 = SURFACE_STYLE_FILL_AREA(#13401);
#13401 = FILL_AREA_STYLE('',(#13402));
#13402 = FILL_AREA_STYLE_COLOUR('',#12224);
#13403 = STYLED_ITEM('color',(#13404),#9357);
#13404 = PRESENTATION_STYLE_ASSIGNMENT((#13405));
#13405 = SURFACE_STYLE_USAGE(.BOTH.,#13406);
#13406 = SURFACE_SIDE_STYLE('',(#13407));
#13407 = SURFACE_STYLE_FILL_AREA(#13408);
#13408 = FILL_AREA_STYLE('',(#13409));
#13409 = FILL_AREA_STYLE_COLOUR('',#12224);
#13410 = STYLED_ITEM('color',(#13411),#9369);
#13411 = PRESENTATION_STYLE_ASSIGNMENT((#13412));
#13412 = SURFACE_STYLE_USAGE(.BOTH.,#13413);
#13413 = SURFACE_SIDE_STYLE('',(#13414));
#13414 = SURFACE_STYLE_FILL_AREA(#13415);
#13415 = FILL_AREA_STYLE('',(#13416));
#13416 = FILL_AREA_STYLE_COLOUR('',#12505);
#13417 = STYLED_ITEM('color',(#13418),#9400);
#13418 = PRESENTATION_STYLE_ASSIGNMENT((#13419));
#13419 = SURFACE_STYLE_USAGE(.BOTH.,#13420);
#13420 = SURFACE_SIDE_STYLE('',(#13421));
#13421 = SURFACE_STYLE_FILL_AREA(#13422);
#13422 = FILL_AREA_STYLE('',(#13423));
#13423 = FILL_AREA_STYLE_COLOUR('',#12505);
#13424 = STYLED_ITEM('color',(#13425),#9424);
#13425 = PRESENTATION_STYLE_ASSIGNMENT((#13426));
#13426 = SURFACE_STYLE_USAGE(.BOTH.,#13427);
#13427 = SURFACE_SIDE_STYLE('',(#13428));
#13428 = SURFACE_STYLE_FILL_AREA(#13429);
#13429 = FILL_AREA_STYLE('',(#13430));
#13430 = FILL_AREA_STYLE_COLOUR('',#12505);
#13431 = STYLED_ITEM('color',(#13432),#9448);
#13432 = PRESENTATION_STYLE_ASSIGNMENT((#13433));
#13433 = SURFACE_STYLE_USAGE(.BOTH.,#13434);
#13434 = SURFACE_SIDE_STYLE('',(#13435));
#13435 = SURFACE_STYLE_FILL_AREA(#13436);
#13436 = FILL_AREA_STYLE('',(#13437));
#13437 = FILL_AREA_STYLE_COLOUR('',#12505);
#13438 = STYLED_ITEM('color',(#13439),#9465);
#13439 = PRESENTATION_STYLE_ASSIGNMENT((#13440));
#13440 = SURFACE_STYLE_USAGE(.BOTH.,#13441);
#13441 = SURFACE_SIDE_STYLE('',(#13442));
#13442 = SURFACE_STYLE_FILL_AREA(#13443);
#13443 = FILL_AREA_STYLE('',(#13444));
#13444 = FILL_AREA_STYLE_COLOUR('',#12505);
#13445 = STYLED_ITEM('color',(#13446),#9496);
#13446 = PRESENTATION_STYLE_ASSIGNMENT((#13447));
#13447 = SURFACE_STYLE_USAGE(.BOTH.,#13448);
#13448 = SURFACE_SIDE_STYLE('',(#13449));
#13449 = SURFACE_STYLE_FILL_AREA(#13450);
#13450 = FILL_AREA_STYLE('',(#13451));
#13451 = FILL_AREA_STYLE_COLOUR('',#12505);
#13452 = STYLED_ITEM('color',(#13453),#9520);
#13453 = PRESENTATION_STYLE_ASSIGNMENT((#13454));
#13454 = SURFACE_STYLE_USAGE(.BOTH.,#13455);
#13455 = SURFACE_SIDE_STYLE('',(#13456));
#13456 = SURFACE_STYLE_FILL_AREA(#13457);
#13457 = FILL_AREA_STYLE('',(#13458));
#13458 = FILL_AREA_STYLE_COLOUR('',#12505);
#13459 = STYLED_ITEM('color',(#13460),#9544);
#13460 = PRESENTATION_STYLE_ASSIGNMENT((#13461));
#13461 = SURFACE_STYLE_USAGE(.BOTH.,#13462);
#13462 = SURFACE_SIDE_STYLE('',(#13463));
#13463 = SURFACE_STYLE_FILL_AREA(#13464);
#13464 = FILL_AREA_STYLE('',(#13465));
#13465 = FILL_AREA_STYLE_COLOUR('',#12505);
#13466 = STYLED_ITEM('color',(#13467),#9561);
#13467 = PRESENTATION_STYLE_ASSIGNMENT((#13468));
#13468 = SURFACE_STYLE_USAGE(.BOTH.,#13469);
#13469 = SURFACE_SIDE_STYLE('',(#13470));
#13470 = SURFACE_STYLE_FILL_AREA(#13471);
#13471 = FILL_AREA_STYLE('',(#13472));
#13472 = FILL_AREA_STYLE_COLOUR('',#12505);
#13473 = STYLED_ITEM('color',(#13474),#9592);
#13474 = PRESENTATION_STYLE_ASSIGNMENT((#13475));
#13475 = SURFACE_STYLE_USAGE(.BOTH.,#13476);
#13476 = SURFACE_SIDE_STYLE('',(#13477));
#13477 = SURFACE_STYLE_FILL_AREA(#13478);
#13478 = FILL_AREA_STYLE('',(#13479));
#13479 = FILL_AREA_STYLE_COLOUR('',#12505);
#13480 = STYLED_ITEM('color',(#13481),#9616);
#13481 = PRESENTATION_STYLE_ASSIGNMENT((#13482));
#13482 = SURFACE_STYLE_USAGE(.BOTH.,#13483);
#13483 = SURFACE_SIDE_STYLE('',(#13484));
#13484 = SURFACE_STYLE_FILL_AREA(#13485);
#13485 = FILL_AREA_STYLE('',(#13486));
#13486 = FILL_AREA_STYLE_COLOUR('',#12505);
#13487 = STYLED_ITEM('color',(#13488),#9640);
#13488 = PRESENTATION_STYLE_ASSIGNMENT((#13489));
#13489 = SURFACE_STYLE_USAGE(.BOTH.,#13490);
#13490 = SURFACE_SIDE_STYLE('',(#13491));
#13491 = SURFACE_STYLE_FILL_AREA(#13492);
#13492 = FILL_AREA_STYLE('',(#13493));
#13493 = FILL_AREA_STYLE_COLOUR('',#12505);
#13494 = STYLED_ITEM('color',(#13495),#9657);
#13495 = PRESENTATION_STYLE_ASSIGNMENT((#13496));
#13496 = SURFACE_STYLE_USAGE(.BOTH.,#13497);
#13497 = SURFACE_SIDE_STYLE('',(#13498));
#13498 = SURFACE_STYLE_FILL_AREA(#13499);
#13499 = FILL_AREA_STYLE('',(#13500));
#13500 = FILL_AREA_STYLE_COLOUR('',#12505);
#13501 = STYLED_ITEM('color',(#13502),#9688);
#13502 = PRESENTATION_STYLE_ASSIGNMENT((#13503));
#13503 = SURFACE_STYLE_USAGE(.BOTH.,#13504);
#13504 = SURFACE_SIDE_STYLE('',(#13505));
#13505 = SURFACE_STYLE_FILL_AREA(#13506);
#13506 = FILL_AREA_STYLE('',(#13507));
#13507 = FILL_AREA_STYLE_COLOUR('',#12505);
#13508 = STYLED_ITEM('color',(#13509),#9712);
#13509 = PRESENTATION_STYLE_ASSIGNMENT((#13510));
#13510 = SURFACE_STYLE_USAGE(.BOTH.,#13511);
#13511 = SURFACE_SIDE_STYLE('',(#13512));
#13512 = SURFACE_STYLE_FILL_AREA(#13513);
#13513 = FILL_AREA_STYLE('',(#13514));
#13514 = FILL_AREA_STYLE_COLOUR('',#12505);
#13515 = STYLED_ITEM('color',(#13516),#9736);
#13516 = PRESENTATION_STYLE_ASSIGNMENT((#13517));
#13517 = SURFACE_STYLE_USAGE(.BOTH.,#13518);
#13518 = SURFACE_SIDE_STYLE('',(#13519));
#13519 = SURFACE_STYLE_FILL_AREA(#13520);
#13520 = FILL_AREA_STYLE('',(#13521));
#13521 = FILL_AREA_STYLE_COLOUR('',#12505);
#13522 = STYLED_ITEM('color',(#13523),#9753);
#13523 = PRESENTATION_STYLE_ASSIGNMENT((#13524));
#13524 = SURFACE_STYLE_USAGE(.BOTH.,#13525);
#13525 = SURFACE_SIDE_STYLE('',(#13526));
#13526 = SURFACE_STYLE_FILL_AREA(#13527);
#13527 = FILL_AREA_STYLE('',(#13528));
#13528 = FILL_AREA_STYLE_COLOUR('',#12505);
#13529 = STYLED_ITEM('color',(#13530),#9784);
#13530 = PRESENTATION_STYLE_ASSIGNMENT((#13531));
#13531 = SURFACE_STYLE_USAGE(.BOTH.,#13532);
#13532 = SURFACE_SIDE_STYLE('',(#13533));
#13533 = SURFACE_STYLE_FILL_AREA(#13534);
#13534 = FILL_AREA_STYLE('',(#13535));
#13535 = FILL_AREA_STYLE_COLOUR('',#12505);
#13536 = STYLED_ITEM('color',(#13537),#9808);
#13537 = PRESENTATION_STYLE_ASSIGNMENT((#13538));
#13538 = SURFACE_STYLE_USAGE(.BOTH.,#13539);
#13539 = SURFACE_SIDE_STYLE('',(#13540));
#13540 = SURFACE_STYLE_FILL_AREA(#13541);
#13541 = FILL_AREA_STYLE('',(#13542));
#13542 = FILL_AREA_STYLE_COLOUR('',#12505);
#13543 = STYLED_ITEM('color',(#13544),#9832);
#13544 = PRESENTATION_STYLE_ASSIGNMENT((#13545));
#13545 = SURFACE_STYLE_USAGE(.BOTH.,#13546);
#13546 = SURFACE_SIDE_STYLE('',(#13547));
#13547 = SURFACE_STYLE_FILL_AREA(#13548);
#13548 = FILL_AREA_STYLE('',(#13549));
#13549 = FILL_AREA_STYLE_COLOUR('',#12505);
#13550 = STYLED_ITEM('color',(#13551),#9849);
#13551 = PRESENTATION_STYLE_ASSIGNMENT((#13552));
#13552 = SURFACE_STYLE_USAGE(.BOTH.,#13553);
#13553 = SURFACE_SIDE_STYLE('',(#13554));
#13554 = SURFACE_STYLE_FILL_AREA(#13555);
#13555 = FILL_AREA_STYLE('',(#13556));
#13556 = FILL_AREA_STYLE_COLOUR('',#12505);
#13557 = STYLED_ITEM('color',(#13558),#9880);
#13558 = PRESENTATION_STYLE_ASSIGNMENT((#13559));
#13559 = SURFACE_STYLE_USAGE(.BOTH.,#13560);
#13560 = SURFACE_SIDE_STYLE('',(#13561));
#13561 = SURFACE_STYLE_FILL_AREA(#13562);
#13562 = FILL_AREA_STYLE('',(#13563));
#13563 = FILL_AREA_STYLE_COLOUR('',#12505);
#13564 = STYLED_ITEM('color',(#13565),#9904);
#13565 = PRESENTATION_STYLE_ASSIGNMENT((#13566));
#13566 = SURFACE_STYLE_USAGE(.BOTH.,#13567);
#13567 = SURFACE_SIDE_STYLE('',(#13568));
#13568 = SURFACE_STYLE_FILL_AREA(#13569);
#13569 = FILL_AREA_STYLE('',(#13570));
#13570 = FILL_AREA_STYLE_COLOUR('',#12505);
#13571 = STYLED_ITEM('color',(#13572),#9928);
#13572 = PRESENTATION_STYLE_ASSIGNMENT((#13573));
#13573 = SURFACE_STYLE_USAGE(.BOTH.,#13574);
#13574 = SURFACE_SIDE_STYLE('',(#13575));
#13575 = SURFACE_STYLE_FILL_AREA(#13576);
#13576 = FILL_AREA_STYLE('',(#13577));
#13577 = FILL_AREA_STYLE_COLOUR('',#12505);
#13578 = STYLED_ITEM('color',(#13579),#9945);
#13579 = PRESENTATION_STYLE_ASSIGNMENT((#13580));
#13580 = SURFACE_STYLE_USAGE(.BOTH.,#13581);
#13581 = SURFACE_SIDE_STYLE('',(#13582));
#13582 = SURFACE_STYLE_FILL_AREA(#13583);
#13583 = FILL_AREA_STYLE('',(#13584));
#13584 = FILL_AREA_STYLE_COLOUR('',#12505);
#13585 = STYLED_ITEM('color',(#13586),#9976);
#13586 = PRESENTATION_STYLE_ASSIGNMENT((#13587));
#13587 = SURFACE_STYLE_USAGE(.BOTH.,#13588);
#13588 = SURFACE_SIDE_STYLE('',(#13589));
#13589 = SURFACE_STYLE_FILL_AREA(#13590);
#13590 = FILL_AREA_STYLE('',(#13591));
#13591 = FILL_AREA_STYLE_COLOUR('',#12505);
#13592 = STYLED_ITEM('color',(#13593),#10000);
#13593 = PRESENTATION_STYLE_ASSIGNMENT((#13594));
#13594 = SURFACE_STYLE_USAGE(.BOTH.,#13595);
#13595 = SURFACE_SIDE_STYLE('',(#13596));
#13596 = SURFACE_STYLE_FILL_AREA(#13597);
#13597 = FILL_AREA_STYLE('',(#13598));
#13598 = FILL_AREA_STYLE_COLOUR('',#12505);
#13599 = STYLED_ITEM('color',(#13600),#10024);
#13600 = PRESENTATION_STYLE_ASSIGNMENT((#13601));
#13601 = SURFACE_STYLE_USAGE(.BOTH.,#13602);
#13602 = SURFACE_SIDE_STYLE('',(#13603));
#13603 = SURFACE_STYLE_FILL_AREA(#13604);
#13604 = FILL_AREA_STYLE('',(#13605));
#13605 = FILL_AREA_STYLE_COLOUR('',#12505);
#13606 = STYLED_ITEM('color',(#13607),#10041);
#13607 = PRESENTATION_STYLE_ASSIGNMENT((#13608));
#13608 = SURFACE_STYLE_USAGE(.BOTH.,#13609);
#13609 = SURFACE_SIDE_STYLE('',(#13610));
#13610 = SURFACE_STYLE_FILL_AREA(#13611);
#13611 = FILL_AREA_STYLE('',(#13612));
#13612 = FILL_AREA_STYLE_COLOUR('',#12505);
#13613 = STYLED_ITEM('color',(#13614),#10072);
#13614 = PRESENTATION_STYLE_ASSIGNMENT((#13615));
#13615 = SURFACE_STYLE_USAGE(.BOTH.,#13616);
#13616 = SURFACE_SIDE_STYLE('',(#13617));
#13617 = SURFACE_STYLE_FILL_AREA(#13618);
#13618 = FILL_AREA_STYLE('',(#13619));
#13619 = FILL_AREA_STYLE_COLOUR('',#12505);
#13620 = STYLED_ITEM('color',(#13621),#10096);
#13621 = PRESENTATION_STYLE_ASSIGNMENT((#13622));
#13622 = SURFACE_STYLE_USAGE(.BOTH.,#13623);
#13623 = SURFACE_SIDE_STYLE('',(#13624));
#13624 = SURFACE_STYLE_FILL_AREA(#13625);
#13625 = FILL_AREA_STYLE('',(#13626));
#13626 = FILL_AREA_STYLE_COLOUR('',#12505);
#13627 = STYLED_ITEM('color',(#13628),#10120);
#13628 = PRESENTATION_STYLE_ASSIGNMENT((#13629));
#13629 = SURFACE_STYLE_USAGE(.BOTH.,#13630);
#13630 = SURFACE_SIDE_STYLE('',(#13631));
#13631 = SURFACE_STYLE_FILL_AREA(#13632);
#13632 = FILL_AREA_STYLE('',(#13633));
#13633 = FILL_AREA_STYLE_COLOUR('',#12505);
#13634 = STYLED_ITEM('color',(#13635),#10137);
#13635 = PRESENTATION_STYLE_ASSIGNMENT((#13636));
#13636 = SURFACE_STYLE_USAGE(.BOTH.,#13637);
#13637 = SURFACE_SIDE_STYLE('',(#13638));
#13638 = SURFACE_STYLE_FILL_AREA(#13639);
#13639 = FILL_AREA_STYLE('',(#13640));
#13640 = FILL_AREA_STYLE_COLOUR('',#12505);
#13641 = STYLED_ITEM('color',(#13642),#10168);
#13642 = PRESENTATION_STYLE_ASSIGNMENT((#13643));
#13643 = SURFACE_STYLE_USAGE(.BOTH.,#13644);
#13644 = SURFACE_SIDE_STYLE('',(#13645));
#13645 = SURFACE_STYLE_FILL_AREA(#13646);
#13646 = FILL_AREA_STYLE('',(#13647));
#13647 = FILL_AREA_STYLE_COLOUR('',#12505);
#13648 = STYLED_ITEM('color',(#13649),#10192);
#13649 = PRESENTATION_STYLE_ASSIGNMENT((#13650));
#13650 = SURFACE_STYLE_USAGE(.BOTH.,#13651);
#13651 = SURFACE_SIDE_STYLE('',(#13652));
#13652 = SURFACE_STYLE_FILL_AREA(#13653);
#13653 = FILL_AREA_STYLE('',(#13654));
#13654 = FILL_AREA_STYLE_COLOUR('',#12505);
#13655 = STYLED_ITEM('color',(#13656),#10216);
#13656 = PRESENTATION_STYLE_ASSIGNMENT((#13657));
#13657 = SURFACE_STYLE_USAGE(.BOTH.,#13658);
#13658 = SURFACE_SIDE_STYLE('',(#13659));
#13659 = SURFACE_STYLE_FILL_AREA(#13660);
#13660 = FILL_AREA_STYLE('',(#13661));
#13661 = FILL_AREA_STYLE_COLOUR('',#12505);
#13662 = STYLED_ITEM('color',(#13663),#10233);
#13663 = PRESENTATION_STYLE_ASSIGNMENT((#13664));
#13664 = SURFACE_STYLE_USAGE(.BOTH.,#13665);
#13665 = SURFACE_SIDE_STYLE('',(#13666));
#13666 = SURFACE_STYLE_FILL_AREA(#13667);
#13667 = FILL_AREA_STYLE('',(#13668));
#13668 = FILL_AREA_STYLE_COLOUR('',#12505);
#13669 = STYLED_ITEM('color',(#13670),#10264);
#13670 = PRESENTATION_STYLE_ASSIGNMENT((#13671));
#13671 = SURFACE_STYLE_USAGE(.BOTH.,#13672);
#13672 = SURFACE_SIDE_STYLE('',(#13673));
#13673 = SURFACE_STYLE_FILL_AREA(#13674);
#13674 = FILL_AREA_STYLE('',(#13675));
#13675 = FILL_AREA_STYLE_COLOUR('',#12505);
#13676 = STYLED_ITEM('color',(#13677),#10288);
#13677 = PRESENTATION_STYLE_ASSIGNMENT((#13678));
#13678 = SURFACE_STYLE_USAGE(.BOTH.,#13679);
#13679 = SURFACE_SIDE_STYLE('',(#13680));
#13680 = SURFACE_STYLE_FILL_AREA(#13681);
#13681 = FILL_AREA_STYLE('',(#13682));
#13682 = FILL_AREA_STYLE_COLOUR('',#12505);
#13683 = STYLED_ITEM('color',(#13684),#10312);
#13684 = PRESENTATION_STYLE_ASSIGNMENT((#13685));
#13685 = SURFACE_STYLE_USAGE(.BOTH.,#13686);
#13686 = SURFACE_SIDE_STYLE('',(#13687));
#13687 = SURFACE_STYLE_FILL_AREA(#13688);
#13688 = FILL_AREA_STYLE('',(#13689));
#13689 = FILL_AREA_STYLE_COLOUR('',#12505);
#13690 = STYLED_ITEM('color',(#13691),#10329);
#13691 = PRESENTATION_STYLE_ASSIGNMENT((#13692));
#13692 = SURFACE_STYLE_USAGE(.BOTH.,#13693);
#13693 = SURFACE_SIDE_STYLE('',(#13694));
#13694 = SURFACE_STYLE_FILL_AREA(#13695);
#13695 = FILL_AREA_STYLE('',(#13696));
#13696 = FILL_AREA_STYLE_COLOUR('',#12505);
#13697 = STYLED_ITEM('color',(#13698),#10360);
#13698 = PRESENTATION_STYLE_ASSIGNMENT((#13699));
#13699 = SURFACE_STYLE_USAGE(.BOTH.,#13700);
#13700 = SURFACE_SIDE_STYLE('',(#13701));
#13701 = SURFACE_STYLE_FILL_AREA(#13702);
#13702 = FILL_AREA_STYLE('',(#13703));
#13703 = FILL_AREA_STYLE_COLOUR('',#12505);
#13704 = STYLED_ITEM('color',(#13705),#10384);
#13705 = PRESENTATION_STYLE_ASSIGNMENT((#13706));
#13706 = SURFACE_STYLE_USAGE(.BOTH.,#13707);
#13707 = SURFACE_SIDE_STYLE('',(#13708));
#13708 = SURFACE_STYLE_FILL_AREA(#13709);
#13709 = FILL_AREA_STYLE('',(#13710));
#13710 = FILL_AREA_STYLE_COLOUR('',#12505);
#13711 = STYLED_ITEM('color',(#13712),#10408);
#13712 = PRESENTATION_STYLE_ASSIGNMENT((#13713));
#13713 = SURFACE_STYLE_USAGE(.BOTH.,#13714);
#13714 = SURFACE_SIDE_STYLE('',(#13715));
#13715 = SURFACE_STYLE_FILL_AREA(#13716);
#13716 = FILL_AREA_STYLE('',(#13717));
#13717 = FILL_AREA_STYLE_COLOUR('',#12505);
#13718 = STYLED_ITEM('color',(#13719),#10425);
#13719 = PRESENTATION_STYLE_ASSIGNMENT((#13720));
#13720 = SURFACE_STYLE_USAGE(.BOTH.,#13721);
#13721 = SURFACE_SIDE_STYLE('',(#13722));
#13722 = SURFACE_STYLE_FILL_AREA(#13723);
#13723 = FILL_AREA_STYLE('',(#13724));
#13724 = FILL_AREA_STYLE_COLOUR('',#12505);
#13725 = STYLED_ITEM('color',(#13726),#10456);
#13726 = PRESENTATION_STYLE_ASSIGNMENT((#13727));
#13727 = SURFACE_STYLE_USAGE(.BOTH.,#13728);
#13728 = SURFACE_SIDE_STYLE('',(#13729));
#13729 = SURFACE_STYLE_FILL_AREA(#13730);
#13730 = FILL_AREA_STYLE('',(#13731));
#13731 = FILL_AREA_STYLE_COLOUR('',#12505);
#13732 = STYLED_ITEM('color',(#13733),#10480);
#13733 = PRESENTATION_STYLE_ASSIGNMENT((#13734));
#13734 = SURFACE_STYLE_USAGE(.BOTH.,#13735);
#13735 = SURFACE_SIDE_STYLE('',(#13736));
#13736 = SURFACE_STYLE_FILL_AREA(#13737);
#13737 = FILL_AREA_STYLE('',(#13738));
#13738 = FILL_AREA_STYLE_COLOUR('',#12505);
#13739 = STYLED_ITEM('color',(#13740),#10504);
#13740 = PRESENTATION_STYLE_ASSIGNMENT((#13741));
#13741 = SURFACE_STYLE_USAGE(.BOTH.,#13742);
#13742 = SURFACE_SIDE_STYLE('',(#13743));
#13743 = SURFACE_STYLE_FILL_AREA(#13744);
#13744 = FILL_AREA_STYLE('',(#13745));
#13745 = FILL_AREA_STYLE_COLOUR('',#12505);
#13746 = STYLED_ITEM('color',(#13747),#10521);
#13747 = PRESENTATION_STYLE_ASSIGNMENT((#13748));
#13748 = SURFACE_STYLE_USAGE(.BOTH.,#13749);
#13749 = SURFACE_SIDE_STYLE('',(#13750));
#13750 = SURFACE_STYLE_FILL_AREA(#13751);
#13751 = FILL_AREA_STYLE('',(#13752));
#13752 = FILL_AREA_STYLE_COLOUR('',#12505);
#13753 = STYLED_ITEM('color',(#13754),#10533);
#13754 = PRESENTATION_STYLE_ASSIGNMENT((#13755));
#13755 = SURFACE_STYLE_USAGE(.BOTH.,#13756);
#13756 = SURFACE_SIDE_STYLE('',(#13757));
#13757 = SURFACE_STYLE_FILL_AREA(#13758);
#13758 = FILL_AREA_STYLE('',(#13759));
#13759 = FILL_AREA_STYLE_COLOUR('',#12505);
#13760 = STYLED_ITEM('color',(#13761),#10545);
#13761 = PRESENTATION_STYLE_ASSIGNMENT((#13762));
#13762 = SURFACE_STYLE_USAGE(.BOTH.,#13763);
#13763 = SURFACE_SIDE_STYLE('',(#13764));
#13764 = SURFACE_STYLE_FILL_AREA(#13765);
#13765 = FILL_AREA_STYLE('',(#13766));
#13766 = FILL_AREA_STYLE_COLOUR('',#12505);
#13767 = STYLED_ITEM('color',(#13768),#10557);
#13768 = PRESENTATION_STYLE_ASSIGNMENT((#13769));
#13769 = SURFACE_STYLE_USAGE(.BOTH.,#13770);
#13770 = SURFACE_SIDE_STYLE('',(#13771));
#13771 = SURFACE_STYLE_FILL_AREA(#13772);
#13772 = FILL_AREA_STYLE('',(#13773));
#13773 = FILL_AREA_STYLE_COLOUR('',#12505);
#13774 = STYLED_ITEM('color',(#13775),#10569);
#13775 = PRESENTATION_STYLE_ASSIGNMENT((#13776));
#13776 = SURFACE_STYLE_USAGE(.BOTH.,#13777);
#13777 = SURFACE_SIDE_STYLE('',(#13778));
#13778 = SURFACE_STYLE_FILL_AREA(#13779);
#13779 = FILL_AREA_STYLE('',(#13780));
#13780 = FILL_AREA_STYLE_COLOUR('',#12505);
#13781 = STYLED_ITEM('color',(#13782),#10581);
#13782 = PRESENTATION_STYLE_ASSIGNMENT((#13783));
#13783 = SURFACE_STYLE_USAGE(.BOTH.,#13784);
#13784 = SURFACE_SIDE_STYLE('',(#13785));
#13785 = SURFACE_STYLE_FILL_AREA(#13786);
#13786 = FILL_AREA_STYLE('',(#13787));
#13787 = FILL_AREA_STYLE_COLOUR('',#12505);
#13788 = MECHANICAL_DESIGN_GEOMETRIC_PRESENTATION_REPRESENTATION('',(
    #13789,#13797,#13804,#13811,#13818,#13825,#13832,#13839,#13847,
    #13854,#13861,#13868,#13875,#13882,#13890,#13897,#13904,#13911,
    #13918,#13925,#13932,#13939,#13946,#13953,#13960,#13967),#4316);
#13789 = STYLED_ITEM('color',(#13790),#3528);
#13790 = PRESENTATION_STYLE_ASSIGNMENT((#13791));
#13791 = SURFACE_STYLE_USAGE(.BOTH.,#13792);
#13792 = SURFACE_SIDE_STYLE('',(#13793));
#13793 = SURFACE_STYLE_FILL_AREA(#13794);
#13794 = FILL_AREA_STYLE('',(#13795));
#13795 = FILL_AREA_STYLE_COLOUR('',#13796);
#13796 = COLOUR_RGB('',0.823999987314,0.819999987296,0.781000009244);
#13797 = STYLED_ITEM('color',(#13798),#3568);
#13798 = PRESENTATION_STYLE_ASSIGNMENT((#13799));
#13799 = SURFACE_STYLE_USAGE(.BOTH.,#13800);
#13800 = SURFACE_SIDE_STYLE('',(#13801));
#13801 = SURFACE_STYLE_FILL_AREA(#13802);
#13802 = FILL_AREA_STYLE('',(#13803));
#13803 = FILL_AREA_STYLE_COLOUR('',#13796);
#13804 = STYLED_ITEM('color',(#13805),#3651);
#13805 = PRESENTATION_STYLE_ASSIGNMENT((#13806));
#13806 = SURFACE_STYLE_USAGE(.BOTH.,#13807);
#13807 = SURFACE_SIDE_STYLE('',(#13808));
#13808 = SURFACE_STYLE_FILL_AREA(#13809);
#13809 = FILL_AREA_STYLE('',(#13810));
#13810 = FILL_AREA_STYLE_COLOUR('',#13796);
#13811 = STYLED_ITEM('color',(#13812),#3676);
#13812 = PRESENTATION_STYLE_ASSIGNMENT((#13813));
#13813 = SURFACE_STYLE_USAGE(.BOTH.,#13814);
#13814 = SURFACE_SIDE_STYLE('',(#13815));
#13815 = SURFACE_STYLE_FILL_AREA(#13816);
#13816 = FILL_AREA_STYLE('',(#13817));
#13817 = FILL_AREA_STYLE_COLOUR('',#13796);
#13818 = STYLED_ITEM('color',(#13819),#3701);
#13819 = PRESENTATION_STYLE_ASSIGNMENT((#13820));
#13820 = SURFACE_STYLE_USAGE(.BOTH.,#13821);
#13821 = SURFACE_SIDE_STYLE('',(#13822));
#13822 = SURFACE_STYLE_FILL_AREA(#13823);
#13823 = FILL_AREA_STYLE('',(#13824));
#13824 = FILL_AREA_STYLE_COLOUR('',#13796);
#13825 = STYLED_ITEM('color',(#13826),#3768);
#13826 = PRESENTATION_STYLE_ASSIGNMENT((#13827));
#13827 = SURFACE_STYLE_USAGE(.BOTH.,#13828);
#13828 = SURFACE_SIDE_STYLE('',(#13829));
#13829 = SURFACE_STYLE_FILL_AREA(#13830);
#13830 = FILL_AREA_STYLE('',(#13831));
#13831 = FILL_AREA_STYLE_COLOUR('',#13796);
#13832 = STYLED_ITEM('color',(#13833),#3785);
#13833 = PRESENTATION_STYLE_ASSIGNMENT((#13834));
#13834 = SURFACE_STYLE_USAGE(.BOTH.,#13835);
#13835 = SURFACE_SIDE_STYLE('',(#13836));
#13836 = SURFACE_STYLE_FILL_AREA(#13837);
#13837 = FILL_AREA_STYLE('',(#13838));
#13838 = FILL_AREA_STYLE_COLOUR('',#13796);
#13839 = STYLED_ITEM('color',(#13840),#3802);
#13840 = PRESENTATION_STYLE_ASSIGNMENT((#13841));
#13841 = SURFACE_STYLE_USAGE(.BOTH.,#13842);
#13842 = SURFACE_SIDE_STYLE('',(#13843));
#13843 = SURFACE_STYLE_FILL_AREA(#13844);
#13844 = FILL_AREA_STYLE('',(#13845));
#13845 = FILL_AREA_STYLE_COLOUR('',#13846);
#13846 = COLOUR_RGB('',0.894999966383,0.890999961016,0.813000030345);
#13847 = STYLED_ITEM('color',(#13848),#3851);
#13848 = PRESENTATION_STYLE_ASSIGNMENT((#13849));
#13849 = SURFACE_STYLE_USAGE(.BOTH.,#13850);
#13850 = SURFACE_SIDE_STYLE('',(#13851));
#13851 = SURFACE_STYLE_FILL_AREA(#13852);
#13852 = FILL_AREA_STYLE('',(#13853));
#13853 = FILL_AREA_STYLE_COLOUR('',#13796);
#13854 = STYLED_ITEM('color',(#13855),#3868);
#13855 = PRESENTATION_STYLE_ASSIGNMENT((#13856));
#13856 = SURFACE_STYLE_USAGE(.BOTH.,#13857);
#13857 = SURFACE_SIDE_STYLE('',(#13858));
#13858 = SURFACE_STYLE_FILL_AREA(#13859);
#13859 = FILL_AREA_STYLE('',(#13860));
#13860 = FILL_AREA_STYLE_COLOUR('',#13796);
#13861 = STYLED_ITEM('color',(#13862),#3885);
#13862 = PRESENTATION_STYLE_ASSIGNMENT((#13863));
#13863 = SURFACE_STYLE_USAGE(.BOTH.,#13864);
#13864 = SURFACE_SIDE_STYLE('',(#13865));
#13865 = SURFACE_STYLE_FILL_AREA(#13866);
#13866 = FILL_AREA_STYLE('',(#13867));
#13867 = FILL_AREA_STYLE_COLOUR('',#13846);
#13868 = STYLED_ITEM('color',(#13869),#3934);
#13869 = PRESENTATION_STYLE_ASSIGNMENT((#13870));
#13870 = SURFACE_STYLE_USAGE(.BOTH.,#13871);
#13871 = SURFACE_SIDE_STYLE('',(#13872));
#13872 = SURFACE_STYLE_FILL_AREA(#13873);
#13873 = FILL_AREA_STYLE('',(#13874));
#13874 = FILL_AREA_STYLE_COLOUR('',#13846);
#13875 = STYLED_ITEM('color',(#13876),#3951);
#13876 = PRESENTATION_STYLE_ASSIGNMENT((#13877));
#13877 = SURFACE_STYLE_USAGE(.BOTH.,#13878);
#13878 = SURFACE_SIDE_STYLE('',(#13879));
#13879 = SURFACE_STYLE_FILL_AREA(#13880);
#13880 = FILL_AREA_STYLE('',(#13881));
#13881 = FILL_AREA_STYLE_COLOUR('',#13796);
#13882 = STYLED_ITEM('color',(#13883),#4020);
#13883 = PRESENTATION_STYLE_ASSIGNMENT((#13884));
#13884 = SURFACE_STYLE_USAGE(.BOTH.,#13885);
#13885 = SURFACE_SIDE_STYLE('',(#13886));
#13886 = SURFACE_STYLE_FILL_AREA(#13887);
#13887 = FILL_AREA_STYLE('',(#13888));
#13888 = FILL_AREA_STYLE_COLOUR('',#13889);
#13889 = COLOUR_RGB('',8.200000279077E-02,8.600000121357E-02,
  9.399999706163E-02);
#13890 = STYLED_ITEM('color',(#13891),#4051);
#13891 = PRESENTATION_STYLE_ASSIGNMENT((#13892));
#13892 = SURFACE_STYLE_USAGE(.BOTH.,#13893);
#13893 = SURFACE_SIDE_STYLE('',(#13894));
#13894 = SURFACE_STYLE_FILL_AREA(#13895);
#13895 = FILL_AREA_STYLE('',(#13896));
#13896 = FILL_AREA_STYLE_COLOUR('',#13889);
#13897 = STYLED_ITEM('color',(#13898),#4075);
#13898 = PRESENTATION_STYLE_ASSIGNMENT((#13899));
#13899 = SURFACE_STYLE_USAGE(.BOTH.,#13900);
#13900 = SURFACE_SIDE_STYLE('',(#13901));
#13901 = SURFACE_STYLE_FILL_AREA(#13902);
#13902 = FILL_AREA_STYLE('',(#13903));
#13903 = FILL_AREA_STYLE_COLOUR('',#13796);
#13904 = STYLED_ITEM('color',(#13905),#4144);
#13905 = PRESENTATION_STYLE_ASSIGNMENT((#13906));
#13906 = SURFACE_STYLE_USAGE(.BOTH.,#13907);
#13907 = SURFACE_SIDE_STYLE('',(#13908));
#13908 = SURFACE_STYLE_FILL_AREA(#13909);
#13909 = FILL_AREA_STYLE('',(#13910));
#13910 = FILL_AREA_STYLE_COLOUR('',#13889);
#13911 = STYLED_ITEM('color',(#13912),#4168);
#13912 = PRESENTATION_STYLE_ASSIGNMENT((#13913));
#13913 = SURFACE_STYLE_USAGE(.BOTH.,#13914);
#13914 = SURFACE_SIDE_STYLE('',(#13915));
#13915 = SURFACE_STYLE_FILL_AREA(#13916);
#13916 = FILL_AREA_STYLE('',(#13917));
#13917 = FILL_AREA_STYLE_COLOUR('',#13796);
#13918 = STYLED_ITEM('color',(#13919),#4185);
#13919 = PRESENTATION_STYLE_ASSIGNMENT((#13920));
#13920 = SURFACE_STYLE_USAGE(.BOTH.,#13921);
#13921 = SURFACE_SIDE_STYLE('',(#13922));
#13922 = SURFACE_STYLE_FILL_AREA(#13923);
#13923 = FILL_AREA_STYLE('',(#13924));
#13924 = FILL_AREA_STYLE_COLOUR('',#13796);
#13925 = STYLED_ITEM('color',(#13926),#4202);
#13926 = PRESENTATION_STYLE_ASSIGNMENT((#13927));
#13927 = SURFACE_STYLE_USAGE(.BOTH.,#13928);
#13928 = SURFACE_SIDE_STYLE('',(#13929));
#13929 = SURFACE_STYLE_FILL_AREA(#13930);
#13930 = FILL_AREA_STYLE('',(#13931));
#13931 = FILL_AREA_STYLE_COLOUR('',#13796);
#13932 = STYLED_ITEM('color',(#13933),#4219);
#13933 = PRESENTATION_STYLE_ASSIGNMENT((#13934));
#13934 = SURFACE_STYLE_USAGE(.BOTH.,#13935);
#13935 = SURFACE_SIDE_STYLE('',(#13936));
#13936 = SURFACE_STYLE_FILL_AREA(#13937);
#13937 = FILL_AREA_STYLE('',(#13938));
#13938 = FILL_AREA_STYLE_COLOUR('',#13796);
#13939 = STYLED_ITEM('color',(#13940),#4236);
#13940 = PRESENTATION_STYLE_ASSIGNMENT((#13941));
#13941 = SURFACE_STYLE_USAGE(.BOTH.,#13942);
#13942 = SURFACE_SIDE_STYLE('',(#13943));
#13943 = SURFACE_STYLE_FILL_AREA(#13944);
#13944 = FILL_AREA_STYLE('',(#13945));
#13945 = FILL_AREA_STYLE_COLOUR('',#13796);
#13946 = STYLED_ITEM('color',(#13947),#4253);
#13947 = PRESENTATION_STYLE_ASSIGNMENT((#13948));
#13948 = SURFACE_STYLE_USAGE(.BOTH.,#13949);
#13949 = SURFACE_SIDE_STYLE('',(#13950));
#13950 = SURFACE_STYLE_FILL_AREA(#13951);
#13951 = FILL_AREA_STYLE('',(#13952));
#13952 = FILL_AREA_STYLE_COLOUR('',#13796);
#13953 = STYLED_ITEM('color',(#13954),#4270);
#13954 = PRESENTATION_STYLE_ASSIGNMENT((#13955));
#13955 = SURFACE_STYLE_USAGE(.BOTH.,#13956);
#13956 = SURFACE_SIDE_STYLE('',(#13957));
#13957 = SURFACE_STYLE_FILL_AREA(#13958);
#13958 = FILL_AREA_STYLE('',(#13959));
#13959 = FILL_AREA_STYLE_COLOUR('',#13796);
#13960 = STYLED_ITEM('color',(#13961),#4287);
#13961 = PRESENTATION_STYLE_ASSIGNMENT((#13962));
#13962 = SURFACE_STYLE_USAGE(.BOTH.,#13963);
#13963 = SURFACE_SIDE_STYLE('',(#13964));
#13964 = SURFACE_STYLE_FILL_AREA(#13965);
#13965 = FILL_AREA_STYLE('',(#13966));
#13966 = FILL_AREA_STYLE_COLOUR('',#13889);
#13967 = STYLED_ITEM('color',(#13968),#4304);
#13968 = PRESENTATION_STYLE_ASSIGNMENT((#13969));
#13969 = SURFACE_STYLE_USAGE(.BOTH.,#13970);
#13970 = SURFACE_SIDE_STYLE('',(#13971));
#13971 = SURFACE_STYLE_FILL_AREA(#13972);
#13972 = FILL_AREA_STYLE('',(#13973));
#13973 = FILL_AREA_STYLE_COLOUR('',#13889);
#13974 = MECHANICAL_DESIGN_GEOMETRIC_PRESENTATION_REPRESENTATION('',(
    #13975,#13982,#13989,#13996,#14003,#14010,#14017,#14024,#14031,
    #14038,#14045,#14052,#14059,#14066,#14073,#14080,#14087,#14094,
    #14101,#14108,#14115,#14122,#14129,#14136,#14143,#14150,#14157,
    #14164,#14171,#14178,#14185,#14192,#14199,#14206,#14213,#14220,
    #14227,#14234,#14241,#14248,#14255,#14262,#14269,#14276,#14283,
    #14290,#14297,#14304,#14311,#14318,#14325,#14332,#14339,#14346,
    #14353,#14360,#14367,#14374,#14381,#14388,#14395,#14402,#14409,
    #14416,#14423,#14430,#14437,#14444,#14451,#14458,#14465,#14472,
    #14479,#14486,#14493,#14500,#14507,#14514,#14521,#14528,#14535,
    #14542,#14549,#14556,#14563,#14570,#14577,#14584,#14591,#14598,
    #14605,#14612,#14619,#14626,#14633,#14640,#14647,#14654,#14661,
    #14668,#14675,#14682,#14689,#14696,#14703,#14710,#14717,#14724,
    #14731,#14738,#14745,#14752,#14759,#14766,#14773,#14780,#14787,
    #14794,#14801,#14808,#14815,#14822,#14829,#14836),#3507);
#13975 = STYLED_ITEM('color',(#13976),#55);
#13976 = PRESENTATION_STYLE_ASSIGNMENT((#13977));
#13977 = SURFACE_STYLE_USAGE(.BOTH.,#13978);
#13978 = SURFACE_SIDE_STYLE('',(#13979));
#13979 = SURFACE_STYLE_FILL_AREA(#13980);
#13980 = FILL_AREA_STYLE('',(#13981));
#13981 = FILL_AREA_STYLE_COLOUR('',#12224);
#13982 = STYLED_ITEM('color',(#13983),#95);
#13983 = PRESENTATION_STYLE_ASSIGNMENT((#13984));
#13984 = SURFACE_STYLE_USAGE(.BOTH.,#13985);
#13985 = SURFACE_SIDE_STYLE('',(#13986));
#13986 = SURFACE_STYLE_FILL_AREA(#13987);
#13987 = FILL_AREA_STYLE('',(#13988));
#13988 = FILL_AREA_STYLE_COLOUR('',#12224);
#13989 = STYLED_ITEM('color',(#13990),#126);
#13990 = PRESENTATION_STYLE_ASSIGNMENT((#13991));
#13991 = SURFACE_STYLE_USAGE(.BOTH.,#13992);
#13992 = SURFACE_SIDE_STYLE('',(#13993));
#13993 = SURFACE_STYLE_FILL_AREA(#13994);
#13994 = FILL_AREA_STYLE('',(#13995));
#13995 = FILL_AREA_STYLE_COLOUR('',#12224);
#13996 = STYLED_ITEM('color',(#13997),#157);
#13997 = PRESENTATION_STYLE_ASSIGNMENT((#13998));
#13998 = SURFACE_STYLE_USAGE(.BOTH.,#13999);
#13999 = SURFACE_SIDE_STYLE('',(#14000));
#14000 = SURFACE_STYLE_FILL_AREA(#14001);
#14001 = FILL_AREA_STYLE('',(#14002));
#14002 = FILL_AREA_STYLE_COLOUR('',#12224);
#14003 = STYLED_ITEM('color',(#14004),#568);
#14004 = PRESENTATION_STYLE_ASSIGNMENT((#14005));
#14005 = SURFACE_STYLE_USAGE(.BOTH.,#14006);
#14006 = SURFACE_SIDE_STYLE('',(#14007));
#14007 = SURFACE_STYLE_FILL_AREA(#14008);
#14008 = FILL_AREA_STYLE('',(#14009));
#14009 = FILL_AREA_STYLE_COLOUR('',#12224);
#14010 = STYLED_ITEM('color',(#14011),#979);
#14011 = PRESENTATION_STYLE_ASSIGNMENT((#14012));
#14012 = SURFACE_STYLE_USAGE(.BOTH.,#14013);
#14013 = SURFACE_SIDE_STYLE('',(#14014));
#14014 = SURFACE_STYLE_FILL_AREA(#14015);
#14015 = FILL_AREA_STYLE('',(#14016));
#14016 = FILL_AREA_STYLE_COLOUR('',#12224);
#14017 = STYLED_ITEM('color',(#14018),#996);
#14018 = PRESENTATION_STYLE_ASSIGNMENT((#14019));
#14019 = SURFACE_STYLE_USAGE(.BOTH.,#14020);
#14020 = SURFACE_SIDE_STYLE('',(#14021));
#14021 = SURFACE_STYLE_FILL_AREA(#14022);
#14022 = FILL_AREA_STYLE('',(#14023));
#14023 = FILL_AREA_STYLE_COLOUR('',#12224);
#14024 = STYLED_ITEM('color',(#14025),#1013);
#14025 = PRESENTATION_STYLE_ASSIGNMENT((#14026));
#14026 = SURFACE_STYLE_USAGE(.BOTH.,#14027);
#14027 = SURFACE_SIDE_STYLE('',(#14028));
#14028 = SURFACE_STYLE_FILL_AREA(#14029);
#14029 = FILL_AREA_STYLE('',(#14030));
#14030 = FILL_AREA_STYLE_COLOUR('',#12224);
#14031 = STYLED_ITEM('color',(#14032),#1030);
#14032 = PRESENTATION_STYLE_ASSIGNMENT((#14033));
#14033 = SURFACE_STYLE_USAGE(.BOTH.,#14034);
#14034 = SURFACE_SIDE_STYLE('',(#14035));
#14035 = SURFACE_STYLE_FILL_AREA(#14036);
#14036 = FILL_AREA_STYLE('',(#14037));
#14037 = FILL_AREA_STYLE_COLOUR('',#12224);
#14038 = STYLED_ITEM('color',(#14039),#1047);
#14039 = PRESENTATION_STYLE_ASSIGNMENT((#14040));
#14040 = SURFACE_STYLE_USAGE(.BOTH.,#14041);
#14041 = SURFACE_SIDE_STYLE('',(#14042));
#14042 = SURFACE_STYLE_FILL_AREA(#14043);
#14043 = FILL_AREA_STYLE('',(#14044));
#14044 = FILL_AREA_STYLE_COLOUR('',#12224);
#14045 = STYLED_ITEM('color',(#14046),#1064);
#14046 = PRESENTATION_STYLE_ASSIGNMENT((#14047));
#14047 = SURFACE_STYLE_USAGE(.BOTH.,#14048);
#14048 = SURFACE_SIDE_STYLE('',(#14049));
#14049 = SURFACE_STYLE_FILL_AREA(#14050);
#14050 = FILL_AREA_STYLE('',(#14051));
#14051 = FILL_AREA_STYLE_COLOUR('',#12224);
#14052 = STYLED_ITEM('color',(#14053),#1081);
#14053 = PRESENTATION_STYLE_ASSIGNMENT((#14054));
#14054 = SURFACE_STYLE_USAGE(.BOTH.,#14055);
#14055 = SURFACE_SIDE_STYLE('',(#14056));
#14056 = SURFACE_STYLE_FILL_AREA(#14057);
#14057 = FILL_AREA_STYLE('',(#14058));
#14058 = FILL_AREA_STYLE_COLOUR('',#12224);
#14059 = STYLED_ITEM('color',(#14060),#1098);
#14060 = PRESENTATION_STYLE_ASSIGNMENT((#14061));
#14061 = SURFACE_STYLE_USAGE(.BOTH.,#14062);
#14062 = SURFACE_SIDE_STYLE('',(#14063));
#14063 = SURFACE_STYLE_FILL_AREA(#14064);
#14064 = FILL_AREA_STYLE('',(#14065));
#14065 = FILL_AREA_STYLE_COLOUR('',#12224);
#14066 = STYLED_ITEM('color',(#14067),#1115);
#14067 = PRESENTATION_STYLE_ASSIGNMENT((#14068));
#14068 = SURFACE_STYLE_USAGE(.BOTH.,#14069);
#14069 = SURFACE_SIDE_STYLE('',(#14070));
#14070 = SURFACE_STYLE_FILL_AREA(#14071);
#14071 = FILL_AREA_STYLE('',(#14072));
#14072 = FILL_AREA_STYLE_COLOUR('',#12224);
#14073 = STYLED_ITEM('color',(#14074),#1132);
#14074 = PRESENTATION_STYLE_ASSIGNMENT((#14075));
#14075 = SURFACE_STYLE_USAGE(.BOTH.,#14076);
#14076 = SURFACE_SIDE_STYLE('',(#14077));
#14077 = SURFACE_STYLE_FILL_AREA(#14078);
#14078 = FILL_AREA_STYLE('',(#14079));
#14079 = FILL_AREA_STYLE_COLOUR('',#12224);
#14080 = STYLED_ITEM('color',(#14081),#1149);
#14081 = PRESENTATION_STYLE_ASSIGNMENT((#14082));
#14082 = SURFACE_STYLE_USAGE(.BOTH.,#14083);
#14083 = SURFACE_SIDE_STYLE('',(#14084));
#14084 = SURFACE_STYLE_FILL_AREA(#14085);
#14085 = FILL_AREA_STYLE('',(#14086));
#14086 = FILL_AREA_STYLE_COLOUR('',#12224);
#14087 = STYLED_ITEM('color',(#14088),#1166);
#14088 = PRESENTATION_STYLE_ASSIGNMENT((#14089));
#14089 = SURFACE_STYLE_USAGE(.BOTH.,#14090);
#14090 = SURFACE_SIDE_STYLE('',(#14091));
#14091 = SURFACE_STYLE_FILL_AREA(#14092);
#14092 = FILL_AREA_STYLE('',(#14093));
#14093 = FILL_AREA_STYLE_COLOUR('',#12224);
#14094 = STYLED_ITEM('color',(#14095),#1183);
#14095 = PRESENTATION_STYLE_ASSIGNMENT((#14096));
#14096 = SURFACE_STYLE_USAGE(.BOTH.,#14097);
#14097 = SURFACE_SIDE_STYLE('',(#14098));
#14098 = SURFACE_STYLE_FILL_AREA(#14099);
#14099 = FILL_AREA_STYLE('',(#14100));
#14100 = FILL_AREA_STYLE_COLOUR('',#12224);
#14101 = STYLED_ITEM('color',(#14102),#1200);
#14102 = PRESENTATION_STYLE_ASSIGNMENT((#14103));
#14103 = SURFACE_STYLE_USAGE(.BOTH.,#14104);
#14104 = SURFACE_SIDE_STYLE('',(#14105));
#14105 = SURFACE_STYLE_FILL_AREA(#14106);
#14106 = FILL_AREA_STYLE('',(#14107));
#14107 = FILL_AREA_STYLE_COLOUR('',#12224);
#14108 = STYLED_ITEM('color',(#14109),#1217);
#14109 = PRESENTATION_STYLE_ASSIGNMENT((#14110));
#14110 = SURFACE_STYLE_USAGE(.BOTH.,#14111);
#14111 = SURFACE_SIDE_STYLE('',(#14112));
#14112 = SURFACE_STYLE_FILL_AREA(#14113);
#14113 = FILL_AREA_STYLE('',(#14114));
#14114 = FILL_AREA_STYLE_COLOUR('',#12224);
#14115 = STYLED_ITEM('color',(#14116),#1234);
#14116 = PRESENTATION_STYLE_ASSIGNMENT((#14117));
#14117 = SURFACE_STYLE_USAGE(.BOTH.,#14118);
#14118 = SURFACE_SIDE_STYLE('',(#14119));
#14119 = SURFACE_STYLE_FILL_AREA(#14120);
#14120 = FILL_AREA_STYLE('',(#14121));
#14121 = FILL_AREA_STYLE_COLOUR('',#12224);
#14122 = STYLED_ITEM('color',(#14123),#1251);
#14123 = PRESENTATION_STYLE_ASSIGNMENT((#14124));
#14124 = SURFACE_STYLE_USAGE(.BOTH.,#14125);
#14125 = SURFACE_SIDE_STYLE('',(#14126));
#14126 = SURFACE_STYLE_FILL_AREA(#14127);
#14127 = FILL_AREA_STYLE('',(#14128));
#14128 = FILL_AREA_STYLE_COLOUR('',#12224);
#14129 = STYLED_ITEM('color',(#14130),#1268);
#14130 = PRESENTATION_STYLE_ASSIGNMENT((#14131));
#14131 = SURFACE_STYLE_USAGE(.BOTH.,#14132);
#14132 = SURFACE_SIDE_STYLE('',(#14133));
#14133 = SURFACE_STYLE_FILL_AREA(#14134);
#14134 = FILL_AREA_STYLE('',(#14135));
#14135 = FILL_AREA_STYLE_COLOUR('',#12224);
#14136 = STYLED_ITEM('color',(#14137),#1285);
#14137 = PRESENTATION_STYLE_ASSIGNMENT((#14138));
#14138 = SURFACE_STYLE_USAGE(.BOTH.,#14139);
#14139 = SURFACE_SIDE_STYLE('',(#14140));
#14140 = SURFACE_STYLE_FILL_AREA(#14141);
#14141 = FILL_AREA_STYLE('',(#14142));
#14142 = FILL_AREA_STYLE_COLOUR('',#12224);
#14143 = STYLED_ITEM('color',(#14144),#1302);
#14144 = PRESENTATION_STYLE_ASSIGNMENT((#14145));
#14145 = SURFACE_STYLE_USAGE(.BOTH.,#14146);
#14146 = SURFACE_SIDE_STYLE('',(#14147));
#14147 = SURFACE_STYLE_FILL_AREA(#14148);
#14148 = FILL_AREA_STYLE('',(#14149));
#14149 = FILL_AREA_STYLE_COLOUR('',#12224);
#14150 = STYLED_ITEM('color',(#14151),#1319);
#14151 = PRESENTATION_STYLE_ASSIGNMENT((#14152));
#14152 = SURFACE_STYLE_USAGE(.BOTH.,#14153);
#14153 = SURFACE_SIDE_STYLE('',(#14154));
#14154 = SURFACE_STYLE_FILL_AREA(#14155);
#14155 = FILL_AREA_STYLE('',(#14156));
#14156 = FILL_AREA_STYLE_COLOUR('',#12224);
#14157 = STYLED_ITEM('color',(#14158),#1336);
#14158 = PRESENTATION_STYLE_ASSIGNMENT((#14159));
#14159 = SURFACE_STYLE_USAGE(.BOTH.,#14160);
#14160 = SURFACE_SIDE_STYLE('',(#14161));
#14161 = SURFACE_STYLE_FILL_AREA(#14162);
#14162 = FILL_AREA_STYLE('',(#14163));
#14163 = FILL_AREA_STYLE_COLOUR('',#12224);
#14164 = STYLED_ITEM('color',(#14165),#1353);
#14165 = PRESENTATION_STYLE_ASSIGNMENT((#14166));
#14166 = SURFACE_STYLE_USAGE(.BOTH.,#14167);
#14167 = SURFACE_SIDE_STYLE('',(#14168));
#14168 = SURFACE_STYLE_FILL_AREA(#14169);
#14169 = FILL_AREA_STYLE('',(#14170));
#14170 = FILL_AREA_STYLE_COLOUR('',#12224);
#14171 = STYLED_ITEM('color',(#14172),#1370);
#14172 = PRESENTATION_STYLE_ASSIGNMENT((#14173));
#14173 = SURFACE_STYLE_USAGE(.BOTH.,#14174);
#14174 = SURFACE_SIDE_STYLE('',(#14175));
#14175 = SURFACE_STYLE_FILL_AREA(#14176);
#14176 = FILL_AREA_STYLE('',(#14177));
#14177 = FILL_AREA_STYLE_COLOUR('',#12224);
#14178 = STYLED_ITEM('color',(#14179),#1387);
#14179 = PRESENTATION_STYLE_ASSIGNMENT((#14180));
#14180 = SURFACE_STYLE_USAGE(.BOTH.,#14181);
#14181 = SURFACE_SIDE_STYLE('',(#14182));
#14182 = SURFACE_STYLE_FILL_AREA(#14183);
#14183 = FILL_AREA_STYLE('',(#14184));
#14184 = FILL_AREA_STYLE_COLOUR('',#12224);
#14185 = STYLED_ITEM('color',(#14186),#1404);
#14186 = PRESENTATION_STYLE_ASSIGNMENT((#14187));
#14187 = SURFACE_STYLE_USAGE(.BOTH.,#14188);
#14188 = SURFACE_SIDE_STYLE('',(#14189));
#14189 = SURFACE_STYLE_FILL_AREA(#14190);
#14190 = FILL_AREA_STYLE('',(#14191));
#14191 = FILL_AREA_STYLE_COLOUR('',#12224);
#14192 = STYLED_ITEM('color',(#14193),#1421);
#14193 = PRESENTATION_STYLE_ASSIGNMENT((#14194));
#14194 = SURFACE_STYLE_USAGE(.BOTH.,#14195);
#14195 = SURFACE_SIDE_STYLE('',(#14196));
#14196 = SURFACE_STYLE_FILL_AREA(#14197);
#14197 = FILL_AREA_STYLE('',(#14198));
#14198 = FILL_AREA_STYLE_COLOUR('',#12224);
#14199 = STYLED_ITEM('color',(#14200),#1438);
#14200 = PRESENTATION_STYLE_ASSIGNMENT((#14201));
#14201 = SURFACE_STYLE_USAGE(.BOTH.,#14202);
#14202 = SURFACE_SIDE_STYLE('',(#14203));
#14203 = SURFACE_STYLE_FILL_AREA(#14204);
#14204 = FILL_AREA_STYLE('',(#14205));
#14205 = FILL_AREA_STYLE_COLOUR('',#12224);
#14206 = STYLED_ITEM('color',(#14207),#1455);
#14207 = PRESENTATION_STYLE_ASSIGNMENT((#14208));
#14208 = SURFACE_STYLE_USAGE(.BOTH.,#14209);
#14209 = SURFACE_SIDE_STYLE('',(#14210));
#14210 = SURFACE_STYLE_FILL_AREA(#14211);
#14211 = FILL_AREA_STYLE('',(#14212));
#14212 = FILL_AREA_STYLE_COLOUR('',#12224);
#14213 = STYLED_ITEM('color',(#14214),#1467);
#14214 = PRESENTATION_STYLE_ASSIGNMENT((#14215));
#14215 = SURFACE_STYLE_USAGE(.BOTH.,#14216);
#14216 = SURFACE_SIDE_STYLE('',(#14217));
#14217 = SURFACE_STYLE_FILL_AREA(#14218);
#14218 = FILL_AREA_STYLE('',(#14219));
#14219 = FILL_AREA_STYLE_COLOUR('',#12505);
#14220 = STYLED_ITEM('color',(#14221),#1498);
#14221 = PRESENTATION_STYLE_ASSIGNMENT((#14222));
#14222 = SURFACE_STYLE_USAGE(.BOTH.,#14223);
#14223 = SURFACE_SIDE_STYLE('',(#14224));
#14224 = SURFACE_STYLE_FILL_AREA(#14225);
#14225 = FILL_AREA_STYLE('',(#14226));
#14226 = FILL_AREA_STYLE_COLOUR('',#12505);
#14227 = STYLED_ITEM('color',(#14228),#1522);
#14228 = PRESENTATION_STYLE_ASSIGNMENT((#14229));
#14229 = SURFACE_STYLE_USAGE(.BOTH.,#14230);
#14230 = SURFACE_SIDE_STYLE('',(#14231));
#14231 = SURFACE_STYLE_FILL_AREA(#14232);
#14232 = FILL_AREA_STYLE('',(#14233));
#14233 = FILL_AREA_STYLE_COLOUR('',#12505);
#14234 = STYLED_ITEM('color',(#14235),#1546);
#14235 = PRESENTATION_STYLE_ASSIGNMENT((#14236));
#14236 = SURFACE_STYLE_USAGE(.BOTH.,#14237);
#14237 = SURFACE_SIDE_STYLE('',(#14238));
#14238 = SURFACE_STYLE_FILL_AREA(#14239);
#14239 = FILL_AREA_STYLE('',(#14240));
#14240 = FILL_AREA_STYLE_COLOUR('',#12505);
#14241 = STYLED_ITEM('color',(#14242),#1563);
#14242 = PRESENTATION_STYLE_ASSIGNMENT((#14243));
#14243 = SURFACE_STYLE_USAGE(.BOTH.,#14244);
#14244 = SURFACE_SIDE_STYLE('',(#14245));
#14245 = SURFACE_STYLE_FILL_AREA(#14246);
#14246 = FILL_AREA_STYLE('',(#14247));
#14247 = FILL_AREA_STYLE_COLOUR('',#12505);
#14248 = STYLED_ITEM('color',(#14249),#1594);
#14249 = PRESENTATION_STYLE_ASSIGNMENT((#14250));
#14250 = SURFACE_STYLE_USAGE(.BOTH.,#14251);
#14251 = SURFACE_SIDE_STYLE('',(#14252));
#14252 = SURFACE_STYLE_FILL_AREA(#14253);
#14253 = FILL_AREA_STYLE('',(#14254));
#14254 = FILL_AREA_STYLE_COLOUR('',#12505);
#14255 = STYLED_ITEM('color',(#14256),#1618);
#14256 = PRESENTATION_STYLE_ASSIGNMENT((#14257));
#14257 = SURFACE_STYLE_USAGE(.BOTH.,#14258);
#14258 = SURFACE_SIDE_STYLE('',(#14259));
#14259 = SURFACE_STYLE_FILL_AREA(#14260);
#14260 = FILL_AREA_STYLE('',(#14261));
#14261 = FILL_AREA_STYLE_COLOUR('',#12505);
#14262 = STYLED_ITEM('color',(#14263),#1642);
#14263 = PRESENTATION_STYLE_ASSIGNMENT((#14264));
#14264 = SURFACE_STYLE_USAGE(.BOTH.,#14265);
#14265 = SURFACE_SIDE_STYLE('',(#14266));
#14266 = SURFACE_STYLE_FILL_AREA(#14267);
#14267 = FILL_AREA_STYLE('',(#14268));
#14268 = FILL_AREA_STYLE_COLOUR('',#12505);
#14269 = STYLED_ITEM('color',(#14270),#1659);
#14270 = PRESENTATION_STYLE_ASSIGNMENT((#14271));
#14271 = SURFACE_STYLE_USAGE(.BOTH.,#14272);
#14272 = SURFACE_SIDE_STYLE('',(#14273));
#14273 = SURFACE_STYLE_FILL_AREA(#14274);
#14274 = FILL_AREA_STYLE('',(#14275));
#14275 = FILL_AREA_STYLE_COLOUR('',#12505);
#14276 = STYLED_ITEM('color',(#14277),#1690);
#14277 = PRESENTATION_STYLE_ASSIGNMENT((#14278));
#14278 = SURFACE_STYLE_USAGE(.BOTH.,#14279);
#14279 = SURFACE_SIDE_STYLE('',(#14280));
#14280 = SURFACE_STYLE_FILL_AREA(#14281);
#14281 = FILL_AREA_STYLE('',(#14282));
#14282 = FILL_AREA_STYLE_COLOUR('',#12505);
#14283 = STYLED_ITEM('color',(#14284),#1714);
#14284 = PRESENTATION_STYLE_ASSIGNMENT((#14285));
#14285 = SURFACE_STYLE_USAGE(.BOTH.,#14286);
#14286 = SURFACE_SIDE_STYLE('',(#14287));
#14287 = SURFACE_STYLE_FILL_AREA(#14288);
#14288 = FILL_AREA_STYLE('',(#14289));
#14289 = FILL_AREA_STYLE_COLOUR('',#12505);
#14290 = STYLED_ITEM('color',(#14291),#1738);
#14291 = PRESENTATION_STYLE_ASSIGNMENT((#14292));
#14292 = SURFACE_STYLE_USAGE(.BOTH.,#14293);
#14293 = SURFACE_SIDE_STYLE('',(#14294));
#14294 = SURFACE_STYLE_FILL_AREA(#14295);
#14295 = FILL_AREA_STYLE('',(#14296));
#14296 = FILL_AREA_STYLE_COLOUR('',#12505);
#14297 = STYLED_ITEM('color',(#14298),#1755);
#14298 = PRESENTATION_STYLE_ASSIGNMENT((#14299));
#14299 = SURFACE_STYLE_USAGE(.BOTH.,#14300);
#14300 = SURFACE_SIDE_STYLE('',(#14301));
#14301 = SURFACE_STYLE_FILL_AREA(#14302);
#14302 = FILL_AREA_STYLE('',(#14303));
#14303 = FILL_AREA_STYLE_COLOUR('',#12505);
#14304 = STYLED_ITEM('color',(#14305),#1786);
#14305 = PRESENTATION_STYLE_ASSIGNMENT((#14306));
#14306 = SURFACE_STYLE_USAGE(.BOTH.,#14307);
#14307 = SURFACE_SIDE_STYLE('',(#14308));
#14308 = SURFACE_STYLE_FILL_AREA(#14309);
#14309 = FILL_AREA_STYLE('',(#14310));
#14310 = FILL_AREA_STYLE_COLOUR('',#12505);
#14311 = STYLED_ITEM('color',(#14312),#1810);
#14312 = PRESENTATION_STYLE_ASSIGNMENT((#14313));
#14313 = SURFACE_STYLE_USAGE(.BOTH.,#14314);
#14314 = SURFACE_SIDE_STYLE('',(#14315));
#14315 = SURFACE_STYLE_FILL_AREA(#14316);
#14316 = FILL_AREA_STYLE('',(#14317));
#14317 = FILL_AREA_STYLE_COLOUR('',#12505);
#14318 = STYLED_ITEM('color',(#14319),#1834);
#14319 = PRESENTATION_STYLE_ASSIGNMENT((#14320));
#14320 = SURFACE_STYLE_USAGE(.BOTH.,#14321);
#14321 = SURFACE_SIDE_STYLE('',(#14322));
#14322 = SURFACE_STYLE_FILL_AREA(#14323);
#14323 = FILL_AREA_STYLE('',(#14324));
#14324 = FILL_AREA_STYLE_COLOUR('',#12505);
#14325 = STYLED_ITEM('color',(#14326),#1851);
#14326 = PRESENTATION_STYLE_ASSIGNMENT((#14327));
#14327 = SURFACE_STYLE_USAGE(.BOTH.,#14328);
#14328 = SURFACE_SIDE_STYLE('',(#14329));
#14329 = SURFACE_STYLE_FILL_AREA(#14330);
#14330 = FILL_AREA_STYLE('',(#14331));
#14331 = FILL_AREA_STYLE_COLOUR('',#12505);
#14332 = STYLED_ITEM('color',(#14333),#1882);
#14333 = PRESENTATION_STYLE_ASSIGNMENT((#14334));
#14334 = SURFACE_STYLE_USAGE(.BOTH.,#14335);
#14335 = SURFACE_SIDE_STYLE('',(#14336));
#14336 = SURFACE_STYLE_FILL_AREA(#14337);
#14337 = FILL_AREA_STYLE('',(#14338));
#14338 = FILL_AREA_STYLE_COLOUR('',#12505);
#14339 = STYLED_ITEM('color',(#14340),#1906);
#14340 = PRESENTATION_STYLE_ASSIGNMENT((#14341));
#14341 = SURFACE_STYLE_USAGE(.BOTH.,#14342);
#14342 = SURFACE_SIDE_STYLE('',(#14343));
#14343 = SURFACE_STYLE_FILL_AREA(#14344);
#14344 = FILL_AREA_STYLE('',(#14345));
#14345 = FILL_AREA_STYLE_COLOUR('',#12505);
#14346 = STYLED_ITEM('color',(#14347),#1930);
#14347 = PRESENTATION_STYLE_ASSIGNMENT((#14348));
#14348 = SURFACE_STYLE_USAGE(.BOTH.,#14349);
#14349 = SURFACE_SIDE_STYLE('',(#14350));
#14350 = SURFACE_STYLE_FILL_AREA(#14351);
#14351 = FILL_AREA_STYLE('',(#14352));
#14352 = FILL_AREA_STYLE_COLOUR('',#12505);
#14353 = STYLED_ITEM('color',(#14354),#1947);
#14354 = PRESENTATION_STYLE_ASSIGNMENT((#14355));
#14355 = SURFACE_STYLE_USAGE(.BOTH.,#14356);
#14356 = SURFACE_SIDE_STYLE('',(#14357));
#14357 = SURFACE_STYLE_FILL_AREA(#14358);
#14358 = FILL_AREA_STYLE('',(#14359));
#14359 = FILL_AREA_STYLE_COLOUR('',#12505);
#14360 = STYLED_ITEM('color',(#14361),#1978);
#14361 = PRESENTATION_STYLE_ASSIGNMENT((#14362));
#14362 = SURFACE_STYLE_USAGE(.BOTH.,#14363);
#14363 = SURFACE_SIDE_STYLE('',(#14364));
#14364 = SURFACE_STYLE_FILL_AREA(#14365);
#14365 = FILL_AREA_STYLE('',(#14366));
#14366 = FILL_AREA_STYLE_COLOUR('',#12505);
#14367 = STYLED_ITEM('color',(#14368),#2002);
#14368 = PRESENTATION_STYLE_ASSIGNMENT((#14369));
#14369 = SURFACE_STYLE_USAGE(.BOTH.,#14370);
#14370 = SURFACE_SIDE_STYLE('',(#14371));
#14371 = SURFACE_STYLE_FILL_AREA(#14372);
#14372 = FILL_AREA_STYLE('',(#14373));
#14373 = FILL_AREA_STYLE_COLOUR('',#12505);
#14374 = STYLED_ITEM('color',(#14375),#2026);
#14375 = PRESENTATION_STYLE_ASSIGNMENT((#14376));
#14376 = SURFACE_STYLE_USAGE(.BOTH.,#14377);
#14377 = SURFACE_SIDE_STYLE('',(#14378));
#14378 = SURFACE_STYLE_FILL_AREA(#14379);
#14379 = FILL_AREA_STYLE('',(#14380));
#14380 = FILL_AREA_STYLE_COLOUR('',#12505);
#14381 = STYLED_ITEM('color',(#14382),#2043);
#14382 = PRESENTATION_STYLE_ASSIGNMENT((#14383));
#14383 = SURFACE_STYLE_USAGE(.BOTH.,#14384);
#14384 = SURFACE_SIDE_STYLE('',(#14385));
#14385 = SURFACE_STYLE_FILL_AREA(#14386);
#14386 = FILL_AREA_STYLE('',(#14387));
#14387 = FILL_AREA_STYLE_COLOUR('',#12505);
#14388 = STYLED_ITEM('color',(#14389),#2074);
#14389 = PRESENTATION_STYLE_ASSIGNMENT((#14390));
#14390 = SURFACE_STYLE_USAGE(.BOTH.,#14391);
#14391 = SURFACE_SIDE_STYLE('',(#14392));
#14392 = SURFACE_STYLE_FILL_AREA(#14393);
#14393 = FILL_AREA_STYLE('',(#14394));
#14394 = FILL_AREA_STYLE_COLOUR('',#12505);
#14395 = STYLED_ITEM('color',(#14396),#2098);
#14396 = PRESENTATION_STYLE_ASSIGNMENT((#14397));
#14397 = SURFACE_STYLE_USAGE(.BOTH.,#14398);
#14398 = SURFACE_SIDE_STYLE('',(#14399));
#14399 = SURFACE_STYLE_FILL_AREA(#14400);
#14400 = FILL_AREA_STYLE('',(#14401));
#14401 = FILL_AREA_STYLE_COLOUR('',#12505);
#14402 = STYLED_ITEM('color',(#14403),#2122);
#14403 = PRESENTATION_STYLE_ASSIGNMENT((#14404));
#14404 = SURFACE_STYLE_USAGE(.BOTH.,#14405);
#14405 = SURFACE_SIDE_STYLE('',(#14406));
#14406 = SURFACE_STYLE_FILL_AREA(#14407);
#14407 = FILL_AREA_STYLE('',(#14408));
#14408 = FILL_AREA_STYLE_COLOUR('',#12505);
#14409 = STYLED_ITEM('color',(#14410),#2139);
#14410 = PRESENTATION_STYLE_ASSIGNMENT((#14411));
#14411 = SURFACE_STYLE_USAGE(.BOTH.,#14412);
#14412 = SURFACE_SIDE_STYLE('',(#14413));
#14413 = SURFACE_STYLE_FILL_AREA(#14414);
#14414 = FILL_AREA_STYLE('',(#14415));
#14415 = FILL_AREA_STYLE_COLOUR('',#12505);
#14416 = STYLED_ITEM('color',(#14417),#2170);
#14417 = PRESENTATION_STYLE_ASSIGNMENT((#14418));
#14418 = SURFACE_STYLE_USAGE(.BOTH.,#14419);
#14419 = SURFACE_SIDE_STYLE('',(#14420));
#14420 = SURFACE_STYLE_FILL_AREA(#14421);
#14421 = FILL_AREA_STYLE('',(#14422));
#14422 = FILL_AREA_STYLE_COLOUR('',#12505);
#14423 = STYLED_ITEM('color',(#14424),#2194);
#14424 = PRESENTATION_STYLE_ASSIGNMENT((#14425));
#14425 = SURFACE_STYLE_USAGE(.BOTH.,#14426);
#14426 = SURFACE_SIDE_STYLE('',(#14427));
#14427 = SURFACE_STYLE_FILL_AREA(#14428);
#14428 = FILL_AREA_STYLE('',(#14429));
#14429 = FILL_AREA_STYLE_COLOUR('',#12505);
#14430 = STYLED_ITEM('color',(#14431),#2218);
#14431 = PRESENTATION_STYLE_ASSIGNMENT((#14432));
#14432 = SURFACE_STYLE_USAGE(.BOTH.,#14433);
#14433 = SURFACE_SIDE_STYLE('',(#14434));
#14434 = SURFACE_STYLE_FILL_AREA(#14435);
#14435 = FILL_AREA_STYLE('',(#14436));
#14436 = FILL_AREA_STYLE_COLOUR('',#12505);
#14437 = STYLED_ITEM('color',(#14438),#2235);
#14438 = PRESENTATION_STYLE_ASSIGNMENT((#14439));
#14439 = SURFACE_STYLE_USAGE(.BOTH.,#14440);
#14440 = SURFACE_SIDE_STYLE('',(#14441));
#14441 = SURFACE_STYLE_FILL_AREA(#14442);
#14442 = FILL_AREA_STYLE('',(#14443));
#14443 = FILL_AREA_STYLE_COLOUR('',#12505);
#14444 = STYLED_ITEM('color',(#14445),#2266);
#14445 = PRESENTATION_STYLE_ASSIGNMENT((#14446));
#14446 = SURFACE_STYLE_USAGE(.BOTH.,#14447);
#14447 = SURFACE_SIDE_STYLE('',(#14448));
#14448 = SURFACE_STYLE_FILL_AREA(#14449);
#14449 = FILL_AREA_STYLE('',(#14450));
#14450 = FILL_AREA_STYLE_COLOUR('',#12505);
#14451 = STYLED_ITEM('color',(#14452),#2290);
#14452 = PRESENTATION_STYLE_ASSIGNMENT((#14453));
#14453 = SURFACE_STYLE_USAGE(.BOTH.,#14454);
#14454 = SURFACE_SIDE_STYLE('',(#14455));
#14455 = SURFACE_STYLE_FILL_AREA(#14456);
#14456 = FILL_AREA_STYLE('',(#14457));
#14457 = FILL_AREA_STYLE_COLOUR('',#12505);
#14458 = STYLED_ITEM('color',(#14459),#2314);
#14459 = PRESENTATION_STYLE_ASSIGNMENT((#14460));
#14460 = SURFACE_STYLE_USAGE(.BOTH.,#14461);
#14461 = SURFACE_SIDE_STYLE('',(#14462));
#14462 = SURFACE_STYLE_FILL_AREA(#14463);
#14463 = FILL_AREA_STYLE('',(#14464));
#14464 = FILL_AREA_STYLE_COLOUR('',#12505);
#14465 = STYLED_ITEM('color',(#14466),#2331);
#14466 = PRESENTATION_STYLE_ASSIGNMENT((#14467));
#14467 = SURFACE_STYLE_USAGE(.BOTH.,#14468);
#14468 = SURFACE_SIDE_STYLE('',(#14469));
#14469 = SURFACE_STYLE_FILL_AREA(#14470);
#14470 = FILL_AREA_STYLE('',(#14471));
#14471 = FILL_AREA_STYLE_COLOUR('',#12505);
#14472 = STYLED_ITEM('color',(#14473),#2362);
#14473 = PRESENTATION_STYLE_ASSIGNMENT((#14474));
#14474 = SURFACE_STYLE_USAGE(.BOTH.,#14475);
#14475 = SURFACE_SIDE_STYLE('',(#14476));
#14476 = SURFACE_STYLE_FILL_AREA(#14477);
#14477 = FILL_AREA_STYLE('',(#14478));
#14478 = FILL_AREA_STYLE_COLOUR('',#12505);
#14479 = STYLED_ITEM('color',(#14480),#2386);
#14480 = PRESENTATION_STYLE_ASSIGNMENT((#14481));
#14481 = SURFACE_STYLE_USAGE(.BOTH.,#14482);
#14482 = SURFACE_SIDE_STYLE('',(#14483));
#14483 = SURFACE_STYLE_FILL_AREA(#14484);
#14484 = FILL_AREA_STYLE('',(#14485));
#14485 = FILL_AREA_STYLE_COLOUR('',#12505);
#14486 = STYLED_ITEM('color',(#14487),#2410);
#14487 = PRESENTATION_STYLE_ASSIGNMENT((#14488));
#14488 = SURFACE_STYLE_USAGE(.BOTH.,#14489);
#14489 = SURFACE_SIDE_STYLE('',(#14490));
#14490 = SURFACE_STYLE_FILL_AREA(#14491);
#14491 = FILL_AREA_STYLE('',(#14492));
#14492 = FILL_AREA_STYLE_COLOUR('',#12505);
#14493 = STYLED_ITEM('color',(#14494),#2427);
#14494 = PRESENTATION_STYLE_ASSIGNMENT((#14495));
#14495 = SURFACE_STYLE_USAGE(.BOTH.,#14496);
#14496 = SURFACE_SIDE_STYLE('',(#14497));
#14497 = SURFACE_STYLE_FILL_AREA(#14498);
#14498 = FILL_AREA_STYLE('',(#14499));
#14499 = FILL_AREA_STYLE_COLOUR('',#12505);
#14500 = STYLED_ITEM('color',(#14501),#2458);
#14501 = PRESENTATION_STYLE_ASSIGNMENT((#14502));
#14502 = SURFACE_STYLE_USAGE(.BOTH.,#14503);
#14503 = SURFACE_SIDE_STYLE('',(#14504));
#14504 = SURFACE_STYLE_FILL_AREA(#14505);
#14505 = FILL_AREA_STYLE('',(#14506));
#14506 = FILL_AREA_STYLE_COLOUR('',#12505);
#14507 = STYLED_ITEM('color',(#14508),#2482);
#14508 = PRESENTATION_STYLE_ASSIGNMENT((#14509));
#14509 = SURFACE_STYLE_USAGE(.BOTH.,#14510);
#14510 = SURFACE_SIDE_STYLE('',(#14511));
#14511 = SURFACE_STYLE_FILL_AREA(#14512);
#14512 = FILL_AREA_STYLE('',(#14513));
#14513 = FILL_AREA_STYLE_COLOUR('',#12505);
#14514 = STYLED_ITEM('color',(#14515),#2506);
#14515 = PRESENTATION_STYLE_ASSIGNMENT((#14516));
#14516 = SURFACE_STYLE_USAGE(.BOTH.,#14517);
#14517 = SURFACE_SIDE_STYLE('',(#14518));
#14518 = SURFACE_STYLE_FILL_AREA(#14519);
#14519 = FILL_AREA_STYLE('',(#14520));
#14520 = FILL_AREA_STYLE_COLOUR('',#12505);
#14521 = STYLED_ITEM('color',(#14522),#2523);
#14522 = PRESENTATION_STYLE_ASSIGNMENT((#14523));
#14523 = SURFACE_STYLE_USAGE(.BOTH.,#14524);
#14524 = SURFACE_SIDE_STYLE('',(#14525));
#14525 = SURFACE_STYLE_FILL_AREA(#14526);
#14526 = FILL_AREA_STYLE('',(#14527));
#14527 = FILL_AREA_STYLE_COLOUR('',#12505);
#14528 = STYLED_ITEM('color',(#14529),#2554);
#14529 = PRESENTATION_STYLE_ASSIGNMENT((#14530));
#14530 = SURFACE_STYLE_USAGE(.BOTH.,#14531);
#14531 = SURFACE_SIDE_STYLE('',(#14532));
#14532 = SURFACE_STYLE_FILL_AREA(#14533);
#14533 = FILL_AREA_STYLE('',(#14534));
#14534 = FILL_AREA_STYLE_COLOUR('',#12505);
#14535 = STYLED_ITEM('color',(#14536),#2578);
#14536 = PRESENTATION_STYLE_ASSIGNMENT((#14537));
#14537 = SURFACE_STYLE_USAGE(.BOTH.,#14538);
#14538 = SURFACE_SIDE_STYLE('',(#14539));
#14539 = SURFACE_STYLE_FILL_AREA(#14540);
#14540 = FILL_AREA_STYLE('',(#14541));
#14541 = FILL_AREA_STYLE_COLOUR('',#12505);
#14542 = STYLED_ITEM('color',(#14543),#2602);
#14543 = PRESENTATION_STYLE_ASSIGNMENT((#14544));
#14544 = SURFACE_STYLE_USAGE(.BOTH.,#14545);
#14545 = SURFACE_SIDE_STYLE('',(#14546));
#14546 = SURFACE_STYLE_FILL_AREA(#14547);
#14547 = FILL_AREA_STYLE('',(#14548));
#14548 = FILL_AREA_STYLE_COLOUR('',#12505);
#14549 = STYLED_ITEM('color',(#14550),#2619);
#14550 = PRESENTATION_STYLE_ASSIGNMENT((#14551));
#14551 = SURFACE_STYLE_USAGE(.BOTH.,#14552);
#14552 = SURFACE_SIDE_STYLE('',(#14553));
#14553 = SURFACE_STYLE_FILL_AREA(#14554);
#14554 = FILL_AREA_STYLE('',(#14555));
#14555 = FILL_AREA_STYLE_COLOUR('',#12505);
#14556 = STYLED_ITEM('color',(#14557),#2650);
#14557 = PRESENTATION_STYLE_ASSIGNMENT((#14558));
#14558 = SURFACE_STYLE_USAGE(.BOTH.,#14559);
#14559 = SURFACE_SIDE_STYLE('',(#14560));
#14560 = SURFACE_STYLE_FILL_AREA(#14561);
#14561 = FILL_AREA_STYLE('',(#14562));
#14562 = FILL_AREA_STYLE_COLOUR('',#12505);
#14563 = STYLED_ITEM('color',(#14564),#2674);
#14564 = PRESENTATION_STYLE_ASSIGNMENT((#14565));
#14565 = SURFACE_STYLE_USAGE(.BOTH.,#14566);
#14566 = SURFACE_SIDE_STYLE('',(#14567));
#14567 = SURFACE_STYLE_FILL_AREA(#14568);
#14568 = FILL_AREA_STYLE('',(#14569));
#14569 = FILL_AREA_STYLE_COLOUR('',#12505);
#14570 = STYLED_ITEM('color',(#14571),#2698);
#14571 = PRESENTATION_STYLE_ASSIGNMENT((#14572));
#14572 = SURFACE_STYLE_USAGE(.BOTH.,#14573);
#14573 = SURFACE_SIDE_STYLE('',(#14574));
#14574 = SURFACE_STYLE_FILL_AREA(#14575);
#14575 = FILL_AREA_STYLE('',(#14576));
#14576 = FILL_AREA_STYLE_COLOUR('',#12505);
#14577 = STYLED_ITEM('color',(#14578),#2715);
#14578 = PRESENTATION_STYLE_ASSIGNMENT((#14579));
#14579 = SURFACE_STYLE_USAGE(.BOTH.,#14580);
#14580 = SURFACE_SIDE_STYLE('',(#14581));
#14581 = SURFACE_STYLE_FILL_AREA(#14582);
#14582 = FILL_AREA_STYLE('',(#14583));
#14583 = FILL_AREA_STYLE_COLOUR('',#12505);
#14584 = STYLED_ITEM('color',(#14585),#2746);
#14585 = PRESENTATION_STYLE_ASSIGNMENT((#14586));
#14586 = SURFACE_STYLE_USAGE(.BOTH.,#14587);
#14587 = SURFACE_SIDE_STYLE('',(#14588));
#14588 = SURFACE_STYLE_FILL_AREA(#14589);
#14589 = FILL_AREA_STYLE('',(#14590));
#14590 = FILL_AREA_STYLE_COLOUR('',#12505);
#14591 = STYLED_ITEM('color',(#14592),#2770);
#14592 = PRESENTATION_STYLE_ASSIGNMENT((#14593));
#14593 = SURFACE_STYLE_USAGE(.BOTH.,#14594);
#14594 = SURFACE_SIDE_STYLE('',(#14595));
#14595 = SURFACE_STYLE_FILL_AREA(#14596);
#14596 = FILL_AREA_STYLE('',(#14597));
#14597 = FILL_AREA_STYLE_COLOUR('',#12505);
#14598 = STYLED_ITEM('color',(#14599),#2794);
#14599 = PRESENTATION_STYLE_ASSIGNMENT((#14600));
#14600 = SURFACE_STYLE_USAGE(.BOTH.,#14601);
#14601 = SURFACE_SIDE_STYLE('',(#14602));
#14602 = SURFACE_STYLE_FILL_AREA(#14603);
#14603 = FILL_AREA_STYLE('',(#14604));
#14604 = FILL_AREA_STYLE_COLOUR('',#12505);
#14605 = STYLED_ITEM('color',(#14606),#2811);
#14606 = PRESENTATION_STYLE_ASSIGNMENT((#14607));
#14607 = SURFACE_STYLE_USAGE(.BOTH.,#14608);
#14608 = SURFACE_SIDE_STYLE('',(#14609));
#14609 = SURFACE_STYLE_FILL_AREA(#14610);
#14610 = FILL_AREA_STYLE('',(#14611));
#14611 = FILL_AREA_STYLE_COLOUR('',#12505);
#14612 = STYLED_ITEM('color',(#14613),#2842);
#14613 = PRESENTATION_STYLE_ASSIGNMENT((#14614));
#14614 = SURFACE_STYLE_USAGE(.BOTH.,#14615);
#14615 = SURFACE_SIDE_STYLE('',(#14616));
#14616 = SURFACE_STYLE_FILL_AREA(#14617);
#14617 = FILL_AREA_STYLE('',(#14618));
#14618 = FILL_AREA_STYLE_COLOUR('',#12505);
#14619 = STYLED_ITEM('color',(#14620),#2866);
#14620 = PRESENTATION_STYLE_ASSIGNMENT((#14621));
#14621 = SURFACE_STYLE_USAGE(.BOTH.,#14622);
#14622 = SURFACE_SIDE_STYLE('',(#14623));
#14623 = SURFACE_STYLE_FILL_AREA(#14624);
#14624 = FILL_AREA_STYLE('',(#14625));
#14625 = FILL_AREA_STYLE_COLOUR('',#12505);
#14626 = STYLED_ITEM('color',(#14627),#2890);
#14627 = PRESENTATION_STYLE_ASSIGNMENT((#14628));
#14628 = SURFACE_STYLE_USAGE(.BOTH.,#14629);
#14629 = SURFACE_SIDE_STYLE('',(#14630));
#14630 = SURFACE_STYLE_FILL_AREA(#14631);
#14631 = FILL_AREA_STYLE('',(#14632));
#14632 = FILL_AREA_STYLE_COLOUR('',#12505);
#14633 = STYLED_ITEM('color',(#14634),#2907);
#14634 = PRESENTATION_STYLE_ASSIGNMENT((#14635));
#14635 = SURFACE_STYLE_USAGE(.BOTH.,#14636);
#14636 = SURFACE_SIDE_STYLE('',(#14637));
#14637 = SURFACE_STYLE_FILL_AREA(#14638);
#14638 = FILL_AREA_STYLE('',(#14639));
#14639 = FILL_AREA_STYLE_COLOUR('',#12505);
#14640 = STYLED_ITEM('color',(#14641),#2938);
#14641 = PRESENTATION_STYLE_ASSIGNMENT((#14642));
#14642 = SURFACE_STYLE_USAGE(.BOTH.,#14643);
#14643 = SURFACE_SIDE_STYLE('',(#14644));
#14644 = SURFACE_STYLE_FILL_AREA(#14645);
#14645 = FILL_AREA_STYLE('',(#14646));
#14646 = FILL_AREA_STYLE_COLOUR('',#12505);
#14647 = STYLED_ITEM('color',(#14648),#2962);
#14648 = PRESENTATION_STYLE_ASSIGNMENT((#14649));
#14649 = SURFACE_STYLE_USAGE(.BOTH.,#14650);
#14650 = SURFACE_SIDE_STYLE('',(#14651));
#14651 = SURFACE_STYLE_FILL_AREA(#14652);
#14652 = FILL_AREA_STYLE('',(#14653));
#14653 = FILL_AREA_STYLE_COLOUR('',#12505);
#14654 = STYLED_ITEM('color',(#14655),#2986);
#14655 = PRESENTATION_STYLE_ASSIGNMENT((#14656));
#14656 = SURFACE_STYLE_USAGE(.BOTH.,#14657);
#14657 = SURFACE_SIDE_STYLE('',(#14658));
#14658 = SURFACE_STYLE_FILL_AREA(#14659);
#14659 = FILL_AREA_STYLE('',(#14660));
#14660 = FILL_AREA_STYLE_COLOUR('',#12505);
#14661 = STYLED_ITEM('color',(#14662),#3003);
#14662 = PRESENTATION_STYLE_ASSIGNMENT((#14663));
#14663 = SURFACE_STYLE_USAGE(.BOTH.,#14664);
#14664 = SURFACE_SIDE_STYLE('',(#14665));
#14665 = SURFACE_STYLE_FILL_AREA(#14666);
#14666 = FILL_AREA_STYLE('',(#14667));
#14667 = FILL_AREA_STYLE_COLOUR('',#12505);
#14668 = STYLED_ITEM('color',(#14669),#3034);
#14669 = PRESENTATION_STYLE_ASSIGNMENT((#14670));
#14670 = SURFACE_STYLE_USAGE(.BOTH.,#14671);
#14671 = SURFACE_SIDE_STYLE('',(#14672));
#14672 = SURFACE_STYLE_FILL_AREA(#14673);
#14673 = FILL_AREA_STYLE('',(#14674));
#14674 = FILL_AREA_STYLE_COLOUR('',#12505);
#14675 = STYLED_ITEM('color',(#14676),#3058);
#14676 = PRESENTATION_STYLE_ASSIGNMENT((#14677));
#14677 = SURFACE_STYLE_USAGE(.BOTH.,#14678);
#14678 = SURFACE_SIDE_STYLE('',(#14679));
#14679 = SURFACE_STYLE_FILL_AREA(#14680);
#14680 = FILL_AREA_STYLE('',(#14681));
#14681 = FILL_AREA_STYLE_COLOUR('',#12505);
#14682 = STYLED_ITEM('color',(#14683),#3082);
#14683 = PRESENTATION_STYLE_ASSIGNMENT((#14684));
#14684 = SURFACE_STYLE_USAGE(.BOTH.,#14685);
#14685 = SURFACE_SIDE_STYLE('',(#14686));
#14686 = SURFACE_STYLE_FILL_AREA(#14687);
#14687 = FILL_AREA_STYLE('',(#14688));
#14688 = FILL_AREA_STYLE_COLOUR('',#12505);
#14689 = STYLED_ITEM('color',(#14690),#3099);
#14690 = PRESENTATION_STYLE_ASSIGNMENT((#14691));
#14691 = SURFACE_STYLE_USAGE(.BOTH.,#14692);
#14692 = SURFACE_SIDE_STYLE('',(#14693));
#14693 = SURFACE_STYLE_FILL_AREA(#14694);
#14694 = FILL_AREA_STYLE('',(#14695));
#14695 = FILL_AREA_STYLE_COLOUR('',#12505);
#14696 = STYLED_ITEM('color',(#14697),#3130);
#14697 = PRESENTATION_STYLE_ASSIGNMENT((#14698));
#14698 = SURFACE_STYLE_USAGE(.BOTH.,#14699);
#14699 = SURFACE_SIDE_STYLE('',(#14700));
#14700 = SURFACE_STYLE_FILL_AREA(#14701);
#14701 = FILL_AREA_STYLE('',(#14702));
#14702 = FILL_AREA_STYLE_COLOUR('',#12505);
#14703 = STYLED_ITEM('color',(#14704),#3154);
#14704 = PRESENTATION_STYLE_ASSIGNMENT((#14705));
#14705 = SURFACE_STYLE_USAGE(.BOTH.,#14706);
#14706 = SURFACE_SIDE_STYLE('',(#14707));
#14707 = SURFACE_STYLE_FILL_AREA(#14708);
#14708 = FILL_AREA_STYLE('',(#14709));
#14709 = FILL_AREA_STYLE_COLOUR('',#12505);
#14710 = STYLED_ITEM('color',(#14711),#3178);
#14711 = PRESENTATION_STYLE_ASSIGNMENT((#14712));
#14712 = SURFACE_STYLE_USAGE(.BOTH.,#14713);
#14713 = SURFACE_SIDE_STYLE('',(#14714));
#14714 = SURFACE_STYLE_FILL_AREA(#14715);
#14715 = FILL_AREA_STYLE('',(#14716));
#14716 = FILL_AREA_STYLE_COLOUR('',#12505);
#14717 = STYLED_ITEM('color',(#14718),#3195);
#14718 = PRESENTATION_STYLE_ASSIGNMENT((#14719));
#14719 = SURFACE_STYLE_USAGE(.BOTH.,#14720);
#14720 = SURFACE_SIDE_STYLE('',(#14721));
#14721 = SURFACE_STYLE_FILL_AREA(#14722);
#14722 = FILL_AREA_STYLE('',(#14723));
#14723 = FILL_AREA_STYLE_COLOUR('',#12505);
#14724 = STYLED_ITEM('color',(#14725),#3226);
#14725 = PRESENTATION_STYLE_ASSIGNMENT((#14726));
#14726 = SURFACE_STYLE_USAGE(.BOTH.,#14727);
#14727 = SURFACE_SIDE_STYLE('',(#14728));
#14728 = SURFACE_STYLE_FILL_AREA(#14729);
#14729 = FILL_AREA_STYLE('',(#14730));
#14730 = FILL_AREA_STYLE_COLOUR('',#12505);
#14731 = STYLED_ITEM('color',(#14732),#3250);
#14732 = PRESENTATION_STYLE_ASSIGNMENT((#14733));
#14733 = SURFACE_STYLE_USAGE(.BOTH.,#14734);
#14734 = SURFACE_SIDE_STYLE('',(#14735));
#14735 = SURFACE_STYLE_FILL_AREA(#14736);
#14736 = FILL_AREA_STYLE('',(#14737));
#14737 = FILL_AREA_STYLE_COLOUR('',#12505);
#14738 = STYLED_ITEM('color',(#14739),#3274);
#14739 = PRESENTATION_STYLE_ASSIGNMENT((#14740));
#14740 = SURFACE_STYLE_USAGE(.BOTH.,#14741);
#14741 = SURFACE_SIDE_STYLE('',(#14742));
#14742 = SURFACE_STYLE_FILL_AREA(#14743);
#14743 = FILL_AREA_STYLE('',(#14744));
#14744 = FILL_AREA_STYLE_COLOUR('',#12505);
#14745 = STYLED_ITEM('color',(#14746),#3291);
#14746 = PRESENTATION_STYLE_ASSIGNMENT((#14747));
#14747 = SURFACE_STYLE_USAGE(.BOTH.,#14748);
#14748 = SURFACE_SIDE_STYLE('',(#14749));
#14749 = SURFACE_STYLE_FILL_AREA(#14750);
#14750 = FILL_AREA_STYLE('',(#14751));
#14751 = FILL_AREA_STYLE_COLOUR('',#12505);
#14752 = STYLED_ITEM('color',(#14753),#3322);
#14753 = PRESENTATION_STYLE_ASSIGNMENT((#14754));
#14754 = SURFACE_STYLE_USAGE(.BOTH.,#14755);
#14755 = SURFACE_SIDE_STYLE('',(#14756));
#14756 = SURFACE_STYLE_FILL_AREA(#14757);
#14757 = FILL_AREA_STYLE('',(#14758));
#14758 = FILL_AREA_STYLE_COLOUR('',#12505);
#14759 = STYLED_ITEM('color',(#14760),#3346);
#14760 = PRESENTATION_STYLE_ASSIGNMENT((#14761));
#14761 = SURFACE_STYLE_USAGE(.BOTH.,#14762);
#14762 = SURFACE_SIDE_STYLE('',(#14763));
#14763 = SURFACE_STYLE_FILL_AREA(#14764);
#14764 = FILL_AREA_STYLE('',(#14765));
#14765 = FILL_AREA_STYLE_COLOUR('',#12505);
#14766 = STYLED_ITEM('color',(#14767),#3370);
#14767 = PRESENTATION_STYLE_ASSIGNMENT((#14768));
#14768 = SURFACE_STYLE_USAGE(.BOTH.,#14769);
#14769 = SURFACE_SIDE_STYLE('',(#14770));
#14770 = SURFACE_STYLE_FILL_AREA(#14771);
#14771 = FILL_AREA_STYLE('',(#14772));
#14772 = FILL_AREA_STYLE_COLOUR('',#12505);
#14773 = STYLED_ITEM('color',(#14774),#3387);
#14774 = PRESENTATION_STYLE_ASSIGNMENT((#14775));
#14775 = SURFACE_STYLE_USAGE(.BOTH.,#14776);
#14776 = SURFACE_SIDE_STYLE('',(#14777));
#14777 = SURFACE_STYLE_FILL_AREA(#14778);
#14778 = FILL_AREA_STYLE('',(#14779));
#14779 = FILL_AREA_STYLE_COLOUR('',#12505);
#14780 = STYLED_ITEM('color',(#14781),#3399);
#14781 = PRESENTATION_STYLE_ASSIGNMENT((#14782));
#14782 = SURFACE_STYLE_USAGE(.BOTH.,#14783);
#14783 = SURFACE_SIDE_STYLE('',(#14784));
#14784 = SURFACE_STYLE_FILL_AREA(#14785);
#14785 = FILL_AREA_STYLE('',(#14786));
#14786 = FILL_AREA_STYLE_COLOUR('',#12505);
#14787 = STYLED_ITEM('color',(#14788),#3411);
#14788 = PRESENTATION_STYLE_ASSIGNMENT((#14789));
#14789 = SURFACE_STYLE_USAGE(.BOTH.,#14790);
#14790 = SURFACE_SIDE_STYLE('',(#14791));
#14791 = SURFACE_STYLE_FILL_AREA(#14792);
#14792 = FILL_AREA_STYLE('',(#14793));
#14793 = FILL_AREA_STYLE_COLOUR('',#12505);
#14794 = STYLED_ITEM('color',(#14795),#3423);
#14795 = PRESENTATION_STYLE_ASSIGNMENT((#14796));
#14796 = SURFACE_STYLE_USAGE(.BOTH.,#14797);
#14797 = SURFACE_SIDE_STYLE('',(#14798));
#14798 = SURFACE_STYLE_FILL_AREA(#14799);
#14799 = FILL_AREA_STYLE('',(#14800));
#14800 = FILL_AREA_STYLE_COLOUR('',#12505);
#14801 = STYLED_ITEM('color',(#14802),#3435);
#14802 = PRESENTATION_STYLE_ASSIGNMENT((#14803));
#14803 = SURFACE_STYLE_USAGE(.BOTH.,#14804);
#14804 = SURFACE_SIDE_STYLE('',(#14805));
#14805 = SURFACE_STYLE_FILL_AREA(#14806);
#14806 = FILL_AREA_STYLE('',(#14807));
#14807 = FILL_AREA_STYLE_COLOUR('',#12505);
#14808 = STYLED_ITEM('color',(#14809),#3447);
#14809 = PRESENTATION_STYLE_ASSIGNMENT((#14810));
#14810 = SURFACE_STYLE_USAGE(.BOTH.,#14811);
#14811 = SURFACE_SIDE_STYLE('',(#14812));
#14812 = SURFACE_STYLE_FILL_AREA(#14813);
#14813 = FILL_AREA_STYLE('',(#14814));
#14814 = FILL_AREA_STYLE_COLOUR('',#12505);
#14815 = STYLED_ITEM('color',(#14816),#3459);
#14816 = PRESENTATION_STYLE_ASSIGNMENT((#14817));
#14817 = SURFACE_STYLE_USAGE(.BOTH.,#14818);
#14818 = SURFACE_SIDE_STYLE('',(#14819));
#14819 = SURFACE_STYLE_FILL_AREA(#14820);
#14820 = FILL_AREA_STYLE('',(#14821));
#14821 = FILL_AREA_STYLE_COLOUR('',#12505);
#14822 = STYLED_ITEM('color',(#14823),#3471);
#14823 = PRESENTATION_STYLE_ASSIGNMENT((#14824));
#14824 = SURFACE_STYLE_USAGE(.BOTH.,#14825);
#14825 = SURFACE_SIDE_STYLE('',(#14826));
#14826 = SURFACE_STYLE_FILL_AREA(#14827);
#14827 = FILL_AREA_STYLE('',(#14828));
#14828 = FILL_AREA_STYLE_COLOUR('',#12505);
#14829 = STYLED_ITEM('color',(#14830),#3483);
#14830 = PRESENTATION_STYLE_ASSIGNMENT((#14831));
#14831 = SURFACE_STYLE_USAGE(.BOTH.,#14832);
#14832 = SURFACE_SIDE_STYLE('',(#14833));
#14833 = SURFACE_STYLE_FILL_AREA(#14834);
#14834 = FILL_AREA_STYLE('',(#14835));
#14835 = FILL_AREA_STYLE_COLOUR('',#12505);
#14836 = STYLED_ITEM('color',(#14837),#3495);
#14837 = PRESENTATION_STYLE_ASSIGNMENT((#14838));
#14838 = SURFACE_STYLE_USAGE(.BOTH.,#14839);
#14839 = SURFACE_SIDE_STYLE('',(#14840));
#14840 = SURFACE_STYLE_FILL_AREA(#14841);
#14841 = FILL_AREA_STYLE('',(#14842));
#14842 = FILL_AREA_STYLE_COLOUR('',#12505);
#14843 = MECHANICAL_DESIGN_GEOMETRIC_PRESENTATION_REPRESENTATION('',(
    #14844),#12205);
#14844 = STYLED_ITEM('color',(#14845),#10612);
#14845 = PRESENTATION_STYLE_ASSIGNMENT((#14846));
#14846 = SURFACE_STYLE_USAGE(.BOTH.,#14847);
#14847 = SURFACE_SIDE_STYLE('',(#14848));
#14848 = SURFACE_STYLE_FILL_AREA(#14849);
#14849 = FILL_AREA_STYLE('',(#14850));
#14850 = FILL_AREA_STYLE_COLOUR('',#14851);
#14851 = COLOUR_RGB('',0.313304153717,0.484529207832,0.410020903123);
ENDSEC;
END-ISO-10303-21;
